"","CBOE Volatility Index (VIX)_history.csv Date","CBOE Volatility Index (VIX)_history.csv Price","CBOE Volatility Index (VIX)_history.csv Open","CBOE Volatility Index (VIX)_history.csv High","CBOE Volatility Index (VIX)_history.csv Low","CBOE Volatility Index (VIX)_history.csv Volume"
"1",2009-01-02,39.19,39.58,39.82,36.88,
"2",2009-01-05,39.08,39.24,40.22,38.3,
"3",2009-01-06,38.56,38.06,39.33,37.34,
"4",2009-01-07,43.39,40.29,43.82,40.12,
"5",2009-01-08,42.56,43.38,44.6,42.56,
"6",2009-01-09,42.82,41.18,43.13,41.05,
"7",2009-01-12,45.84,42.06,46.62,41.94,
"8",2009-01-13,43.27,45.84,47.08,43.23,
"9",2009-01-14,49.14,46.24,51.55,46.14,
"10",2009-01-15,51,49.14,55.16,49.14,
"11",2009-01-16,46.11,51,51,45.96,
"12",2009-01-20,56.65,50.12,57.36,49.27,
"13",2009-01-21,46.42,51.52,54.12,46.15,
"14",2009-01-22,47.29,50.65,51.76,46.51,
"15",2009-01-23,47.27,50.39,51.11,46.43,
"16",2009-01-26,45.69,47.89,47.93,44.29,
"17",2009-01-27,42.25,45.11,45.93,42.2,
"18",2009-01-28,39.66,42.25,42.25,38.09,
"19",2009-01-29,42.63,41.34,43.03,41.12,
"20",2009-01-30,44.84,42.63,45.53,42.09,
"21",2009-02-02,45.52,49.42,49.54,45.26,
"22",2009-02-03,43.06,45.52,45.52,42.43,
"23",2009-02-04,43.85,43.06,44.52,41.39,
"24",2009-02-05,43.73,43.83,46.23,42.32,
"25",2009-02-06,43.37,43.71,43.71,41.2,
"26",2009-02-09,43.64,45.4,45.45,43.04,
"27",2009-02-10,46.67,45.14,48.12,44.18,
"28",2009-02-11,44.53,46.67,46.67,44.5,
"29",2009-02-12,41.25,44.52,47.58,41.21,
"30",2009-02-13,42.93,41.6,43.02,40.73,
"31",2009-02-17,48.66,48.14,51.18,46.96,
"32",2009-02-18,48.46,48.66,50.29,46,
"33",2009-02-19,47.08,48.54,48.54,44.81,
"34",2009-02-20,49.3,47.08,52.04,47.08,
"35",2009-02-23,52.62,49.3,53.16,48.97,
"36",2009-02-24,45.49,52.5,52.56,44.28,
"37",2009-02-25,44.67,45.73,47.23,42.84,
"38",2009-02-26,44.66,43.75,45.33,41.91,
"39",2009-02-27,46.35,44.66,47.34,44.46,
"40",2009-03-02,52.65,49.96,53.25,48.35,
"41",2009-03-03,50.93,52.65,52.76,48.5,
"42",2009-03-04,47.56,48.02,48.83,45.02,
"43",2009-03-05,50.17,47.56,51.95,46.98,
"44",2009-03-06,49.33,50.17,51.95,47.65,
"45",2009-03-09,49.68,49.35,51.34,48.4,
"46",2009-03-10,44.37,49.68,49.68,43.88,
"47",2009-03-11,43.61,43.35,44.26,42.36,
"48",2009-03-12,41.18,43.53,43.98,40.75,
"49",2009-03-13,42.36,40.99,43.52,40.03,
"50",2009-03-16,43.74,42.36,44.23,42.36,
"51",2009-03-17,40.8,44.23,44.59,40.74,
"52",2009-03-18,40.06,41.14,42.39,38.98,
"53",2009-03-19,43.68,40.06,44.17,38.79,
"54",2009-03-20,45.89,43.6,47.63,43.07,
"55",2009-03-23,43.23,45.89,45.89,41.27,
"56",2009-03-24,42.93,43.24,44,41.63,
"57",2009-03-25,42.25,42.35,44.2,40.81,
"58",2009-03-26,40.36,42.25,42.25,40.17,
"59",2009-03-27,41.04,40.36,42.13,40.36,
"60",2009-03-30,45.54,44.86,46.28,44.86,
"61",2009-03-31,44.14,45.54,45.54,42.27,
"62",2009-04-01,42.28,45.42,45.6,42.26,
"63",2009-04-02,42.04,42.28,42.68,40.3,
"64",2009-04-03,39.7,42.03,42.03,39.64,
"65",2009-04-06,40.93,41.96,43.02,40.83,
"66",2009-04-07,40.39,41.48,42.5,40.36,
"67",2009-04-08,38.85,40.39,40.86,38.7,
"68",2009-04-09,36.53,37.22,37.74,36.53,
"69",2009-04-13,37.81,38.32,38.91,37.51,
"70",2009-04-14,37.67,37.95,38.5,36.88,
"71",2009-04-15,36.17,37.85,38.06,36.1,
"72",2009-04-16,35.79,36.04,36.8,34.88,
"73",2009-04-17,33.94,35.36,35.52,33.68,
"74",2009-04-20,39.18,33.94,39.58,33.94,
"75",2009-04-21,37.14,40.27,40.29,36.95,
"76",2009-04-22,38.1,37.14,38.19,36.01,
"77",2009-04-23,37.15,38.1,38.52,37.01,
"78",2009-04-24,36.82,36.86,37.53,36.37,
"79",2009-04-27,38.32,39.46,39.52,37.97,
"80",2009-04-28,37.95,39.43,39.64,37.42,
"81",2009-04-29,36.08,37.95,37.95,35.37,
"82",2009-04-30,36.5,36.09,36.71,34.5,
"83",2009-05-01,35.3,36.5,36.88,34.88,
"84",2009-05-04,34.53,35.3,36.24,34.31,
"85",2009-05-05,33.36,34.54,35.14,33.36,
"86",2009-05-06,32.45,33.36,33.7,32.43,
"87",2009-05-07,33.44,32.1,34.56,31.91,
"88",2009-05-08,32.05,32.36,32.72,31.19,
"89",2009-05-11,32.87,32.05,34.08,32.05,
"90",2009-05-12,31.8,32.68,33.29,31.57,
"91",2009-05-13,33.65,32.97,33.99,32.56,
"92",2009-05-14,31.37,33.65,33.96,31.32,
"93",2009-05-15,33.12,31.36,33.61,30.59,
"94",2009-05-18,30.24,32.91,32.91,30,
"95",2009-05-19,28.8,30.23,30.32,28.35,
"96",2009-05-20,29.03,27.47,29.16,26.57,
"97",2009-05-21,31.35,29.03,32.77,29.03,
"98",2009-05-22,32.63,31.36,32.71,30.57,
"99",2009-05-26,30.62,34.57,34.57,30.38,
"100",2009-05-27,32.36,30.8,32.53,29.62,
"101",2009-05-28,31.67,31.54,33.32,31.1,
"102",2009-05-29,28.92,31.67,31.67,28.85,
"103",2009-06-01,30.04,28.7,30.05,28.45,
"104",2009-06-02,29.63,30.04,30.13,28.3,
"105",2009-06-03,31.02,29.62,31.79,29.62,
"106",2009-06-04,30.18,31.02,31.02,29.92,
"107",2009-06-05,29.62,29.39,30.81,28.85,
"108",2009-06-08,29.77,30.88,31.82,29.33,
"109",2009-06-09,28.27,29.77,29.77,27.79,
"110",2009-06-10,28.46,26.9,29.74,26.9,
"111",2009-06-11,28.11,27.36,28.11,26.81,
"112",2009-06-12,28.15,28.08,28.5,27.73,
"113",2009-06-15,30.81,29.7,31.09,29.64,
"114",2009-06-16,32.68,30.81,32.75,30.07,
"115",2009-06-17,31.54,31.19,32.77,30.64,
"116",2009-06-18,30.03,31.54,31.54,29.6,
"117",2009-06-19,27.99,29.16,29.32,27.56,
"118",2009-06-22,31.17,30.4,32.05,30.3,
"119",2009-06-23,30.58,31.3,31.54,30.19,
"120",2009-06-24,29.05,30.58,30.58,28.79,
"121",2009-06-25,26.36,29.45,29.56,26.3,
"122",2009-06-26,25.93,27.09,27.22,25.76,
"123",2009-06-29,25.35,25.93,27.18,25.29,
"124",2009-06-30,26.35,25.36,27.38,25.02,
"125",2009-07-01,26.22,25.73,26.31,24.8,
"126",2009-07-02,27.95,26.22,28.62,26.22,
"127",2009-07-06,29,30.32,30.6,28.99,
"128",2009-07-07,30.85,29,30.94,28.9,
"129",2009-07-08,31.3,30.85,33.05,30.43,
"130",2009-07-09,29.78,30.23,30.49,29.28,
"131",2009-07-10,29.02,29.78,30.34,28.82,
"132",2009-07-13,26.31,28.36,29.24,25.42,
"133",2009-07-14,25.02,26.31,26.84,24.99,
"134",2009-07-15,25.89,25.05,26.06,23.83,
"135",2009-07-16,25.42,25.96,26.18,24.51,
"136",2009-07-17,24.34,25.42,25.55,23.88,
"137",2009-07-20,24.4,25.06,25.42,24.26,
"138",2009-07-21,23.87,24.28,25.14,23.81,
"139",2009-07-22,23.47,24.05,24.14,23.24,
"140",2009-07-23,23.43,23.71,24.05,23.21,
"141",2009-07-24,23.09,23.87,23.87,23,
"142",2009-07-27,24.28,24.06,24.86,24.02,
"143",2009-07-28,25.01,24.28,25.61,24.28,
"144",2009-07-29,25.61,25.47,26.18,25.41,
"145",2009-07-30,25.4,25.4,25.76,24.85,
"146",2009-07-31,25.92,25.4,26.22,24.93,
"147",2009-08-03,25.56,25.92,26.49,25.56,
"148",2009-08-04,24.89,25.55,26.16,24.89,
"149",2009-08-05,24.9,24.91,25.85,24.86,
"150",2009-08-06,25.67,24.9,26.15,24.47,
"151",2009-08-07,24.76,24.71,24.95,23.98,
"152",2009-08-10,24.99,24.76,25.82,24.76,
"153",2009-08-11,25.99,24.98,26.98,24.98,
"154",2009-08-12,25.45,25.99,26.5,25.11,
"155",2009-08-13,24.71,25.34,26.15,24.71,
"156",2009-08-14,24.27,24.77,25.94,24.26,
"157",2009-08-17,27.89,24.27,28.39,24.27,
"158",2009-08-18,26.18,27.89,27.89,26.08,
"159",2009-08-19,26.26,28.08,28.14,26.14,
"160",2009-08-20,25.09,26.45,26.45,24.75,
"161",2009-08-21,25.01,24.49,25.06,23.91,
"162",2009-08-24,25.14,25.01,25.7,25.01,
"163",2009-08-25,24.92,25.13,25.13,23.68,
"164",2009-08-26,24.95,24.91,25.56,24.69,
"165",2009-08-27,24.68,25.13,25.89,24.43,
"166",2009-08-28,24.76,24.44,25.5,24.28,
"167",2009-08-31,26.01,24.76,27.01,24.76,
"168",2009-09-01,29.15,26.01,29.23,26,
"169",2009-09-02,28.9,29.14,29.57,28.41,
"170",2009-09-03,27.1,28.9,28.9,26.98,
"171",2009-09-04,25.26,26.98,26.98,24.86,
"172",2009-09-08,25.62,25.26,26.15,25.26,
"173",2009-09-09,24.32,25.66,25.93,24.23,
"174",2009-09-10,23.55,24.4,24.76,22.82,
"175",2009-09-11,24.15,23.49,24.33,22.48,
"176",2009-09-14,23.86,25.39,25.39,23.32,
"177",2009-09-15,23.42,23.9,24.27,23.07,
"178",2009-09-16,23.69,23.29,23.92,22.78,
"179",2009-09-17,23.65,23.99,24.07,22.79,
"180",2009-09-18,23.92,23.65,24.43,23.14,
"181",2009-09-21,24.06,25.34,25.51,23.71,
"182",2009-09-22,23.08,23.81,23.98,23.06,
"183",2009-09-23,23.49,22.9,23.69,22.19,
"184",2009-09-24,24.95,23.67,25.37,23.44,
"185",2009-09-25,25.61,25.18,26.34,24.81,
"186",2009-09-28,24.88,26.26,26.4,24.85,
"187",2009-09-29,25.19,24.88,25.28,24.54,
"188",2009-09-30,25.61,25.19,26.45,24.76,
"189",2009-10-01,28.27,25.98,28.42,25.98,
"190",2009-10-02,28.68,29.34,29.56,27.98,
"191",2009-10-05,26.84,29.34,29.34,26.57,
"192",2009-10-06,25.7,26.39,26.41,25.19,
"193",2009-10-07,24.68,25.78,25.82,24.57,
"194",2009-10-08,24.18,24.68,24.69,23.9,
"195",2009-10-09,23.12,24.39,24.54,22.99,
"196",2009-10-12,23.01,23.12,23.53,22.67,
"197",2009-10-13,22.99,23,24.07,22.74,
"198",2009-10-14,22.86,22.08,22.89,21.55,
"199",2009-10-15,21.72,23.51,23.53,21.49,
"200",2009-10-16,21.43,21.72,22.6,20.98,
"201",2009-10-19,21.49,21.41,22.46,20.91,
"202",2009-10-20,20.9,21.55,21.76,20.9,
"203",2009-10-21,22.22,20.9,22.48,20.1,
"204",2009-10-22,20.69,22.22,22.77,20.33,
"205",2009-10-23,22.27,20.7,22.59,20.34,
"206",2009-10-26,24.31,23.06,24.86,21.89,
"207",2009-10-27,24.83,24.38,25.22,24.03,
"208",2009-10-28,27.91,24.83,27.94,24.83,
"209",2009-10-29,24.76,27.16,27.19,24.68,
"210",2009-10-30,30.69,24.76,31.59,24.76,
"211",2009-11-02,29.78,30.7,31.84,28.07,
"212",2009-11-03,28.81,30.62,30.8,28.77,
"213",2009-11-04,27.72,28.81,28.81,26.61,
"214",2009-11-05,25.43,27.28,27.39,25.41,
"215",2009-11-06,24.19,26.17,26.17,24.06,
"216",2009-11-09,23.15,24.19,24.24,22.78,
"217",2009-11-10,22.84,23.15,23.53,22.78,
"218",2009-11-11,23.04,22.84,23.68,21.61,
"219",2009-11-12,24.24,23.04,24.61,22.91,
"220",2009-11-13,23.36,24.25,24.43,23.22,
"221",2009-11-16,22.89,23.36,23.42,22.02,
"222",2009-11-17,22.41,22.81,23.33,22.27,
"223",2009-11-18,21.63,22.35,22.65,21.63,
"224",2009-11-19,22.63,21.63,24.2,21.63,
"225",2009-11-20,22.19,23.45,23.45,22.14,
"226",2009-11-23,21.16,21.98,21.98,20.9,
"227",2009-11-24,20.47,21.28,21.87,20.35,
"228",2009-11-25,20.48,20.23,20.57,20.05,
"229",2009-11-27,24.74,25.75,25.93,23.12,
"230",2009-11-30,24.51,24.95,25.57,24.19,
"231",2009-12-01,21.92,24.51,24.51,21.88,
"232",2009-12-02,21.12,21.89,22.19,21.01,
"233",2009-12-03,22.46,21.15,22.5,20.61,
"234",2009-12-04,21.25,21.18,22.76,20.62,
"235",2009-12-07,22.1,22.32,22.46,21.6,
"236",2009-12-08,23.69,23.28,23.97,22.84,
"237",2009-12-09,22.66,23.21,24.2,22.54,
"238",2009-12-10,22.32,22.66,22.66,21.77,
"239",2009-12-11,21.59,21.45,22.31,21.39,
"240",2009-12-14,21.15,21.59,21.59,20.57,
"241",2009-12-15,21.49,21.09,21.87,20.91,
"242",2009-12-16,20.54,20.89,21.2,20.46,
"243",2009-12-17,22.51,21.89,22.86,21.4,
"244",2009-12-18,21.68,21.84,23.02,21.68,
"245",2009-12-21,20.49,21.46,21.51,20.28,
"246",2009-12-22,19.54,20.39,20.4,19.54,
"247",2009-12-23,19.71,19.54,19.97,19.35,
"248",2009-12-24,19.47,19.67,19.67,19.25,
"249",2009-12-28,19.93,20.29,20.53,19.9,
"250",2009-12-29,20.01,19.87,20.12,19.62,
"251",2009-12-30,19.96,20.36,20.44,19.93,
"252",2009-12-31,21.68,19.96,21.83,19.89,
"253",2010-01-04,20.04,21.68,21.68,20.03,
"254",2010-01-05,19.35,20.05,20.13,19.34,
"255",2010-01-06,19.16,19.59,19.68,18.77,
"256",2010-01-07,19.06,19.68,19.71,18.7,
"257",2010-01-08,18.13,19.27,19.27,18.11,
"258",2010-01-11,17.55,16.93,17.74,16.86,
"259",2010-01-12,18.25,17.95,19.46,17.95,
"260",2010-01-13,17.85,17.94,18.72,17.56,
"261",2010-01-14,17.63,18.16,18.27,17.38,
"262",2010-01-15,17.91,17.63,19.02,17.63,
"263",2010-01-19,17.58,18.63,18.85,17.33,
"264",2010-01-20,18.68,18.51,19.69,18.44,
"265",2010-01-21,22.27,18.59,22.3,18.27,
"266",2010-01-22,27.31,22.27,28.01,22.27,
"267",2010-01-25,25.41,27.32,27.32,24.61,
"268",2010-01-26,24.55,26.03,26.22,22.77,
"269",2010-01-27,23.14,24.81,25.69,23.14,
"270",2010-01-28,23.73,22.79,25.3,22.69,
"271",2010-01-29,24.62,23.73,25.03,22.11,
"272",2010-02-01,22.59,24.33,24.33,22.58,
"273",2010-02-02,21.48,22.59,22.99,21.08,
"274",2010-02-03,21.6,22.11,22.11,21.33,
"275",2010-02-04,26.08,22.63,26.32,22.63,
"276",2010-02-05,26.11,25.69,29.22,25.37,
"277",2010-02-08,26.51,26.11,27.11,25.48,
"278",2010-02-09,26,26.51,26.56,24.78,
"279",2010-02-10,25.4,26.36,26.77,24.8,
"280",2010-02-11,23.96,25.82,26.11,23.87,
"281",2010-02-12,22.73,23.96,25.54,22.73,
"282",2010-02-16,22.25,23.51,23.57,22.13,
"283",2010-02-17,21.72,22.25,22.6,21.7,
"284",2010-02-18,20.63,21.72,22.21,20.6,
"285",2010-02-19,20.02,21.07,21.14,19.71,
"286",2010-02-22,19.94,20.16,21,19.59,
"287",2010-02-23,21.37,20.39,21.94,20.06,
"288",2010-02-24,20.27,21.23,21.58,20.22,
"289",2010-02-25,20.1,22.03,22.68,20.06,
"290",2010-02-26,19.5,19.88,20.53,19.32,
"291",2010-03-01,19.26,19.93,19.94,19.18,
"292",2010-03-02,19.06,18.83,19.36,18.6,
"293",2010-03-03,18.83,18.95,19.3,18.42,
"294",2010-03-04,18.72,18.86,19.27,18.58,
"295",2010-03-05,17.42,18.06,18.15,17.23,
"296",2010-03-08,17.79,17.95,17.96,17.56,
"297",2010-03-09,17.92,18.18,18.19,17.51,
"298",2010-03-10,18.57,18,18.6,17.43,
"299",2010-03-11,18.06,18.9,19.34,18.06,
"300",2010-03-12,17.58,17.97,18.53,17.58,
"301",2010-03-15,18,18.28,18.78,17.96,
"302",2010-03-16,17.69,17.78,18.01,17.42,
"303",2010-03-17,16.91,16.97,17.17,16.52,
"304",2010-03-18,16.62,16.96,16.99,16.31,
"305",2010-03-19,16.97,16.17,17.57,16.17,
"306",2010-03-22,16.87,18.3,18.34,16.77,
"307",2010-03-23,16.35,16.84,17.09,16.21,
"308",2010-03-24,17.55,16.85,17.92,16.83,
"309",2010-03-25,18.4,17.07,18.54,16.62,
"310",2010-03-26,17.77,18.27,18.69,17.35,
"311",2010-03-29,17.59,18.17,18.28,17.57,
"312",2010-03-30,17.13,17.64,18.08,17.13,
"313",2010-03-31,17.59,17.66,17.92,17.29,
"314",2010-04-01,17.47,17.01,18.09,16.79,
"315",2010-04-05,17.02,17.96,18.16,17.02,
"316",2010-04-06,16.23,17.39,17.54,16.08,
"317",2010-04-07,16.62,16.72,17.21,16.16,
"318",2010-04-08,16.48,17.21,17.8,16.3,
"319",2010-04-09,16.14,16.32,16.65,16.06,
"320",2010-04-12,15.58,15.67,16,15.23,
"321",2010-04-13,16.2,15.98,16.77,15.81,
"322",2010-04-14,15.59,15.8,16.38,15.55,
"323",2010-04-15,15.89,15.87,16.5,15.68,
"324",2010-04-16,18.36,16.19,19.7,16.11,
"325",2010-04-19,17.34,19.14,19.55,17.34,
"326",2010-04-20,15.73,16.84,16.89,15.73,
"327",2010-04-21,16.32,15.94,16.85,15.5,
"328",2010-04-22,16.47,17.48,18.19,16.2,
"329",2010-04-23,16.62,16.62,16.71,16.12,
"330",2010-04-26,17.47,17.52,17.53,17.07,
"331",2010-04-27,22.81,18.13,23.2,17.94,
"332",2010-04-28,21.08,22.08,23.03,20.86,
"333",2010-04-29,18.44,20.37,20.37,18.44,
"334",2010-04-30,22.05,18.75,22.39,18.41,
"335",2010-05-03,20.19,22.41,22.41,19.61,
"336",2010-05-04,23.84,22.46,25.7,22.46,
"337",2010-05-05,24.91,25.96,27.23,23.75,
"338",2010-05-06,32.8,25.88,40.71,24.43,
"339",2010-05-07,40.95,32.76,42.15,31.71,
"340",2010-05-10,28.84,28.65,30.89,25.68,
"341",2010-05-11,28.32,31.04,31.04,25.86,
"342",2010-05-12,25.52,26.56,26.67,24.98,
"343",2010-05-13,26.68,26.17,26.85,24.3,
"344",2010-05-14,31.24,28.4,33.24,28.4,
"345",2010-05-17,30.84,31.33,35.25,30.76,
"346",2010-05-18,33.55,28.67,34.17,28.09,
"347",2010-05-19,35.32,34.65,38.42,33.07,
"348",2010-05-20,45.79,41.79,46.37,40.3,
"349",2010-05-21,40.1,47.66,48.2,38.95,
"350",2010-05-24,38.32,41.74,41.74,35.57,
"351",2010-05-25,34.61,43.15,43.74,34.59,
"352",2010-05-26,35.02,32.54,35.02,24.1,
"353",2010-05-27,29.68,30.24,31.03,29.54,
"354",2010-05-28,32.07,30.23,33.3,29.53,
"355",2010-06-01,35.54,34.87,35.68,31.82,
"356",2010-06-02,30.17,34.39,34.57,29.94,
"357",2010-06-03,29.46,29.65,31.2,29.12,
"358",2010-06-04,35.48,32.93,36.12,31.81,
"359",2010-06-07,36.57,35.66,36.8,34.43,
"360",2010-06-08,33.7,36.53,37.38,33.36,
"361",2010-06-09,33.73,32.33,34.12,30.23,
"362",2010-06-10,30.57,31,31.77,29.69,
"363",2010-06-11,28.79,31.79,31.79,28.6,
"364",2010-06-14,28.58,27.94,28.72,26.98,
"365",2010-06-15,25.87,27.68,27.84,25.68,
"366",2010-06-16,25.92,26.72,26.72,25.34,
"367",2010-06-17,25.05,25.59,26.64,25.05,
"368",2010-06-18,23.95,24.87,24.88,23.3,
"369",2010-06-21,24.88,22.9,25.64,22.87,
"370",2010-06-22,27.05,25.14,27.05,24.41,
"371",2010-06-23,26.91,26.93,28.55,26.54,
"372",2010-06-24,29.74,27.61,30.27,27.53,
"373",2010-06-25,28.53,29.64,30.41,28.07,
"374",2010-06-28,29,29.2,29.9,28.47,
"375",2010-06-29,34.13,31.22,35.39,31.22,
"376",2010-06-30,34.54,33.95,34.63,31.74,
"377",2010-07-01,32.86,34.41,37.58,32.72,
"378",2010-07-02,30.12,31.71,31.88,29.35,
"379",2010-07-06,29.65,28.82,31.15,27.96,
"380",2010-07-07,26.84,29.56,29.56,26.84,
"381",2010-07-08,25.71,26.5,27.42,25.71,
"382",2010-07-09,24.98,25.35,25.67,24.37,
"383",2010-07-12,24.43,24.66,25.14,23.53,
"384",2010-07-13,24.56,23.29,24.57,23.12,
"385",2010-07-14,24.89,24.61,25.8,24.18,
"386",2010-07-15,25.14,25.08,27.24,24.74,
"387",2010-07-16,26.25,25.77,28.16,25.71,
"388",2010-07-19,25.97,27.02,27.3,25.12,
"389",2010-07-20,23.93,27.35,27.4,23.79,
"390",2010-07-21,25.64,23.61,26.63,23.59,
"391",2010-07-22,24.63,24.37,24.85,23.72,
"392",2010-07-23,23.47,24.79,25.17,23.32,
"393",2010-07-26,22.73,24.37,24.61,22.7,
"394",2010-07-27,23.19,21.89,23.57,21.86,
"395",2010-07-28,24.25,23.93,24.54,22.24,
"396",2010-07-29,24.13,23.4,25.54,23.04,
"397",2010-07-30,23.5,25.47,27.32,23.35,
"398",2010-08-02,22.01,23.07,23.24,21.74,
"399",2010-08-03,22.63,22.44,23.06,21.98,
"400",2010-08-04,22.21,22.69,23.69,22.16,
"401",2010-08-05,22.1,23.04,23.13,22.07,
"402",2010-08-06,21.74,23.34,23.89,21.72,
"403",2010-08-09,22.14,21.85,22.87,21.36,
"404",2010-08-10,22.37,23.3,24.24,22.17,
"405",2010-08-11,25.39,24.96,26.1,24.96,
"406",2010-08-12,25.73,27.21,27.21,25.18,
"407",2010-08-13,26.24,26.08,26.26,25.45,
"408",2010-08-16,26.1,27.41,28.1,25.38,
"409",2010-08-17,24.33,24.72,24.89,23.71,
"410",2010-08-18,24.59,24.3,25.23,23.4,
"411",2010-08-19,26.44,24.48,26.78,24.26,
"412",2010-08-20,25.49,26.73,27,25.49,
"413",2010-08-23,25.66,25.97,25.97,24.62,
"414",2010-08-24,27.46,27.91,28.77,26.32,
"415",2010-08-25,26.7,28.3,28.92,26.46,
"416",2010-08-26,27.37,26.45,27.55,25.86,
"417",2010-08-27,24.45,26.5,28.11,24.41,
"418",2010-08-30,27.21,25.88,27.21,25.41,
"419",2010-08-31,26.05,27.58,27.83,25.93,
"420",2010-09-01,23.89,25.13,25.13,23.86,
"421",2010-09-02,23.19,24.23,24.31,23.15,
"422",2010-09-03,21.31,21.99,22.78,21.24,
"423",2010-09-07,23.8,22.77,23.94,22.77,
"424",2010-09-08,23.25,23.51,23.56,22.92,
"425",2010-09-09,22.81,22.22,23.24,22.14,
"426",2010-09-10,21.99,22.64,22.87,21.76,
"427",2010-09-13,21.21,21.06,22.05,20.93,
"428",2010-09-14,21.56,21.69,21.97,20.85,
"429",2010-09-15,22.1,22.55,22.8,22.1,
"430",2010-09-16,21.72,22.65,22.83,21.71,
"431",2010-09-17,22.01,21.65,22.56,21.63,
"432",2010-09-20,21.5,22.47,22.58,21.25,
"433",2010-09-21,22.35,21.54,22.59,21.42,
"434",2010-09-22,22.51,22.56,23.19,21.91,
"435",2010-09-23,23.87,23.91,24.06,22.56,
"436",2010-09-24,21.71,22.61,22.61,21.71,
"437",2010-09-27,22.54,22.58,22.75,21.97,
"438",2010-09-28,22.6,22.92,24.28,22.4,
"439",2010-09-29,23.25,23.14,23.45,22.72,
"440",2010-09-30,23.7,22.85,24.52,22.39,
"441",2010-10-01,22.5,22.9,23.67,22.46,
"442",2010-10-04,23.53,23.63,24.34,23.3,
"443",2010-10-05,21.76,22.52,23.08,21.71,
"444",2010-10-06,21.49,21.82,22.13,21.46,
"445",2010-10-07,21.56,21.31,22.16,21.28,
"446",2010-10-08,20.71,21.58,21.64,20.29,
"447",2010-10-11,18.96,19.33,19.51,18.8,
"448",2010-10-12,18.93,20,20.1,18.55,
"449",2010-10-13,19.07,17.92,19.16,17.9,
"450",2010-10-14,19.88,19.59,21.02,19.4,
"451",2010-10-15,19.03,20.2,21.59,19.02,
"452",2010-10-18,19.09,20.43,20.71,18.88,
"453",2010-10-19,20.63,20.7,21.35,19.33,
"454",2010-10-20,19.79,21.2,21.2,19.67,
"455",2010-10-21,19.27,19.7,20.53,18.93,
"456",2010-10-22,18.78,19.36,19.36,18.76,
"457",2010-10-25,19.85,19.22,19.88,18.86,
"458",2010-10-26,20.22,20.52,21.01,20.22,
"459",2010-10-27,20.71,21.11,22.37,20.69,
"460",2010-10-28,20.88,20.28,21.41,20.18,
"461",2010-10-29,21.2,21.2,21.4,20.86,
"462",2010-11-01,21.83,21.65,22.54,20.92,
"463",2010-11-02,21.57,21.34,21.82,21.22,
"464",2010-11-03,19.56,21.66,22.02,19.54,
"465",2010-11-04,18.52,18.03,18.8,17.97,
"466",2010-11-05,18.26,18.07,18.44,17.92,
"467",2010-11-08,18.29,19.33,19.35,18.21,
"468",2010-11-09,19.08,18.51,19.39,17.83,
"469",2010-11-10,18.47,18.94,19.96,18.41,
"470",2010-11-11,18.64,19.44,19.75,18.48,
"471",2010-11-12,20.61,19.59,21.23,19.29,
"472",2010-11-15,20.2,20.33,20.37,19.14,
"473",2010-11-16,22.58,21.26,23.07,20.95,
"474",2010-11-17,21.76,22.19,22.21,21.22,
"475",2010-11-18,18.75,20.31,20.31,18.75,
"476",2010-11-19,18.04,19.15,19.72,17.76,
"477",2010-11-22,18.37,19.45,20.14,18.35,
"478",2010-11-23,20.63,20.25,21.45,20.24,
"479",2010-11-24,19.56,19.42,19.61,18.73,
"480",2010-11-26,22.22,21.17,22.22,20.28,
"481",2010-11-29,21.53,23.15,23.84,21.38,
"482",2010-11-30,23.54,23.27,23.79,22.42,
"483",2010-12-01,21.36,21.19,21.43,20.4,
"484",2010-12-02,19.39,21.13,21.13,19.1,
"485",2010-12-03,18.01,19.26,19.28,17.71,
"486",2010-12-06,18.02,18.8,18.85,17.95,
"487",2010-12-07,17.99,17.13,18.15,17.13,
"488",2010-12-08,17.74,17.97,18.32,17.69,
"489",2010-12-09,17.25,17.32,17.84,17.24,
"490",2010-12-10,17.61,17.06,17.63,17.06,
"491",2010-12-13,17.55,16.82,17.67,16.68,
"492",2010-12-14,17.61,17.6,17.95,17.22,
"493",2010-12-15,17.94,17.99,18.14,17.37,
"494",2010-12-16,17.39,18.03,18.27,16.88,
"495",2010-12-17,16.11,17.62,17.64,15.46,
"496",2010-12-20,16.41,16.22,16.86,15.78,
"497",2010-12-21,16.49,16.2,16.62,16.08,
"498",2010-12-22,15.45,16.52,16.56,15.45,
"499",2010-12-23,16.47,15.44,16.86,15.4,
"500",2010-12-27,17.67,18.26,18.32,17.66,
"501",2010-12-28,17.52,17.3,17.99,17.3,
"502",2010-12-29,17.28,17.49,17.49,17.02,
"503",2010-12-30,17.52,17.65,17.89,17.46,
"504",2010-12-31,17.75,17.91,18.13,17.75,
"505",2011-01-03,17.61,17.94,17.95,16.91,
"506",2011-01-04,17.38,17.34,18.24,17.33,
"507",2011-01-05,17.02,17.81,17.95,16.86,
"508",2011-01-06,17.4,16.8,17.56,16.79,
"509",2011-01-07,17.14,17.31,18.07,16.57,
"510",2011-01-10,17.54,18.35,18.63,17.54,
"511",2011-01-11,16.89,16.61,17.35,16.6,
"512",2011-01-12,16.24,16.26,16.5,16.17,
"513",2011-01-13,16.39,16.51,16.78,16.14,
"514",2011-01-14,15.46,16.67,16.71,15.37,
"515",2011-01-18,15.87,16.19,16.2,15.71,
"516",2011-01-19,17.31,15.89,17.67,15.86,
"517",2011-01-20,17.99,17.81,18.85,17.65,
"518",2011-01-21,18.47,17.03,18.61,16.6,
"519",2011-01-24,17.65,18.78,18.93,17.56,
"520",2011-01-25,17.59,18.22,18.55,17.59,
"521",2011-01-26,16.64,17,17.42,16.59,
"522",2011-01-27,16.15,16.84,16.89,15.81,
"523",2011-01-28,20.04,15.94,20.08,15.92,
"524",2011-01-31,19.53,19.61,19.96,17.1,
"525",2011-02-01,17.63,18.59,18.63,17.4,
"526",2011-02-02,17.3,17.82,17.84,17.28,
"527",2011-02-03,16.69,17.53,17.8,16.61,
"528",2011-02-04,15.93,16.64,16.74,15.89,
"529",2011-02-07,16.28,16.14,16.54,15.84,
"530",2011-02-08,15.81,16.29,16.6,14.86,
"531",2011-02-09,15.87,16.27,16.52,15.86,
"532",2011-02-10,16.09,16.74,17.07,16,
"533",2011-02-11,15.69,16.53,16.53,15.55,
"534",2011-02-14,15.95,16.07,16.26,15.22,
"535",2011-02-15,16.37,16.3,16.75,16.27,
"536",2011-02-16,16.72,16.31,16.74,15.84,
"537",2011-02-17,16.59,17.01,17.3,15.88,
"538",2011-02-18,16.43,16.59,16.91,15.54,
"539",2011-02-22,20.8,19.46,21.45,18.38,
"540",2011-02-23,22.13,20.84,23.22,20.3,
"541",2011-02-24,21.32,22.28,22.71,20.81,
"542",2011-02-25,19.22,20.41,20.44,18.88,
"543",2011-02-28,18.35,19.12,19.27,18.14,
"544",2011-03-01,21.01,17.63,21.01,17.63,
"545",2011-03-02,20.7,20.73,21.14,19.62,
"546",2011-03-03,18.6,19.27,19.27,18.25,
"547",2011-03-04,19.06,18.56,20.33,18.31,
"548",2011-03-07,20.66,19.37,21.77,18.95,
"549",2011-03-08,19.82,20.58,21.06,19.15,
"550",2011-03-09,20.22,20.05,20.96,19.41,
"551",2011-03-10,21.88,21.37,22.25,20.34,
"552",2011-03-11,20.08,21.72,21.75,19.97,
"553",2011-03-14,21.13,21.79,22.74,20.92,
"554",2011-03-15,24.32,25.66,25.72,23.31,
"555",2011-03-16,29.4,24.65,31.28,24.04,
"556",2011-03-17,26.37,26.94,27.54,25.44,
"557",2011-03-18,24.44,23.9,24.85,23.09,
"558",2011-03-21,20.61,22.1,22.16,20.22,
"559",2011-03-22,20.21,20.53,20.59,19.97,
"560",2011-03-23,19.17,20.59,21.05,18.19,
"561",2011-03-24,18,18.45,18.99,17.87,
"562",2011-03-25,17.91,17.87,18.08,17.07,
"563",2011-03-28,19.44,18.31,19.44,17.96,
"564",2011-03-29,18.16,19.17,19.78,18,
"565",2011-03-30,17.71,17.82,17.89,17.25,
"566",2011-03-31,17.74,17.9,17.95,17.41,
"567",2011-04-01,17.4,16.68,17.62,16.44,
"568",2011-04-04,17.5,17.63,17.85,17.39,
"569",2011-04-05,17.25,17.87,17.87,16.5,
"570",2011-04-06,16.9,16.75,17.15,16.5,
"571",2011-04-07,17.11,16.92,17.77,16.49,
"572",2011-04-08,17.87,16.51,18.33,16.51,
"573",2011-04-11,16.59,16.74,17.05,16.22,
"574",2011-04-12,17.09,17.58,18.46,16.88,
"575",2011-04-13,16.92,16.33,17.38,16.2,
"576",2011-04-14,16.27,17.77,18.08,16.08,
"577",2011-04-15,15.32,15.97,15.98,14.92,
"578",2011-04-18,16.96,18.3,19.07,16.81,
"579",2011-04-19,15.83,16.62,16.72,15.69,
"580",2011-04-20,15.07,14.31,15.39,14.3,
"581",2011-04-21,14.69,14.71,15.23,14.4,
"582",2011-04-25,15.77,15.64,16.06,15.5,
"583",2011-04-26,15.62,15.36,15.66,15.07,
"584",2011-04-27,15.35,15.37,16.42,15.13,
"585",2011-04-28,14.62,15.54,15.54,14.27,
"586",2011-04-29,14.75,14.56,14.99,14.49,
"587",2011-05-02,15.99,15.07,16.13,15.07,
"588",2011-05-03,16.7,16.35,17.29,16.13,
"589",2011-05-04,17.08,16.84,17.72,16.83,
"590",2011-05-05,18.2,17.68,19.11,16.74,
"591",2011-05-06,18.4,17.17,19.29,16.12,
"592",2011-05-09,17.16,18.59,18.59,17.04,
"593",2011-05-10,15.91,16.84,16.9,15.79,
"594",2011-05-11,16.95,16.27,17.49,16.23,
"595",2011-05-12,16.03,17.27,17.89,16.03,
"596",2011-05-13,17.07,16.02,17.56,15.98,
"597",2011-05-16,18.24,17.86,18.25,16.61,
"598",2011-05-17,17.55,18.54,19.09,17.47,
"599",2011-05-18,16.23,17.56,17.68,16.03,
"600",2011-05-19,15.52,15.9,16.56,15.5,
"601",2011-05-20,17.43,15.88,17.43,15.7,
"602",2011-05-23,18.27,20.03,20.03,17.47,
"603",2011-05-24,17.82,18.07,18.19,17,
"604",2011-05-25,17.07,18.26,18.26,16.7,
"605",2011-05-26,16.09,17.17,17.46,15.9,
"606",2011-05-27,15.98,16.11,16.27,15.36,
"607",2011-05-31,15.45,15.85,16.5,15.15,
"608",2011-06-01,18.3,15.95,18.48,15.95,
"609",2011-06-02,18.09,17.92,18.72,17.39,
"610",2011-06-03,17.95,18.23,19.87,17.12,
"611",2011-06-06,18.49,18.42,18.65,17.65,
"612",2011-06-07,18.07,18.13,18.48,17.39,
"613",2011-06-08,18.79,18.15,18.83,17.72,
"614",2011-06-09,17.77,18.2,18.31,17.26,
"615",2011-06-10,18.86,17.93,19.16,17.93,
"616",2011-06-13,19.61,19.1,20.02,18.41,
"617",2011-06-14,18.26,18.56,18.56,17.8,
"618",2011-06-15,21.32,19.31,21.66,19.03,
"619",2011-06-16,22.73,21.37,24.65,20.81,
"620",2011-06-17,21.85,21.56,22.39,20.35,
"621",2011-06-20,19.99,22.99,23.08,19.99,
"622",2011-06-21,18.86,19.46,19.46,17.72,
"623",2011-06-22,18.52,18.86,18.9,17.72,
"624",2011-06-23,19.29,20.23,21.5,19.22,
"625",2011-06-24,21.1,19.2,21.28,19.1,
"626",2011-06-27,20.56,21.6,21.82,20.27,
"627",2011-06-28,19.17,20.3,20.45,19.17,
"628",2011-06-29,17.27,18.62,18.83,16.32,
"629",2011-06-30,16.52,16.67,16.77,15.88,
"630",2011-07-01,15.87,16.06,16.29,15.12,
"631",2011-07-05,16.06,16.32,16.5,15.89,
"632",2011-07-06,16.34,16.46,17.08,16.32,
"633",2011-07-07,15.95,15.3,16.13,15.3,
"634",2011-07-08,15.95,17.14,17.14,15.95,
"635",2011-07-11,18.39,17.44,19.06,17.16,
"636",2011-07-12,19.87,19.55,20.13,18.25,
"637",2011-07-13,19.91,19.08,20.16,18.09,
"638",2011-07-14,20.8,20.08,21.58,19.35,
"639",2011-07-15,19.53,20.25,21.68,19.52,
"640",2011-07-18,20.95,21.25,21.93,20.9,
"641",2011-07-19,19.21,20.14,20.43,19.12,
"642",2011-07-20,19.09,18.81,19.65,18.61,
"643",2011-07-21,17.56,18.61,18.63,17.15,
"644",2011-07-22,17.52,17.22,17.95,17.14,
"645",2011-07-25,19.35,19.26,19.5,18.73,
"646",2011-07-26,20.23,19.75,20.5,19.56,
"647",2011-07-27,22.98,20.87,23.2,20.87,
"648",2011-07-28,23.74,22.83,23.99,21.2,
"649",2011-07-29,25.25,25.28,25.94,23.65,
"650",2011-08-01,23.66,22.63,25.63,22.46,
"651",2011-08-02,24.79,24.22,24.79,22.65,
"652",2011-08-03,23.38,23.58,25.23,22.76,
"653",2011-08-04,31.66,24.57,32.07,24.31,
"654",2011-08-05,32,28.48,39.25,27.54,
"655",2011-08-08,48,36.9,48,35.29,
"656",2011-08-09,35.06,42.12,47.56,34.28,
"657",2011-08-10,42.99,39.33,44.41,37.34,
"658",2011-08-11,39,41.94,42.88,37.5,
"659",2011-08-12,36.36,37.08,37.85,34.01,
"660",2011-08-15,31.87,34.73,34.83,31.47,
"661",2011-08-16,32.85,33.36,34.49,31.68,
"662",2011-08-17,31.58,32.09,33.32,30.81,
"663",2011-08-18,42.67,36.77,45.28,36.69,
"664",2011-08-19,43.05,45.34,45.4,39.99,
"665",2011-08-22,42.44,38.8,43.58,38.78,
"666",2011-08-23,36.27,41.89,42.33,35.83,
"667",2011-08-24,35.9,37.12,37.38,34.55,
"668",2011-08-25,39.76,34.43,40.14,34.05,
"669",2011-08-26,35.59,41.18,43.84,34.33,
"670",2011-08-29,32.28,33.81,33.81,32.21,
"671",2011-08-30,32.89,32.97,33.55,31.55,
"672",2011-08-31,31.62,31.2,32.53,30.16,
"673",2011-09-01,31.82,31.91,32.38,30.76,
"674",2011-09-02,33.92,34.29,34.74,32.7,
"675",2011-09-06,37,39.84,39.86,37,
"676",2011-09-07,33.38,34.24,34.7,33.38,
"677",2011-09-08,34.32,34.41,34.71,32.79,
"678",2011-09-09,38.52,35.53,40.74,35.53,
"679",2011-09-12,38.59,42.56,43.18,38.58,
"680",2011-09-13,36.91,38.68,39.43,36.69,
"681",2011-09-14,34.6,36.59,37.76,33.4,
"682",2011-09-15,31.97,33.43,33.98,31.75,
"683",2011-09-16,30.98,31.81,32.48,30.43,
"684",2011-09-19,32.73,34.8,35.33,32.35,
"685",2011-09-20,32.86,32.42,33.14,31.45,
"686",2011-09-21,37.32,33,37.32,32.45,
"687",2011-09-22,41.35,41,43.87,39.33,
"688",2011-09-23,41.25,42.17,42.82,40.42,
"689",2011-09-26,39.02,40.99,43.34,39.02,
"690",2011-09-27,37.71,36.59,38.57,35.32,
"691",2011-09-28,41.08,37.7,41.24,36.65,
"692",2011-09-29,38.84,38.62,42,38.03,
"693",2011-09-30,42.96,40.93,42.99,39.88,
"694",2011-10-03,45.45,44.25,45.55,41.51,
"695",2011-10-04,40.82,46.18,46.88,40.02,
"696",2011-10-05,37.81,40.73,41.2,37.51,
"697",2011-10-06,36.27,38.24,38.74,36.15,
"698",2011-10-07,36.2,35.67,37.82,35.19,
"699",2011-10-10,33.02,35.45,35.45,32.96,
"700",2011-10-11,32.86,33.95,34.24,32.62,
"701",2011-10-12,31.26,31.57,31.93,29.79,
"702",2011-10-13,30.7,31.99,32.76,30.48,
"703",2011-10-14,28.24,29.07,29.96,28.08,
"704",2011-10-17,33.39,30.35,33.39,30.12,
"705",2011-10-18,31.56,33.37,34.71,29.69,
"706",2011-10-19,34.44,32.92,35.47,31.91,
"707",2011-10-20,34.78,34.44,36.87,34.16,
"708",2011-10-21,31.32,32.76,32.98,31.32,
"709",2011-10-24,29.26,31.67,31.7,28.84,
"710",2011-10-25,32.22,30.68,32.46,30.32,
"711",2011-10-26,29.86,30.44,33.3,29.63,
"712",2011-10-27,25.46,24.72,26.46,24.7,
"713",2011-10-28,24.53,26.02,26.02,24.44,
"714",2011-10-31,29.96,27.09,29.97,27.01,
"715",2011-11-01,34.77,36.03,37.53,33.87,
"716",2011-11-02,32.74,33.53,34.27,32.55,
"717",2011-11-03,30.5,31.38,34.65,30.21,
"718",2011-11-04,30.16,31.46,32.56,30.14,
"719",2011-11-07,29.85,31.4,32.15,29.85,
"720",2011-11-08,27.48,29.34,30.49,27.47,
"721",2011-11-09,36.16,31.32,36.43,30.98,
"722",2011-11-10,32.81,33.09,35.5,32.12,
"723",2011-11-11,30.04,29.91,30.42,29.45,
"724",2011-11-14,31.13,31.42,32.85,31.13,
"725",2011-11-15,31.22,31.74,32.55,30.4,
"726",2011-11-16,33.51,32.66,33.51,30.54,
"727",2011-11-17,34.51,33.15,36.46,32.89,
"728",2011-11-18,32,33.16,33.99,31.92,
"729",2011-11-21,32.91,34.59,35.29,32.53,
"730",2011-11-22,31.97,33.12,33.39,31.28,
"731",2011-11-23,33.98,32.91,34.57,32.68,
"732",2011-11-25,34.47,34.61,34.77,33.12,
"733",2011-11-28,32.13,31.93,33.11,31.57,
"734",2011-11-29,30.64,31.76,32.02,30.56,
"735",2011-11-30,27.8,27.72,28.5,27.03,
"736",2011-12-01,27.41,27.63,27.89,26.64,
"737",2011-12-02,27.52,26.26,27.62,25.29,
"738",2011-12-05,27.84,26.74,28.31,26,
"739",2011-12-06,28.13,27.91,28.13,27.41,
"740",2011-12-07,28.67,28.61,29.58,28.44,
"741",2011-12-08,30.59,29.63,30.91,29.02,
"742",2011-12-09,26.38,29.61,29.61,26.29,
"743",2011-12-12,25.67,26.78,27.73,25.64,
"744",2011-12-13,25.41,24.72,26.28,23.27,
"745",2011-12-14,26.04,26.16,27.55,25.76,
"746",2011-12-15,25.11,24.38,25.28,24.14,
"747",2011-12-16,24.29,24.16,25.02,23.51,
"748",2011-12-19,24.92,25.14,25.38,24.38,
"749",2011-12-20,23.22,23.56,23.58,22.54,
"750",2011-12-21,21.43,22.52,23.94,21.12,
"751",2011-12-22,21.16,21.08,21.33,20.34,
"752",2011-12-23,20.73,21.1,21.21,20.72,
"753",2011-12-27,21.91,22.58,22.66,21.68,
"754",2011-12-28,23.52,22.12,23.56,22.11,
"755",2011-12-29,22.65,23.52,23.52,22.65,
"756",2011-12-30,23.4,22.86,23.46,22.65,
"757",2012-01-03,22.97,22.95,23.1,22.54,
"758",2012-01-04,22.22,23.44,23.73,22.22,
"759",2012-01-05,21.48,22.75,23.09,21.34,
"760",2012-01-06,20.63,21.24,21.72,20.58,
"761",2012-01-09,21.07,21.67,21.78,21,
"762",2012-01-10,20.69,20.14,20.69,20.05,
"763",2012-01-11,21.05,21.18,21.22,20.98,
"764",2012-01-12,20.47,21.01,22.03,20.46,
"765",2012-01-13,20.91,21.41,22.43,20.91,
"766",2012-01-17,22.2,20.9,22.25,20.69,
"767",2012-01-18,20.89,23.2,23.44,20.78,
"768",2012-01-19,19.87,20.49,20.87,19.45,
"769",2012-01-20,18.28,19.91,19.94,18.16,
"770",2012-01-23,18.67,19.22,19.31,18.55,
"771",2012-01-24,18.91,19.76,20,18.63,
"772",2012-01-25,18.31,19.35,19.55,17.15,
"773",2012-01-26,18.57,17.96,19.17,16.8,
"774",2012-01-27,18.53,19.16,19.16,18.26,
"775",2012-01-30,19.4,20.33,20.33,19.38,
"776",2012-01-31,19.44,19.07,19.84,18.13,
"777",2012-02-01,18.55,18.68,18.82,17.99,
"778",2012-02-02,17.98,18.38,18.5,17.98,
"779",2012-02-03,17.1,16.84,17.32,16.1,
"780",2012-02-06,17.76,17.98,18.02,16.11,
"781",2012-02-07,17.65,17.93,18.1,17.5,
"782",2012-02-08,18.16,17.79,18.46,17.53,
"783",2012-02-09,18.63,18.12,18.72,18.07,
"784",2012-02-10,20.79,20.1,21.98,19.02,
"785",2012-02-13,19.04,19.64,19.68,17.92,
"786",2012-02-14,19.54,19.45,20.76,18.95,
"787",2012-02-15,21.14,19.74,21.77,19.44,
"788",2012-02-16,19.22,21.59,21.76,19.22,
"789",2012-02-17,17.78,18.73,18.79,17.54,
"790",2012-02-21,18.19,18.41,18.94,17.65,
"791",2012-02-22,18.19,18.85,18.94,17.74,
"792",2012-02-23,16.8,18.73,18.97,16.64,
"793",2012-02-24,17.31,16.68,17.62,16.42,
"794",2012-02-27,18.19,19.1,19.25,17.58,
"795",2012-02-28,17.96,18.67,18.67,17.88,
"796",2012-02-29,18.43,17.8,18.75,17.53,
"797",2012-03-01,17.26,18.02,18.03,17.26,
"798",2012-03-02,17.29,17.65,17.65,17.14,
"799",2012-03-05,18.05,18.27,18.9,18.02,
"800",2012-03-06,20.87,20.57,21.24,20.3,
"801",2012-03-07,19.07,20.43,20.44,19.07,
"802",2012-03-08,17.95,18.08,18.46,17.76,
"803",2012-03-09,17.11,17.16,17.54,16.63,
"804",2012-03-12,15.64,15.79,16.67,15.23,
"805",2012-03-13,14.8,14,16.08,13.99,
"806",2012-03-14,15.31,14.42,16.19,14.39,
"807",2012-03-15,15.42,15.32,16.06,14.58,
"808",2012-03-16,14.47,14.43,15.24,13.66,
"809",2012-03-19,15.04,15.42,15.43,14.54,
"810",2012-03-20,15.58,15.82,15.95,15.11,
"811",2012-03-21,15.13,14.72,15.31,14.19,
"812",2012-03-22,15.57,16.04,16.58,15.56,
"813",2012-03-23,14.82,15.65,16.39,14.69,
"814",2012-03-26,14.26,14.51,15.03,14.26,
"815",2012-03-27,15.59,14.52,15.59,14.14,
"816",2012-03-28,15.47,15.58,17.27,15.4,
"817",2012-03-29,15.48,16.84,17.2,15.39,
"818",2012-03-30,15.5,14.88,15.98,14.67,
"819",2012-04-02,15.64,16.35,16.58,15.02,
"820",2012-04-03,15.66,15.61,16.65,15.56,
"821",2012-04-04,16.44,17.07,17.74,16.31,
"822",2012-04-05,16.7,17.02,17.13,16.29,
"823",2012-04-09,18.81,18.94,18.94,17.93,
"824",2012-04-10,20.39,19.1,21.06,18.62,
"825",2012-04-11,20.02,19.22,20.12,18.73,
"826",2012-04-12,17.2,19.63,19.74,17.2,
"827",2012-04-13,19.55,17.95,19.62,17.85,
"828",2012-04-16,19.55,18.87,20.42,18.6,
"829",2012-04-17,18.46,18.66,18.66,17.58,
"830",2012-04-18,18.64,19.02,19.17,18.03,
"831",2012-04-19,18.36,18.51,19.69,17.69,
"832",2012-04-20,17.44,17.92,18.05,16.97,
"833",2012-04-23,18.97,20.22,20.27,18.95,
"834",2012-04-24,18.1,19.22,19.22,18.09,
"835",2012-04-25,16.82,17.05,17.38,16.82,
"836",2012-04-26,16.24,16.97,17.04,15.75,
"837",2012-04-27,16.32,15.83,16.47,15.83,
"838",2012-04-30,17.15,17.04,17.41,16.92,
"839",2012-05-01,16.6,17.27,17.49,16.01,
"840",2012-05-02,16.88,17.25,17.63,16.78,
"841",2012-05-03,17.56,16.9,17.92,16.73,
"842",2012-05-04,19.16,18.03,19.28,17.81,
"843",2012-05-07,18.94,19.8,19.87,18.41,
"844",2012-05-08,19.05,19.44,20.91,17.95,
"845",2012-05-09,20.08,20.65,21.59,19.38,
"846",2012-05-10,18.83,19.25,19.88,18.77,
"847",2012-05-11,19.89,19.93,19.94,18.62,
"848",2012-05-14,21.87,21.47,21.87,20.94,
"849",2012-05-15,21.97,21.43,22.7,20.76,
"850",2012-05-16,22.27,21.54,22.69,20.83,
"851",2012-05-17,24.49,21.99,24.51,21.87,
"852",2012-05-18,25.1,23.27,25.14,23.07,
"853",2012-05-21,22.01,24.88,24.88,22.01,
"854",2012-05-22,22.48,21.76,23.19,19.98,
"855",2012-05-23,22.33,23.32,24.62,21.99,
"856",2012-05-24,21.54,22,23.22,21.48,
"857",2012-05-25,21.76,22.05,22.29,21.3,
"858",2012-05-29,21.03,21.7,22.47,20.99,
"859",2012-05-30,24.14,22.68,24.14,22.66,
"860",2012-05-31,24.06,23.83,25.46,22.78,
"861",2012-06-01,26.66,25.87,26.71,23.94,
"862",2012-06-04,26.12,26.35,27.73,25.72,
"863",2012-06-05,24.68,25.9,25.9,24.5,
"864",2012-06-06,22.16,23.76,23.89,21.8,
"865",2012-06-07,21.72,21,22.48,20.74,
"866",2012-06-08,21.23,22.54,23.1,20.29,
"867",2012-06-11,23.56,19.87,23.56,19.63,
"868",2012-06-12,22.09,23.15,23.9,22.09,
"869",2012-06-13,24.27,22.93,24.93,22.66,
"870",2012-06-14,21.68,24.19,24.81,21.55,
"871",2012-06-15,21.11,22.47,23.09,20.61,
"872",2012-06-18,18.32,21.76,21.98,18.24,
"873",2012-06-19,18.38,17.66,18.62,17.36,
"874",2012-06-20,17.24,17.96,20.05,17.09,
"875",2012-06-21,20.08,16.89,20.48,16.77,
"876",2012-06-22,18.11,18.65,19.37,17.9,
"877",2012-06-25,20.38,20.47,21.36,19.89,
"878",2012-06-26,19.72,20.01,20.57,19.42,
"879",2012-06-27,19.45,19.55,20.12,19.38,
"880",2012-06-28,19.71,20.33,21.19,19.6,
"881",2012-06-29,17.08,17.52,19.71,16.87,
"882",2012-07-02,16.74,17.62,18.19,16.66,
"883",2012-07-03,16.66,16.67,16.92,16.27,
"884",2012-07-05,17.5,17.61,18.22,17.18,
"885",2012-07-06,17.1,18.2,18.25,16.95,
"886",2012-07-09,17.98,18.17,18.32,17.73,
"887",2012-07-10,18.72,17.51,19.19,17.29,
"888",2012-07-11,17.95,17.98,19.17,17.84,
"889",2012-07-12,18.33,18.82,19.51,17.75,
"890",2012-07-13,16.74,17.78,17.82,16.36,
"891",2012-07-16,17.11,17.31,17.32,16.46,
"892",2012-07-17,16.48,16.72,17.46,16.09,
"893",2012-07-18,16.16,16.81,16.81,15.69,
"894",2012-07-19,15.45,16.06,16.7,15.45,
"895",2012-07-20,16.27,16.65,17.05,15.97,
"896",2012-07-23,18.62,20.41,20.49,18.34,
"897",2012-07-24,20.47,18.38,21,18.37,
"898",2012-07-25,19.34,19.79,20.67,18.99,
"899",2012-07-26,17.53,17.68,18.47,17.07,
"900",2012-07-27,16.7,17.11,17.3,16.52,
"901",2012-07-30,18.03,17.55,18.08,17.23,
"902",2012-07-31,18.93,18.4,19.09,18.26,
"903",2012-08-01,18.96,18.8,19.18,18.2,
"904",2012-08-02,17.57,19.05,19.25,17.56,
"905",2012-08-03,15.64,16.05,16.45,15.64,
"906",2012-08-06,15.95,15.85,16.27,15.82,
"907",2012-08-07,15.99,15.55,16.03,15.48,
"908",2012-08-08,15.32,16.46,16.47,15.27,
"909",2012-08-09,15.28,15.39,15.67,15.28,
"910",2012-08-10,14.74,15.34,15.5,14.73,
"911",2012-08-13,13.7,14.09,14.67,13.67,
"912",2012-08-14,14.85,13.91,15.06,13.91,
"913",2012-08-15,14.63,14.82,14.98,14.36,
"914",2012-08-16,14.29,14.88,15.15,14.28,
"915",2012-08-17,13.45,14.23,14.3,13.3,
"916",2012-08-20,14.02,14.11,14.78,14.07,
"917",2012-08-21,15.02,14.1,15.44,14.04,
"918",2012-08-22,15.11,15.32,15.52,14.75,
"919",2012-08-23,15.96,15,16.45,15,
"920",2012-08-24,15.18,15.99,16,15.18,
"921",2012-08-27,16.35,16.15,16.38,15.75,
"922",2012-08-28,16.49,16.32,16.92,16.01,
"923",2012-08-29,17.06,16.61,17.06,16.51,
"924",2012-08-30,17.83,17.48,18.05,17.44,
"925",2012-08-31,17.47,17.25,18.04,16.92,
"926",2012-09-04,17.98,18.65,18.96,17.85,
"927",2012-09-05,17.74,17.38,17.84,16.99,
"928",2012-09-06,15.6,17.3,17.3,15.6,
"929",2012-09-07,14.38,15.6,15.6,14.33,
"930",2012-09-10,16.28,14.27,16.28,13.97,
"931",2012-09-11,16.41,16.11,16.41,15.78,
"932",2012-09-12,15.8,15.59,16.31,15.43,
"933",2012-09-13,14.05,15.6,16.54,13.91,
"934",2012-09-14,14.51,13.82,14.71,13.51,
"935",2012-09-17,14.59,14.67,14.92,14.54,
"936",2012-09-18,14.18,14.51,14.88,14.17,
"937",2012-09-19,13.88,13.95,14.08,13.61,
"938",2012-09-20,14.07,14.63,14.67,14.07,
"939",2012-09-21,13.98,13.94,14.18,13.69,
"940",2012-09-24,14.15,15.06,15.06,13.87,
"941",2012-09-25,15.43,14.19,15.72,14.03,
"942",2012-09-26,16.81,15.83,17.08,15.83,
"943",2012-09-27,14.84,16.38,16.5,14.83,
"944",2012-09-28,15.73,15.23,15.77,14.95,
"945",2012-10-01,16.32,16.03,16.53,15.13,
"946",2012-10-02,15.71,15.85,16.5,15.7,
"947",2012-10-03,15.43,15.63,16.02,15.13,
"948",2012-10-04,14.55,15.23,15.33,14.53,
"949",2012-10-05,14.33,13.68,14.78,13.67,
"950",2012-10-08,15.11,15.19,15.46,15.04,
"951",2012-10-09,16.37,15.28,16.4,15.18,
"952",2012-10-10,16.29,16.52,16.79,16.13,
"953",2012-10-11,15.59,15.33,15.8,15.31,
"954",2012-10-12,16.14,15.41,16.18,14.96,
"955",2012-10-15,15.27,16.05,16.21,15.23,
"956",2012-10-16,15.22,14.84,15.23,14.5,
"957",2012-10-17,15.07,15.43,15.63,14.9,
"958",2012-10-18,15.03,15.25,15.5,14.68,
"959",2012-10-19,17.06,14.91,17.6,14.9,
"960",2012-10-22,16.62,17.44,17.98,16.62,
"961",2012-10-23,18.83,18.23,19.65,18.17,
"962",2012-10-24,18.33,18.22,18.67,17.93,
"963",2012-10-25,18.12,17.56,18.64,17.3,
"964",2012-10-26,17.81,18.03,18.64,17.52,
"965",2012-10-31,18.6,17.68,18.84,17.56,
"966",2012-11-01,16.69,17.77,17.79,16.45,
"967",2012-11-02,17.59,16.06,17.6,16.05,
"968",2012-11-05,18.42,18.33,18.7,18.13,
"969",2012-11-06,17.58,18.16,18.17,17.19,
"970",2012-11-07,19.08,17.72,19.4,17.62,
"971",2012-11-08,18.49,18.69,18.69,17.96,
"972",2012-11-09,18.61,18.8,18.81,17.67,
"973",2012-11-12,16.68,18.15,18.15,16.45,
"974",2012-11-13,16.65,17.36,17.38,16.12,
"975",2012-11-14,17.92,16.32,18.05,15.93,
"976",2012-11-15,17.99,17.74,18.64,17.62,
"977",2012-11-16,16.41,17.65,18.5,16.41,
"978",2012-11-19,15.24,15.88,15.98,15.1,
"979",2012-11-20,15.08,15.11,15.65,15.06,
"980",2012-11-21,15.31,14.96,15.43,14.77,
"981",2012-11-23,15.14,15,15.26,15,
"982",2012-11-26,15.5,15.63,15.84,15.47,
"983",2012-11-27,15.92,15.3,15.93,15.01,
"984",2012-11-28,15.51,16.43,16.98,15.47,
"985",2012-11-29,15.06,15.21,15.51,15.02,
"986",2012-11-30,15.87,15.26,16.17,14.89,
"987",2012-12-03,16.64,15.81,16.69,15.76,
"988",2012-12-04,17.12,16.66,17.37,16.38,
"989",2012-12-05,16.46,16.95,17.53,16.27,
"990",2012-12-06,16.58,16.59,16.85,16.31,
"991",2012-12-07,15.9,16.12,16.65,15.73,
"992",2012-12-10,16.05,16.47,16.47,15.96,
"993",2012-12-11,15.57,15.94,16.01,15.42,
"994",2012-12-12,15.95,15.6,16.09,15.41,
"995",2012-12-13,16.56,15.87,16.67,15.71,
"996",2012-12-14,17,16.68,17.15,16.61,
"997",2012-12-17,16.34,17.2,17.2,16.21,
"998",2012-12-18,15.57,16.39,16.43,15.46,
"999",2012-12-19,17.36,16.05,17.46,16.04,
"1000",2012-12-20,17.67,17.26,17.96,17.11,
"1001",2012-12-21,17.84,19.85,19.93,17.76,
"1002",2012-12-24,18.59,18.46,18.66,18.45,
"1003",2012-12-26,19.48,18.71,19.63,18.61,
"1004",2012-12-27,19.47,19.39,20.9,19.11,
"1005",2012-12-28,22.72,20.32,23.23,19.94,
"1006",2012-12-31,18.02,22.14,22.72,17.88,
"1007",2013-01-02,14.68,15.24,15.93,14.6,
"1008",2013-01-03,14.56,14.77,14.92,14.24,
"1009",2013-01-04,13.83,14.23,14.31,13.64,
"1010",2013-01-07,13.79,14.53,14.53,13.71,
"1011",2013-01-08,13.62,13.88,14.29,13.62,
"1012",2013-01-09,13.81,13.32,13.93,13.22,
"1013",2013-01-10,13.49,13.33,13.88,13.33,
"1014",2013-01-11,13.36,13.55,13.79,13.22,
"1015",2013-01-14,13.52,13.66,13.85,13.41,
"1016",2013-01-15,13.55,13.97,13.99,13.33,
"1017",2013-01-16,13.42,13.7,13.76,13.2,
"1018",2013-01-17,13.57,13.45,13.7,13.16,
"1019",2013-01-18,12.46,13.52,13.53,12.29,
"1020",2013-01-22,12.43,13.28,13.32,12.43,
"1021",2013-01-23,12.46,12.67,12.67,12.3,
"1022",2013-01-24,12.69,12.73,13.5,12.4,
"1023",2013-01-25,12.89,12.63,12.99,12.5,
"1024",2013-01-28,13.57,13.29,13.91,13.29,
"1025",2013-01-29,13.31,13.87,13.88,13.04,
"1026",2013-01-30,14.32,13.64,14.33,13.6,
"1027",2013-01-31,14.28,14.43,14.43,14.04,
"1028",2013-02-01,12.9,13.37,13.38,12.72,
"1029",2013-02-04,14.67,14,14.75,13.8,
"1030",2013-02-05,13.72,14.21,14.21,13.39,
"1031",2013-02-06,13.41,14.06,14.08,13.34,
"1032",2013-02-07,13.5,13.47,14.41,13.43,
"1033",2013-02-08,13.02,13.2,13.2,12.89,
"1034",2013-02-11,12.94,13.37,13.42,12.91,
"1035",2013-02-12,12.64,12.82,13.13,12.63,
"1036",2013-02-13,12.98,12.88,13.19,12.67,
"1037",2013-02-14,12.66,13.3,13.32,12.64,
"1038",2013-02-15,12.46,12.47,12.89,12.24,
"1039",2013-02-19,12.31,12.81,12.85,12.08,
"1040",2013-02-20,14.68,12.32,14.68,12.32,
"1041",2013-02-21,15.22,14.68,16.21,14.67,
"1042",2013-02-22,14.17,14.6,15.02,14.16,
"1043",2013-02-25,18.99,13.69,19.28,13.57,
"1044",2013-02-26,16.87,17.5,18.23,16.75,
"1045",2013-02-27,14.73,16.57,16.6,14.42,
"1046",2013-02-28,15.51,15,15.6,14.16,
"1047",2013-03-01,15.36,16.1,16.82,15.14,
"1048",2013-03-04,14.01,16.16,16.16,14.01,
"1049",2013-03-05,13.48,13.44,13.66,13.24,
"1050",2013-03-06,13.53,13.18,13.77,13.17,
"1051",2013-03-07,13.06,13.45,13.56,13.03,
"1052",2013-03-08,12.59,12.67,13.3,12.49,
"1053",2013-03-11,11.56,12.31,12.34,11.5,
"1054",2013-03-12,12.27,11.79,12.93,11.74,
"1055",2013-03-13,11.83,12.18,12.55,11.79,
"1056",2013-03-14,11.3,11.7,11.75,11.05,
"1057",2013-03-15,11.3,11.52,11.99,11.21,
"1058",2013-03-18,13.36,13.47,13.64,12.57,
"1059",2013-03-19,14.39,13.03,15.4,12.92,
"1060",2013-03-20,12.67,13.18,13.18,12.3,
"1061",2013-03-21,13.99,13.07,14.21,12.62,
"1062",2013-03-22,13.57,13.34,13.85,13.19,
"1063",2013-03-25,13.74,12.85,14.61,12.39,
"1064",2013-03-26,12.77,12.95,13.21,12.69,
"1065",2013-03-27,13.15,13.72,13.97,12.97,
"1066",2013-03-28,12.7,12.91,13.07,12.54,
"1067",2013-04-01,13.58,13.46,14.05,13.26,
"1068",2013-04-02,12.78,13.11,13.18,12.76,
"1069",2013-04-03,14.21,12.65,14.66,12.62,
"1070",2013-04-04,13.89,14.1,14.79,13.89,
"1071",2013-04-05,13.92,15.64,15.65,13.86,
"1072",2013-04-08,13.19,14.04,14.5,13.19,
"1073",2013-04-09,12.84,13.11,13.68,12.75,
"1074",2013-04-10,12.36,12.66,12.88,12.32,
"1075",2013-04-11,12.24,12.55,12.62,12.15,
"1076",2013-04-12,12.06,12.61,13.12,11.99,
"1077",2013-04-15,17.27,13.12,17.27,12.66,
"1078",2013-04-16,13.96,14.72,14.87,13.91,
"1079",2013-04-17,16.51,15.35,17.9,14.98,
"1080",2013-04-18,17.56,16.34,18.2,16.32,
"1081",2013-04-19,14.97,16.67,16.98,14.87,
"1082",2013-04-22,14.39,15.08,16,14.04,
"1083",2013-04-23,13.48,13.81,14.87,13.46,
"1084",2013-04-24,13.61,13.57,13.75,13.36,
"1085",2013-04-25,13.62,13.61,13.87,13.13,
"1086",2013-04-26,13.61,13.94,14.18,13.49,
"1087",2013-04-29,13.71,13.72,13.94,13.36,
"1088",2013-04-30,13.52,13.71,14.28,13.51,
"1089",2013-05-01,14.49,13.88,14.67,13.87,
"1090",2013-05-02,13.59,14.48,14.48,13.58,
"1091",2013-05-03,12.85,12.92,13.15,12.77,
"1092",2013-05-06,12.66,13.06,13.19,12.66,
"1093",2013-05-07,12.83,12.63,12.96,12.49,
"1094",2013-05-08,12.66,12.87,13.04,12.62,
"1095",2013-05-09,13.13,12.91,13.53,12.78,
"1096",2013-05-10,12.59,13.08,13.45,12.54,
"1097",2013-05-13,12.55,12.57,12.87,12.49,
"1098",2013-05-14,12.77,12.61,13.21,12.54,
"1099",2013-05-15,12.81,12.98,13.43,12.78,
"1100",2013-05-16,13.07,13.07,13.46,12.79,
"1101",2013-05-17,12.45,12.73,12.94,12.26,
"1102",2013-05-20,13.02,13.28,13.28,12.84,
"1103",2013-05-21,13.37,13.08,13.44,12.89,
"1104",2013-05-22,13.82,13.45,14.45,13.05,
"1105",2013-05-23,14.07,14.94,15.11,13.87,
"1106",2013-05-24,13.99,14.59,14.79,13.99,
"1107",2013-05-28,14.48,13.67,14.56,13.56,
"1108",2013-05-29,14.83,15.3,15.65,14.59,
"1109",2013-05-30,14.53,14.9,14.98,14.27,
"1110",2013-05-31,16.3,15.02,16.35,14.36,
"1111",2013-06-03,16.28,16.4,17.58,16.15,
"1112",2013-06-04,16.27,16.16,17.25,15.82,
"1113",2013-06-05,17.5,16.86,17.84,16.57,
"1114",2013-06-06,16.63,17.7,18.51,16.6,
"1115",2013-06-07,15.14,15.9,16.21,14.96,
"1116",2013-06-10,15.44,15.16,15.6,15.1,
"1117",2013-06-11,17.07,16.91,17.14,16,
"1118",2013-06-12,18.59,16.51,18.6,16.43,
"1119",2013-06-13,16.41,18.38,18.58,16.37,
"1120",2013-06-14,17.15,16.63,17.26,16.03,
"1121",2013-06-17,16.8,16.53,17.62,16.33,
"1122",2013-06-18,16.61,16.81,16.95,16.46,
"1123",2013-06-19,16.64,16.89,17.18,15.36,
"1124",2013-06-20,20.49,18.4,21.32,18.01,
"1125",2013-06-21,18.9,18.97,20.93,18.25,
"1126",2013-06-24,20.11,20.87,21.91,18.58,
"1127",2013-06-25,18.47,18.65,19.22,17.82,
"1128",2013-06-26,17.21,17.23,18.06,17.08,
"1129",2013-06-27,16.86,16.6,16.97,16.34,
"1130",2013-06-28,16.86,17.25,17.69,16.19,
"1131",2013-07-01,16.37,16.9,16.9,16,
"1132",2013-07-02,16.44,16.49,16.93,15.88,
"1133",2013-07-03,16.2,17.22,17.32,16.2,
"1134",2013-07-05,14.89,15.59,16.28,14.89,
"1135",2013-07-08,14.78,14.66,15.27,14.66,
"1136",2013-07-09,14.35,14.33,14.65,14.26,
"1137",2013-07-10,14.21,14.46,14.62,14.06,
"1138",2013-07-11,14.01,13.57,14.2,13.57,
"1139",2013-07-12,13.84,13.9,14.04,13.74,
"1140",2013-07-15,13.79,13.98,14.11,13.5,
"1141",2013-07-16,14.42,13.78,14.56,13.78,
"1142",2013-07-17,13.78,14.2,14.44,13.76,
"1143",2013-07-18,13.77,13.63,13.8,13.2,
"1144",2013-07-19,12.54,13.89,13.97,12.54,
"1145",2013-07-22,12.29,13.23,13.37,12.29,
"1146",2013-07-23,12.66,12.15,13.06,12.07,
"1147",2013-07-24,13.18,12.69,13.49,12.69,
"1148",2013-07-25,12.97,13.47,13.54,12.91,
"1149",2013-07-26,12.72,13.41,13.73,12.71,
"1150",2013-07-29,13.39,13.54,13.86,13.38,
"1151",2013-07-30,13.39,13.45,14.14,13.35,
"1152",2013-07-31,13.45,13.55,13.83,12.94,
"1153",2013-08-01,12.94,12.89,13.25,12.82,
"1154",2013-08-02,11.98,12.66,12.74,11.98,
"1155",2013-08-05,11.84,12.29,12.42,11.83,
"1156",2013-08-06,12.72,12.19,12.93,12.06,
"1157",2013-08-07,12.98,13.17,13.91,12.96,
"1158",2013-08-08,12.73,12.5,13.13,12.37,
"1159",2013-08-09,13.41,12.88,13.66,12.71,
"1160",2013-08-12,12.81,13.52,13.57,12.8,
"1161",2013-08-13,12.31,12.86,13.37,12.29,
"1162",2013-08-14,13.04,12.48,13.09,12.35,
"1163",2013-08-15,14.73,14.14,14.85,13.91,
"1164",2013-08-16,14.37,14.56,14.88,13.62,
"1165",2013-08-19,15.1,14.94,15.2,14.35,
"1166",2013-08-20,14.91,15.22,15.25,14.29,
"1167",2013-08-21,15.94,16,16.56,14.67,
"1168",2013-08-22,14.76,15.26,15.26,14.66,
"1169",2013-08-23,13.98,14.29,14.82,13.98,
"1170",2013-08-26,14.99,14.37,15.01,13.9,
"1171",2013-08-27,16.77,16.56,17.13,15.82,
"1172",2013-08-28,16.49,16.96,17.11,16.1,
"1173",2013-08-29,16.81,16.79,16.98,15.99,
"1174",2013-08-30,17.01,16.75,17.81,16.7,
"1175",2013-09-03,16.61,16.47,17.37,16.11,
"1176",2013-09-04,15.88,16.88,17.01,15.77,
"1177",2013-09-05,15.77,16.12,16.12,15.63,
"1178",2013-09-06,15.85,15.35,16.81,15.17,
"1179",2013-09-09,15.63,15.86,16.02,15.22,
"1180",2013-09-10,14.53,14.89,15.09,14.5,
"1181",2013-09-11,13.82,14.74,14.74,13.82,
"1182",2013-09-12,14.29,13.93,14.39,13.73,
"1183",2013-09-13,14.16,14.27,14.55,14.11,
"1184",2013-09-16,14.38,14.1,14.49,13.87,
"1185",2013-09-17,14.53,14.44,14.61,14.28,
"1186",2013-09-18,13.59,14.68,14.68,13.23,
"1187",2013-09-19,13.16,13.02,13.39,13.02,
"1188",2013-09-20,13.12,13.3,13.47,12.52,
"1189",2013-09-23,14.31,14.04,14.71,14.02,
"1190",2013-09-24,14.08,14.17,14.37,13.75,
"1191",2013-09-25,14.01,14.24,14.62,13.89,
"1192",2013-09-26,14.06,13.8,14.4,13.58,
"1193",2013-09-27,15.46,14.62,15.79,14.62,
"1194",2013-09-30,16.6,17.49,17.49,16.16,
"1195",2013-10-01,15.54,16.31,16.46,15.47,
"1196",2013-10-02,16.6,16.4,16.81,16.13,
"1197",2013-10-03,17.67,16.63,18.71,16.63,
"1198",2013-10-04,16.74,17.72,17.87,16.66,
"1199",2013-10-07,19.41,18.76,19.41,18.08,
"1200",2013-10-08,20.34,19.01,21.01,18.98,
"1201",2013-10-09,19.6,20.19,21.34,19.04,
"1202",2013-10-10,16.48,17.66,17.92,16.29,
"1203",2013-10-11,15.72,16.31,16.38,15.46,
"1204",2013-10-14,16.07,17.08,17.74,15.8,
"1205",2013-10-15,18.66,16.41,18.67,16.16,
"1206",2013-10-16,14.71,17.14,17.15,14.67,
"1207",2013-10-17,13.48,14.52,14.59,12.89,
"1208",2013-10-18,13.04,12.86,13.53,12.34,
"1209",2013-10-21,13.16,13.34,13.63,13.07,
"1210",2013-10-22,13.33,12.99,13.92,12.93,
"1211",2013-10-23,13.42,13.71,14.21,13.42,
"1212",2013-10-24,13.2,13.5,13.62,13.15,
"1213",2013-10-25,13.09,13.16,13.44,13.08,
"1214",2013-10-28,13.31,13.62,13.72,13.22,
"1215",2013-10-29,13.41,13.25,13.63,13.06,
"1216",2013-10-30,13.65,13.72,14.36,13.64,
"1217",2013-10-31,13.75,13.83,14.02,13.28,
"1218",2013-11-01,13.28,13.46,13.92,13.22,
"1219",2013-11-04,12.93,13.35,13.67,12.91,
"1220",2013-11-05,13.27,13.22,13.64,12.86,
"1221",2013-11-06,12.67,13.01,13.33,12.67,
"1222",2013-11-07,13.91,12.99,14.14,12.93,
"1223",2013-11-08,12.9,13.76,13.8,12.84,
"1224",2013-11-11,12.53,12.85,12.93,12.4,
"1225",2013-11-12,12.82,12.8,13.06,12.63,
"1226",2013-11-13,12.52,13.35,13.35,12.46,
"1227",2013-11-14,12.37,12.8,12.94,12.28,
"1228",2013-11-15,12.19,12.12,12.45,11.99,
"1229",2013-11-18,13.1,12.41,13.22,12.41,
"1230",2013-11-19,13.39,13.03,13.68,12.88,
"1231",2013-11-20,13.4,13.56,13.94,12.97,
"1232",2013-11-21,12.66,13.09,13.09,12.44,
"1233",2013-11-22,12.26,12.69,12.91,12.24,
"1234",2013-11-25,12.79,12.55,12.92,12.49,
"1235",2013-11-26,12.81,12.84,12.99,12.49,
"1236",2013-11-27,12.98,12.81,12.98,12.44,
"1237",2013-11-29,13.7,13.06,13.78,12.93,
"1238",2013-12-02,14.23,13.91,14.31,13.78,
"1239",2013-12-03,14.55,14.74,15.04,14.43,
"1240",2013-12-04,14.7,15.03,15.71,14.22,
"1241",2013-12-05,15.08,14.82,15.38,14.7,
"1242",2013-12-06,13.79,13.97,14.09,13.62,
"1243",2013-12-09,13.49,13.97,14.07,13.49,
"1244",2013-12-10,13.91,14.14,14.22,13.69,
"1245",2013-12-11,15.42,13.98,15.43,13.98,
"1246",2013-12-12,15.54,15.44,16.09,15.21,
"1247",2013-12-13,15.76,15.17,15.8,15.06,
"1248",2013-12-16,16.03,15.64,16.08,15.3,
"1249",2013-12-17,16.21,16.04,16.67,15.81,
"1250",2013-12-18,13.8,15.95,16.75,13.74,
"1251",2013-12-19,14.15,13.59,14.21,12.89,
"1252",2013-12-20,13.79,13.61,13.87,13.12,
"1253",2013-12-23,13.04,13.37,13.53,13.02,
"1254",2013-12-24,12.48,12.85,12.89,12.48,
"1255",2013-12-26,12.33,12.48,12.5,11.69,
"1256",2013-12-27,12.46,12.21,12.59,12.2,
"1257",2013-12-30,13.56,12.87,13.58,12.83,
"1258",2013-12-31,13.72,13.43,14.35,13.38,
"1259",2014-01-02,14.23,14.32,14.59,14,
"1260",2014-01-03,13.76,14.06,14.22,13.57,
"1261",2014-01-06,13.55,13.41,14,13.22,
"1262",2014-01-07,12.92,12.38,13.28,12.16,
"1263",2014-01-08,12.87,13.04,13.24,12.86,
"1264",2014-01-09,12.89,12.83,13.26,12.83,
"1265",2014-01-10,12.14,12.6,12.9,12.14,
"1266",2014-01-13,13.28,12.18,13.65,11.82,
"1267",2014-01-14,12.28,12.89,12.9,11.96,
"1268",2014-01-15,12.28,12.15,12.4,11.81,
"1269",2014-01-16,12.53,12.32,12.66,12.28,
"1270",2014-01-17,12.44,12.34,12.93,12.04,
"1271",2014-01-21,12.87,12.63,13.42,12.61,
"1272",2014-01-22,12.84,12.57,13.12,12.55,
"1273",2014-01-23,13.77,13.67,14.66,13.67,
"1274",2014-01-24,18.14,14.95,18.14,14.92,
"1275",2014-01-27,17.42,17.29,18.99,16.85,
"1276",2014-01-28,15.8,17.27,17.28,15.8,
"1277",2014-01-29,17.35,17.95,18.04,16.71,
"1278",2014-01-30,17.29,16.37,17.39,15.96,
"1279",2014-01-31,18.41,18.71,18.99,17.27,
"1280",2014-02-03,21.44,18.57,21.48,18.34,
"1281",2014-02-04,19.11,19.99,20.07,18.44,
"1282",2014-02-05,19.95,19.59,20.72,19.13,
"1283",2014-02-06,17.23,19.09,19.09,17.09,
"1284",2014-02-07,15.29,16.15,16.31,15.09,
"1285",2014-02-10,15.26,15.63,15.76,15.1,
"1286",2014-02-11,14.51,15.29,15.29,14.08,
"1287",2014-02-12,14.3,14.31,14.64,14.02,
"1288",2014-02-13,14.14,15.24,15.24,13.98,
"1289",2014-02-14,13.57,14.21,14.22,13.44,
"1290",2014-02-18,13.87,13.95,14.51,13.77,
"1291",2014-02-19,15.5,14.85,15.73,14.12,
"1292",2014-02-20,14.79,15.28,15.8,14.59,
"1293",2014-02-21,14.68,14.74,14.79,14.19,
"1294",2014-02-24,14.23,14.83,14.83,13.97,
"1295",2014-02-25,13.67,14.17,14.83,13.66,
"1296",2014-02-26,14.35,13.83,14.54,13.73,
"1297",2014-02-27,14.04,14.56,14.69,13.92,
"1298",2014-02-28,14,14.22,14.79,13.49,
"1299",2014-03-03,16,16.47,16.78,15.38,
"1300",2014-03-04,14.1,14.53,14.54,14,
"1301",2014-03-05,13.89,14.13,14.32,13.81,
"1302",2014-03-06,14.21,13.82,14.42,13.73,
"1303",2014-03-07,14.11,13.51,14.43,13.51,
"1304",2014-03-10,14.2,14.76,15.28,14.2,
"1305",2014-03-11,14.8,14.22,14.93,13.84,
"1306",2014-03-12,14.47,15.37,15.64,14.43,
"1307",2014-03-13,16.22,14.28,16.66,14.24,
"1308",2014-03-14,17.82,16.74,18.22,16.09,
"1309",2014-03-17,15.64,16.39,16.4,15.37,
"1310",2014-03-18,14.52,15.42,15.47,14.16,
"1311",2014-03-19,15.12,14.56,15.95,13.89,
"1312",2014-03-20,14.52,15.58,15.62,14.5,
"1313",2014-03-21,15,13.96,15.17,13.77,
"1314",2014-03-24,15.09,14.7,16.07,14.56,
"1315",2014-03-25,14.02,14.16,15.05,13.96,
"1316",2014-03-26,14.93,13.64,15.28,13.46,
"1317",2014-03-27,14.62,15,15.63,14.49,
"1318",2014-03-28,14.41,14.15,14.86,13.73,
"1319",2014-03-31,13.88,13.88,14.16,13.57,
"1320",2014-04-01,13.1,13.43,13.56,13.06,
"1321",2014-04-02,13.09,13.17,13.35,12.92,
"1322",2014-04-03,13.37,13.02,13.7,13.02,
"1323",2014-04-04,13.96,12.88,14.55,12.6,
"1324",2014-04-07,15.57,14.96,16.01,14.57,
"1325",2014-04-08,14.89,15.59,16.2,14.81,
"1326",2014-04-09,13.82,14.58,14.94,13.7,
"1327",2014-04-10,15.89,13.98,16.38,13.81,
"1328",2014-04-11,17.03,16.66,17.85,15.89,
"1329",2014-04-14,16.11,16.14,17.4,16.1,
"1330",2014-04-15,15.61,16.14,17.5,15.47,
"1331",2014-04-16,14.18,14.89,15.27,14.05,
"1332",2014-04-17,13.36,14.09,14.17,13.07,
"1333",2014-04-21,13.25,14.1,14.11,13.17,
"1334",2014-04-22,13.19,13.13,13.26,12.9,
"1335",2014-04-23,13.27,13.35,13.75,13.27,
"1336",2014-04-24,13.32,13.36,14.08,13.09,
"1337",2014-04-25,14.06,13.93,14.67,13.91,
"1338",2014-04-28,13.97,14.27,15.28,13.82,
"1339",2014-04-29,13.71,13.88,14.24,13.61,
"1340",2014-04-30,13.41,14.05,14.18,13.34,
"1341",2014-05-01,13.25,13.64,13.75,13.1,
"1342",2014-05-02,12.91,13.15,13.5,12.83,
"1343",2014-05-05,13.29,13.95,14.2,13.08,
"1344",2014-05-06,13.8,13.65,13.9,13.28,
"1345",2014-05-07,13.4,13.64,14.49,13.39,
"1346",2014-05-08,13.43,13.69,13.88,12.92,
"1347",2014-05-09,12.92,13.55,14.03,12.87,
"1348",2014-05-12,12.23,12.46,12.58,11.88,
"1349",2014-05-13,12.13,12.36,12.74,12.05,
"1350",2014-05-14,12.17,12.42,12.51,12.03,
"1351",2014-05-15,13.17,12.73,13.77,12.72,
"1352",2014-05-16,12.44,13.31,13.66,12.26,
"1353",2014-05-19,12.42,13.17,13.21,12.28,
"1354",2014-05-20,12.96,12.69,13.3,12.32,
"1355",2014-05-21,11.91,12.38,12.46,11.8,
"1356",2014-05-22,12.03,11.93,12.09,11.68,
"1357",2014-05-23,11.36,11.96,11.97,11.36,
"1358",2014-05-27,11.51,11.69,11.84,11.5,
"1359",2014-05-28,11.68,11.6,11.86,11.5,
"1360",2014-05-29,11.57,11.58,11.82,11.41,
"1361",2014-05-30,11.4,11.66,11.7,11.32,
"1362",2014-06-02,11.58,11.69,12.17,11.29,
"1363",2014-06-03,11.87,12.03,12.13,11.72,
"1364",2014-06-04,12.08,12.15,12.33,11.91,
"1365",2014-06-05,11.68,12.09,12.34,11.44,
"1366",2014-06-06,10.73,11.32,11.39,10.73,
"1367",2014-06-09,11.15,11.23,11.51,10.99,
"1368",2014-06-10,10.99,11.3,11.66,10.93,
"1369",2014-06-11,11.6,11.42,11.87,11.19,
"1370",2014-06-12,12.56,11.81,12.81,11.71,
"1371",2014-06-13,12.18,12.45,12.69,11.89,
"1372",2014-06-16,12.65,12.65,12.87,12.28,
"1373",2014-06-17,12.06,12.81,12.89,12.06,
"1374",2014-06-18,10.61,11.8,11.91,10.57,
"1375",2014-06-19,10.62,10.53,10.82,10.42,
"1376",2014-06-20,10.85,10.4,11.02,10.34,
"1377",2014-06-23,10.98,11.26,11.35,10.92,
"1378",2014-06-24,12.13,11.02,12.27,10.87,
"1379",2014-06-25,11.59,12.31,12.33,11.37,
"1380",2014-06-26,11.63,11.51,12.51,11.5,
"1381",2014-06-27,11.26,11.72,12.04,11.19,
"1382",2014-06-30,11.57,11.75,11.81,11.3,
"1383",2014-07-01,11.15,11.28,11.42,10.92,
"1384",2014-07-02,10.82,11.18,11.18,10.56,
"1385",2014-07-03,10.32,10.47,10.76,10.28,
"1386",2014-07-07,11.33,11.15,11.54,11.01,
"1387",2014-07-08,11.98,11.72,12.51,11.72,
"1388",2014-07-09,11.65,11.74,12.05,11.5,
"1389",2014-07-10,12.59,13.22,13.23,12.05,
"1390",2014-07-11,12.08,12.5,12.68,12.07,
"1391",2014-07-14,11.82,11.6,11.83,11.4,
"1392",2014-07-15,11.96,11.53,12.47,11.46,
"1393",2014-07-16,11,10.81,11.45,10.59,
"1394",2014-07-17,14.54,11.35,15.38,10.85,
"1395",2014-07-18,12.06,13.34,13.55,12.04,
"1396",2014-07-21,12.81,12.85,13.62,12.46,
"1397",2014-07-22,12.24,11.97,12.24,11.69,
"1398",2014-07-23,11.52,11.54,12.16,11.41,
"1399",2014-07-24,11.84,11.43,12.06,11.43,
"1400",2014-07-25,12.69,12.03,12.75,12.03,
"1401",2014-07-28,12.56,12.93,13.64,12.54,
"1402",2014-07-29,13.28,12.35,13.35,12.12,
"1403",2014-07-30,13.33,12.63,14.07,12.53,
"1404",2014-07-31,16.95,14.35,17.11,14.26,
"1405",2014-08-01,17.03,16.67,17.57,15.52,
"1406",2014-08-04,15.12,16.64,16.8,14.69,
"1407",2014-08-05,16.87,15.54,17.14,15.1,
"1408",2014-08-06,16.37,17.22,17.3,15.7,
"1409",2014-08-07,16.66,15.5,17.25,15.44,
"1410",2014-08-08,15.77,16.43,17.09,15.53,
"1411",2014-08-11,14.23,15.16,15.16,13.72,
"1412",2014-08-12,14.13,14.42,14.74,13.76,
"1413",2014-08-13,12.9,13.57,13.93,12.84,
"1414",2014-08-14,12.42,13.05,13.13,12.42,
"1415",2014-08-15,13.15,11.91,14.94,11.89,
"1416",2014-08-18,12.32,12.85,12.85,12.26,
"1417",2014-08-19,12.21,12.14,12.46,11.91,
"1418",2014-08-20,11.78,12.23,12.24,11.6,
"1419",2014-08-21,11.76,11.93,13.51,11.52,
"1420",2014-08-22,11.47,11.88,12.48,11.47,
"1421",2014-08-25,11.7,11.58,11.77,11.24,
"1422",2014-08-26,11.63,11.33,11.93,11.33,
"1423",2014-08-27,11.78,11.69,11.93,11.54,
"1424",2014-08-28,12.05,12.38,12.73,12.05,
"1425",2014-08-29,11.98,11.86,12.44,11.78,
"1426",2014-09-02,12.25,12.32,13.41,12.23,
"1427",2014-09-03,12.36,12.03,12.55,11.91,
"1428",2014-09-04,12.64,12.4,12.99,11.7,
"1429",2014-09-05,12.09,12.37,13.18,11.96,
"1430",2014-09-08,12.66,12.64,13.09,12.4,
"1431",2014-09-09,13.5,12.7,13.91,12.7,
"1432",2014-09-10,12.88,13.36,14.06,12.86,
"1433",2014-09-11,12.8,13.53,13.67,12.66,
"1434",2014-09-12,13.31,12.85,14.27,12.85,
"1435",2014-09-15,14.12,13.54,14.19,13.54,
"1436",2014-09-16,12.73,14.48,14.53,12.72,
"1437",2014-09-17,12.65,13.06,14.53,11.73,
"1438",2014-09-18,12.03,12.55,12.58,11.98,
"1439",2014-09-19,12.11,11.73,12.61,11.52,
"1440",2014-09-22,13.69,13.14,13.98,13.13,
"1441",2014-09-23,14.93,14.82,14.94,13.83,
"1442",2014-09-24,13.27,14.62,14.93,13.24,
"1443",2014-09-25,15.64,14.11,16.69,14.03,
"1444",2014-09-26,14.85,15.77,15.98,14.31,
"1445",2014-09-29,15.98,16.96,17.08,15.45,
"1446",2014-09-30,16.31,15.49,16.43,15.18,
"1447",2014-10-01,16.71,16.44,17.56,16.08,
"1448",2014-10-02,16.16,16.7,17.98,15.9,
"1449",2014-10-03,14.55,15.16,15.43,14.44,
"1450",2014-10-06,15.46,14.46,15.77,14.05,
"1451",2014-10-07,17.2,16.18,17.46,15.97,
"1452",2014-10-08,15.11,17.35,18.03,14.97,
"1453",2014-10-09,18.76,15.64,19.38,15.34,
"1454",2014-10-10,21.24,19.11,22.06,18.14,
"1455",2014-10-13,24.64,21.16,24.64,20.52,
"1456",2014-10-14,22.79,23.77,24.55,21.48,
"1457",2014-10-15,26.25,26.36,31.06,24.64,
"1458",2014-10-16,25.2,29.26,29.41,24.61,
"1459",2014-10-17,21.99,21.68,23.08,20.23,
"1460",2014-10-20,18.57,22.11,22.16,18.51,
"1461",2014-10-21,16.08,17.72,17.75,16.03,
"1462",2014-10-22,17.87,16.06,18.43,15.56,
"1463",2014-10-23,16.53,16.07,17.06,15.68,
"1464",2014-10-24,16.11,16.43,18.06,16.09,
"1465",2014-10-27,16.04,17.24,17.87,16,
"1466",2014-10-28,14.39,15.69,15.78,14.39,
"1467",2014-10-29,15.15,14.61,16.28,14.19,
"1468",2014-10-30,14.52,15.31,15.75,14.07,
"1469",2014-10-31,14.03,13.84,14.83,13.72,
"1470",2014-11-03,14.73,14.41,14.99,14.23,
"1471",2014-11-04,14.89,15.05,15.93,14.83,
"1472",2014-11-05,14.17,14.15,14.99,14.15,
"1473",2014-11-06,13.67,14.46,15.08,13.67,
"1474",2014-11-07,13.12,13.71,14.16,13.01,
"1475",2014-11-10,12.67,13.16,13.25,12.38,
"1476",2014-11-11,12.92,12.71,13.18,12.6,
"1477",2014-11-12,13.02,13.76,13.76,12.99,
"1478",2014-11-13,13.79,13.33,14.31,12.87,
"1479",2014-11-14,13.31,13.79,14.15,13.31,
"1480",2014-11-17,13.99,14.7,14.73,13.84,
"1481",2014-11-18,13.86,13.86,13.99,13.13,
"1482",2014-11-19,13.96,14.01,14.78,13.83,
"1483",2014-11-20,13.58,14.66,15.74,13.58,
"1484",2014-11-21,12.9,13.16,13.8,12.9,
"1485",2014-11-24,12.62,12.92,13.02,12.43,
"1486",2014-11-25,12.25,12.55,13.02,12.23,
"1487",2014-11-26,12.07,12.27,12.4,11.91,
"1488",2014-11-28,13.33,12.64,13.49,12.36,
"1489",2014-12-01,14.29,14.16,14.75,13.94,
"1490",2014-12-02,12.85,14.1,14.17,12.85,
"1491",2014-12-03,12.47,12.75,12.88,12.21,
"1492",2014-12-04,12.38,12.7,13.23,12.09,
"1493",2014-12-05,11.82,12.08,12.28,11.53,
"1494",2014-12-08,14.21,13.05,14.67,12.55,
"1495",2014-12-09,14.89,16.23,16.68,14.84,
"1496",2014-12-10,18.53,15.56,18.92,15.4,
"1497",2014-12-11,20.08,17.68,20.13,15.94,
"1498",2014-12-12,21.08,20.51,23.06,18.34,
"1499",2014-12-15,20.42,19.59,24.83,17.77,
"1500",2014-12-16,23.57,23.55,25.2,19.6,
"1501",2014-12-17,19.44,23.9,24.61,19.26,
"1502",2014-12-18,16.81,17.14,18.51,16.07,
"1503",2014-12-19,16.49,16.57,17.2,16.11,
"1504",2014-12-22,15.25,16.32,16.88,15.03,
"1505",2014-12-23,14.8,14.47,15.21,14.32,
"1506",2014-12-24,14.37,14.52,14.54,14.01,
"1507",2014-12-26,14.5,14.6,14.84,14.13,
"1508",2014-12-29,15.06,16.04,16.14,15.06,
"1509",2014-12-30,15.92,15.9,16.2,15.48,
"1510",2014-12-31,19.2,15.91,19.91,15.86,
"1511",2015-01-02,17.79,17.76,20.14,17.05,
"1512",2015-01-05,19.92,19.19,21.29,19.19,
"1513",2015-01-06,21.12,20.33,22.9,19.52,
"1514",2015-01-07,19.31,20.15,20.72,19.04,
"1515",2015-01-08,17.01,17.93,18.09,16.99,
"1516",2015-01-09,17.55,16.44,18.42,16.44,
"1517",2015-01-12,19.6,18.02,20.44,18.02,
"1518",2015-01-13,20.56,18.21,21.58,17.65,
"1519",2015-01-14,21.48,22.87,23.34,21.32,
"1520",2015-01-15,22.39,21.23,23.31,20.86,
"1521",2015-01-16,20.95,22.8,23.43,20.95,
"1522",2015-01-20,19.89,20.07,21.37,19.58,
"1523",2015-01-21,18.85,20.92,21.28,18.64,
"1524",2015-01-22,16.4,17.98,19.23,16.07,
"1525",2015-01-23,16.66,16.79,17.09,15.81,
"1526",2015-01-26,15.52,16.96,17.43,15.52,
"1527",2015-01-27,17.22,17.6,18.41,16.67,
"1528",2015-01-28,20.44,16.97,20.44,16.92,
"1529",2015-01-29,18.76,20.46,21.56,18.66,
"1530",2015-01-30,20.97,20.23,22.18,19.24,
"1531",2015-02-02,19.43,20.89,22.81,19.35,
"1532",2015-02-03,17.33,18.41,18.89,17.2,
"1533",2015-02-04,18.33,17.82,18.38,16.82,
"1534",2015-02-05,16.85,17.29,17.43,16.67,
"1535",2015-02-06,17.29,16.29,18.74,16.06,
"1536",2015-02-09,18.55,19.16,19.28,18.21,
"1537",2015-02-10,17.23,17.72,18.36,16.97,
"1538",2015-02-11,16.96,17.43,17.81,16.82,
"1539",2015-02-12,15.34,16.39,16.47,15.28,
"1540",2015-02-13,14.69,15.11,15.64,14.69,
"1541",2015-02-17,15.8,15.86,16.33,15.53,
"1542",2015-02-18,15.45,16.74,16.74,15.44,
"1543",2015-02-19,15.29,16.11,16.22,15.1,
"1544",2015-02-20,14.3,15.73,16.29,14.27,
"1545",2015-02-23,14.56,15.05,15.48,14.49,
"1546",2015-02-24,13.69,14.5,14.63,13.53,
"1547",2015-02-25,13.84,13.64,14.06,12.86,
"1548",2015-02-26,13.91,13.55,14.57,13.55,
"1549",2015-02-27,13.34,14.07,14.17,13.29,
"1550",2015-03-02,13.04,13.9,13.9,12.87,
"1551",2015-03-03,13.86,13.35,14.69,13.25,
"1552",2015-03-04,14.23,14.31,15.33,14.13,
"1553",2015-03-05,14.04,14.01,14.58,13.88,
"1554",2015-03-06,15.2,14.61,15.83,14.18,
"1555",2015-03-09,15.06,15.72,15.76,14.71,
"1556",2015-03-10,16.69,16.47,16.91,16.03,
"1557",2015-03-11,16.87,16.44,17.19,16.29,
"1558",2015-03-12,15.42,16.45,16.45,15.3,
"1559",2015-03-13,16,15.47,16.74,15.32,
"1560",2015-03-16,15.61,15.78,15.89,15.36,
"1561",2015-03-17,15.66,16.31,16.37,15.66,
"1562",2015-03-18,13.97,14.6,16.29,13.38,
"1563",2015-03-19,14.07,14.68,14.97,13.84,
"1564",2015-03-20,13.02,13.52,13.53,12.54,
"1565",2015-03-23,13.41,13.52,13.53,12.89,
"1566",2015-03-24,13.62,13.36,13.68,12.59,
"1567",2015-03-25,15.44,13.26,15.55,13.2,
"1568",2015-03-26,15.8,16.64,17.19,15.23,
"1569",2015-03-27,15.07,15.73,15.83,14.19,
"1570",2015-03-30,14.51,14.76,14.76,14.08,
"1571",2015-03-31,15.29,14.97,15.74,14.33,
"1572",2015-04-01,15.11,15.32,16.66,15.08,
"1573",2015-04-02,14.67,15.3,15.51,14.27,
"1574",2015-04-06,14.74,15.75,15.76,14.04,
"1575",2015-04-07,14.78,14.57,14.81,14.01,
"1576",2015-04-08,13.98,14.59,14.77,13.75,
"1577",2015-04-09,13.09,14.14,14.59,13.09,
"1578",2015-04-10,12.58,13.2,13.26,12.51,
"1579",2015-04-13,13.94,13.17,14.31,12.71,
"1580",2015-04-14,13.67,14.34,14.74,13.64,
"1581",2015-04-15,12.84,13.58,13.58,12.83,
"1582",2015-04-16,12.6,13.27,13.35,12.5,
"1583",2015-04-17,13.89,13.97,15.02,13.73,
"1584",2015-04-20,13.3,13.67,13.67,12.83,
"1585",2015-04-21,13.25,12.75,13.51,12.66,
"1586",2015-04-22,12.71,12.97,13.8,12.57,
"1587",2015-04-23,12.48,12.96,12.96,12.12,
"1588",2015-04-24,12.29,12.21,13.02,12.16,
"1589",2015-04-27,13.12,12.34,13.4,12.33,
"1590",2015-04-28,12.41,13.26,14.23,12.41,
"1591",2015-04-29,13.39,13.44,14.34,12.61,
"1592",2015-04-30,14.55,13.89,15.29,12.49,
"1593",2015-05-01,12.7,13.98,13.98,12.68,
"1594",2015-05-04,12.85,13.12,13.18,12.1,
"1595",2015-05-05,14.31,13.21,14.41,12.97,
"1596",2015-05-06,15.15,13.93,16.36,13.89,
"1597",2015-05-07,15.13,15.48,15.97,14.81,
"1598",2015-05-08,12.86,13.36,13.42,12.7,
"1599",2015-05-11,13.85,13.35,13.85,13,
"1600",2015-05-12,13.86,14.73,15.13,13.73,
"1601",2015-05-13,13.76,13.63,14.04,13.06,
"1602",2015-05-14,12.74,13.14,13.29,12.72,
"1603",2015-05-15,12.38,12.46,13.09,12.35,
"1604",2015-05-18,12.73,13.08,13.22,12.55,
"1605",2015-05-19,12.85,12.95,13.13,12.55,
"1606",2015-05-20,12.88,12.9,13.27,12.62,
"1607",2015-05-21,12.11,13.03,13.09,12.09,
"1608",2015-05-22,12.13,12.37,12.37,11.82,
"1609",2015-05-26,14.06,13.45,14.63,13.34,
"1610",2015-05-27,13.27,14.16,14.41,13.05,
"1611",2015-05-28,13.31,13.49,13.99,13.31,
"1612",2015-05-29,13.84,13.59,14.43,13.4,
"1613",2015-06-01,13.97,13.92,14.86,13.47,
"1614",2015-06-02,14.24,14.72,15.05,13.59,
"1615",2015-06-03,13.66,13.73,14.2,13.4,
"1616",2015-06-04,14.71,14.57,15.49,13.99,
"1617",2015-06-05,14.21,15.01,15.65,14.21,
"1618",2015-06-08,15.29,14.84,15.5,14.67,
"1619",2015-06-09,14.47,15.18,15.74,14.47,
"1620",2015-06-10,13.22,14.24,14.37,12.96,
"1621",2015-06-11,12.85,13.04,13.22,12.56,
"1622",2015-06-12,13.78,13.31,14.02,13.3,
"1623",2015-06-15,15.39,15.48,15.57,14.91,
"1624",2015-06-16,14.81,15.62,15.62,14.81,
"1625",2015-06-17,14.5,14.66,15.49,14.07,
"1626",2015-06-18,13.19,14.03,14.03,12.54,
"1627",2015-06-19,13.96,13.35,14,12.96,
"1628",2015-06-22,12.74,13.42,13.46,12.43,
"1629",2015-06-23,12.11,12.5,12.68,11.93,
"1630",2015-06-24,13.26,12.57,13.33,12.01,
"1631",2015-06-25,14.01,12.96,14.16,12.92,
"1632",2015-06-26,14.02,14.13,14.91,13.64,
"1633",2015-06-29,18.85,16.7,19.5,15.82,
"1634",2015-06-30,18.23,17.6,19.8,17.49,
"1635",2015-07-01,16.09,16.63,17.26,15.65,
"1636",2015-07-02,16.79,15.43,17.48,15.39,
"1637",2015-07-06,17.01,18.65,18.95,16.57,
"1638",2015-07-07,16.09,17.22,19.2,15.93,
"1639",2015-07-08,19.66,17.38,19.76,16.94,
"1640",2015-07-09,19.97,17.46,20.05,17.2,
"1641",2015-07-10,16.83,17.45,18.17,16.6,
"1642",2015-07-13,13.9,15.29,15.36,13.82,
"1643",2015-07-14,13.37,13.91,13.95,12.9,
"1644",2015-07-15,13.23,13.35,13.97,12.81,
"1645",2015-07-16,12.11,12.59,12.61,11.87,
"1646",2015-07-17,11.95,11.77,12.22,11.77,
"1647",2015-07-20,12.25,12.25,12.37,11.71,
"1648",2015-07-21,12.22,12.42,12.79,12.21,
"1649",2015-07-22,12.12,12.77,12.83,12.05,
"1650",2015-07-23,12.64,12.06,13.08,11.73,
"1651",2015-07-24,13.74,12.87,14.73,12.86,
"1652",2015-07-27,15.6,15.6,16.27,15.03,
"1653",2015-07-28,13.44,14.87,15.62,13.32,
"1654",2015-07-29,12.5,13.57,13.59,11.85,
"1655",2015-07-30,12.13,12.72,13.42,12.09,
"1656",2015-07-31,12.12,12.03,12.63,11.82,
"1657",2015-08-03,12.56,12.85,13.55,12.32,
"1658",2015-08-04,13,12.66,13.22,12.29,
"1659",2015-08-05,12.51,12.02,12.72,10.88,
"1660",2015-08-06,13.77,12.2,14.25,12.16,
"1661",2015-08-07,13.39,13.57,14.58,13.29,
"1662",2015-08-10,12.23,12.73,12.78,12.18,
"1663",2015-08-11,13.71,13.24,14.33,13.02,
"1664",2015-08-12,13.61,15.19,16.28,13.45,
"1665",2015-08-13,13.49,13.87,14.33,13.06,
"1666",2015-08-14,12.83,13.69,13.87,12.8,
"1667",2015-08-17,13.02,14.32,14.52,13.01,
"1668",2015-08-18,13.79,13.41,13.94,13.17,
"1669",2015-08-19,15.25,14.84,15.96,13.73,
"1670",2015-08-20,19.14,16.55,19.24,16.13,
"1671",2015-08-21,28.03,22.55,28.38,20.8,
"1672",2015-08-24,40.74,28.03,53.29,28.03,
"1673",2015-08-25,36.02,31.13,38.06,28.08,
"1674",2015-08-26,30.32,31.13,35.62,28.67,
"1675",2015-08-27,26.1,27.11,29.9,24.49,
"1676",2015-08-28,26.05,26.69,29.2,25.77,
"1677",2015-08-31,28.43,27.03,29.37,26.63,
"1678",2015-09-01,31.4,31.91,33.82,29.91,
"1679",2015-09-02,26.09,29.14,30.45,24.77,
"1680",2015-09-03,25.61,25.21,26.31,23.45,
"1681",2015-09-04,27.8,27.43,29.47,25.68,
"1682",2015-09-08,24.9,25.05,26.25,24.13,
"1683",2015-09-09,26.23,22.39,26.82,21.51,
"1684",2015-09-10,24.37,26.87,27.22,23.53,
"1685",2015-09-11,23.2,25.38,25.81,23.15,
"1686",2015-09-14,24.25,24.03,25.32,23.64,
"1687",2015-09-15,22.54,23.28,23.77,22.13,
"1688",2015-09-16,21.35,22.57,22.94,21.09,
"1689",2015-09-17,21.14,21.54,23.33,17.87,
"1690",2015-09-18,22.28,23.07,23.99,20.98,
"1691",2015-09-21,20.14,21.97,22.48,20.05,
"1692",2015-09-22,22.44,22.97,26.29,22.25,
"1693",2015-09-23,22.13,22.09,23.2,21.14,
"1694",2015-09-24,23.47,23.53,25.3,21.81,
"1695",2015-09-25,23.62,21.12,24.29,20.81,
"1696",2015-09-28,27.63,25.02,28.33,24.94,
"1697",2015-09-29,26.83,26.57,28.2,25.76,
"1698",2015-09-30,24.5,24.64,25.88,23.25,
"1699",2015-10-01,22.55,23.14,25.23,22.55,
"1700",2015-10-02,20.94,23.99,24.47,20.35,
"1701",2015-10-05,19.54,20.31,20.42,19.14,
"1702",2015-10-06,19.4,19.54,20.32,18.82,
"1703",2015-10-07,18.4,18.96,19.73,18.33,
"1704",2015-10-08,17.42,18.62,19.02,16.34,
"1705",2015-10-09,17.08,17.15,18.2,16.89,
"1706",2015-10-12,16.17,17.68,17.81,16.15,
"1707",2015-10-13,17.67,17.08,17.7,16.14,
"1708",2015-10-14,18.03,17.67,18.78,17.3,
"1709",2015-10-15,16.05,17.62,17.85,16.04,
"1710",2015-10-16,15.05,15.64,16.86,15.05,
"1711",2015-10-19,14.98,15.68,16.23,14.82,
"1712",2015-10-20,15.75,15.17,16.34,14.72,
"1713",2015-10-21,16.7,14.98,16.7,14.41,
"1714",2015-10-22,14.45,15.02,15.92,14.45,
"1715",2015-10-23,14.46,13.46,15.12,13.24,
"1716",2015-10-26,15.29,14.76,15.43,14.68,
"1717",2015-10-27,15.43,15.75,15.99,14.78,
"1718",2015-10-28,14.33,15.14,15.73,12.8,
"1719",2015-10-29,14.61,14.8,15.46,14.33,
"1720",2015-10-30,15.07,14.6,15.39,14,
"1721",2015-11-02,14.15,15.41,15.51,13.67,
"1722",2015-11-03,14.54,14.33,14.73,13.81,
"1723",2015-11-04,15.51,14.04,15.88,13.96,
"1724",2015-11-05,15.05,15.39,16.39,15,
"1725",2015-11-06,14.33,14.91,16,14.32,
"1726",2015-11-09,16.52,15.34,17.09,15.14,
"1727",2015-11-10,15.29,16.69,16.96,15.24,
"1728",2015-11-11,16.06,15.07,16.15,15.02,
"1729",2015-11-12,18.37,17.06,18.5,16.65,
"1730",2015-11-13,20.08,18.68,20.67,18.2,
"1731",2015-11-16,18.16,20.51,20.55,17.25,
"1732",2015-11-17,18.84,17.82,19.59,16.86,
"1733",2015-11-18,16.85,19.01,19.45,16.8,
"1734",2015-11-19,16.99,16.25,18.26,16,
"1735",2015-11-20,15.47,16.13,16.38,15.47,
"1736",2015-11-23,15.62,16.15,16.74,15.38,
"1737",2015-11-24,15.93,16.53,17.21,15.48,
"1738",2015-11-25,15.19,15.55,15.89,15.05,
"1739",2015-11-27,15.12,15.31,16.09,15.12,
"1740",2015-11-30,16.13,15.55,16.57,15.52,
"1741",2015-12-01,14.67,15.61,16.34,14.63,
"1742",2015-12-02,15.91,15.04,16.49,14.71,
"1743",2015-12-03,18.11,15.87,19.35,15.86,
"1744",2015-12-04,14.81,17.43,17.65,14.69,
"1745",2015-12-07,15.84,15.65,17.18,15.58,
"1746",2015-12-08,17.6,17.69,18.33,16.52,
"1747",2015-12-09,19.61,18.05,20.13,15.72,
"1748",2015-12-10,19.34,19.25,19.72,18.13,
"1749",2015-12-11,24.39,21.36,25.27,20.88,
"1750",2015-12-14,22.73,24.7,26.81,21.47,
"1751",2015-12-15,20.95,20.76,21.62,20.02,
"1752",2015-12-16,17.86,19.25,20.24,17.12,
"1753",2015-12-17,18.94,16.18,19.05,16.13,
"1754",2015-12-18,20.7,19.34,23.3,18.75,
"1755",2015-12-21,18.7,19.64,20.21,18.7,
"1756",2015-12-22,16.6,17.61,18.22,16.6,
"1757",2015-12-23,15.57,15.86,16.25,15.33,
"1758",2015-12-24,15.74,15.44,15.88,14.45,
"1759",2015-12-28,16.91,17.65,18.13,16.88,
"1760",2015-12-29,16.08,15.91,16.48,15.63,
"1761",2015-12-30,17.29,16.5,17.42,16.5,
"1762",2015-12-31,18.21,17.97,20.39,17.51,
"1763",2016-01-04,20.7,22.48,23.36,20.67,
"1764",2016-01-05,19.34,20.75,21.06,19.25,
"1765",2016-01-06,20.59,21.67,21.86,19.8,
"1766",2016-01-07,24.99,23.22,25.86,22.4,
"1767",2016-01-08,27.01,22.96,27.08,22.48,
"1768",2016-01-11,24.3,25.58,27.39,23.83,
"1769",2016-01-12,22.47,22.97,23.93,21.91,
"1770",2016-01-13,25.22,21.72,26.11,21.44,
"1771",2016-01-14,23.95,24.75,26.28,23.07,
"1772",2016-01-15,27.02,28.96,30.95,26.67,
"1773",2016-01-19,26.05,25.4,27.59,25.21,
"1774",2016-01-20,27.59,27.78,32.09,26.59,
"1775",2016-01-21,26.69,27.79,28.43,25.01,
"1776",2016-01-22,22.34,24.21,24.55,22.22,
"1777",2016-01-25,24.15,23.3,24.31,22.38,
"1778",2016-01-26,22.5,23.75,24.02,22.33,
"1779",2016-01-27,23.11,22.88,27.22,20.42,
"1780",2016-01-28,22.42,22.15,23.81,21.9,
"1781",2016-01-29,20.2,21.59,21.74,19.5,
"1782",2016-02-01,19.98,21.32,23.66,19.61,
"1783",2016-02-02,21.98,21.34,22.42,21.06,
"1784",2016-02-03,21.65,21.49,27.7,21.42,
"1785",2016-02-04,21.84,22.29,23.14,21.24,
"1786",2016-02-05,23.38,22.09,24.11,21.91,
"1787",2016-02-08,26,25.89,27.72,25.56,
"1788",2016-02-09,26.54,28.3,28.31,25.99,
"1789",2016-02-10,26.29,25.75,26.6,24.47,
"1790",2016-02-11,28.14,29.01,30.9,26.67,
"1791",2016-02-12,25.4,27.16,27.57,24.92,
"1792",2016-02-16,24.11,24.96,25.52,23.32,
"1793",2016-02-17,22.31,23.4,24.16,21.83,
"1794",2016-02-18,21.64,22.16,22.53,21.29,
"1795",2016-02-19,20.53,22.39,23.44,20.52,
"1796",2016-02-22,19.38,20.14,20.35,19.02,
"1797",2016-02-23,20.98,19.75,21.16,19.54,
"1798",2016-02-24,20.72,22.28,22.87,20.26,
"1799",2016-02-25,19.11,20.54,21.26,19.1,
"1800",2016-02-26,19.81,18.89,20.13,18.46,
"1801",2016-02-29,20.55,20.49,20.81,18.38,
"1802",2016-03-01,17.7,19.84,20.17,17.66,
"1803",2016-03-02,17.09,17.98,18.41,16.78,
"1804",2016-03-03,16.7,17.25,17.56,16.32,
"1805",2016-03-04,16.86,16.48,17.35,16.05,
"1806",2016-03-07,17.35,17.98,18.04,16.87,
"1807",2016-03-08,18.67,18.38,18.89,17.82,
"1808",2016-03-09,18.34,18.56,19.11,18.31,
"1809",2016-03-10,18.05,18.17,19.59,17.06,
"1810",2016-03-11,16.5,17.09,17.27,16.28,
"1811",2016-03-14,16.92,17.01,17.67,16.69,
"1812",2016-03-15,16.84,17.6,17.85,16.84,
"1813",2016-03-16,14.99,15.96,16.33,14.89,
"1814",2016-03-17,14.44,15.34,15.38,13.82,
"1815",2016-03-18,14.02,14.05,14.36,13.75,
"1816",2016-03-21,13.79,14.57,14.73,13.79,
"1817",2016-03-22,14.17,14.57,14.76,13.75,
"1818",2016-03-23,14.94,14.57,15.03,14.33,
"1819",2016-03-24,14.74,16.3,16.44,14.71,
"1820",2016-03-28,15.24,15.65,16.04,14.89,
"1821",2016-03-29,13.82,15.74,15.89,13.79,
"1822",2016-03-30,13.56,13.69,13.89,13.06,
"1823",2016-03-31,13.95,13.73,14.28,13.49,
"1824",2016-04-01,13.1,15.23,15.28,13,
"1825",2016-04-04,14.12,13.88,14.24,13.66,
"1826",2016-04-05,15.42,15.39,15.72,14.93,
"1827",2016-04-06,14.09,15.61,15.98,14,
"1828",2016-04-07,16.16,15.14,16.77,14.68,
"1829",2016-04-08,15.36,15.34,15.93,14.84,
"1830",2016-04-11,16.26,15.34,16.26,14.83,
"1831",2016-04-12,14.85,15.98,16.57,14.84,
"1832",2016-04-13,13.84,14.49,14.53,13.6,
"1833",2016-04-14,13.72,13.9,14.12,13.38,
"1834",2016-04-15,13.62,13.99,14.19,13.58,
"1835",2016-04-18,13.35,14.87,14.94,13.23,
"1836",2016-04-19,13.24,13.18,13.88,12.98,
"1837",2016-04-20,13.28,13.39,13.5,12.5,
"1838",2016-04-21,13.95,13.2,14.14,13.16,
"1839",2016-04-22,13.22,13.7,14.19,13.15,
"1840",2016-04-25,14.08,14.07,14.76,13.86,
"1841",2016-04-26,13.96,14.01,14.43,13.66,
"1842",2016-04-27,13.77,14.15,14.95,13.5,
"1843",2016-04-28,15.22,14.53,15.61,13.3,
"1844",2016-04-29,15.7,15.21,17.09,14.91,
"1845",2016-05-02,14.68,16.33,16.5,14.48,
"1846",2016-05-03,15.6,14.92,16.42,14.91,
"1847",2016-05-04,16.05,15.47,16.85,15.39,
"1848",2016-05-05,15.91,15.54,16.45,15.22,
"1849",2016-05-06,14.72,16.2,16.58,14.71,
"1850",2016-05-09,14.57,15.2,15.39,14.17,
"1851",2016-05-10,13.63,13.98,14.35,13.55,
"1852",2016-05-11,14.69,13.92,14.69,13.29,
"1853",2016-05-12,14.41,14.55,15.42,13.95,
"1854",2016-05-13,15.04,15.15,15.47,13.97,
"1855",2016-05-16,14.68,15.72,15.98,14.28,
"1856",2016-05-17,15.57,14.57,16.12,14.48,
"1857",2016-05-18,15.95,15.72,16.47,14.86,
"1858",2016-05-19,16.33,16.37,17.65,16.28,
"1859",2016-05-20,15.2,16.13,16.3,15.11,
"1860",2016-05-23,15.82,16.33,16.47,15.4,
"1861",2016-05-24,14.42,16.03,16.06,14.36,
"1862",2016-05-25,13.9,14.19,14.33,13.64,
"1863",2016-05-26,13.43,13.8,14.11,13.43,
"1864",2016-05-27,13.12,13.49,13.76,13.04,
"1865",2016-05-31,14.19,13.94,15,13.45,
"1866",2016-06-01,14.2,14.45,15.25,14.18,
"1867",2016-06-02,13.63,14.42,14.92,13.62,
"1868",2016-06-03,13.47,13.78,14.66,12.9,
"1869",2016-06-06,13.65,13.84,14.27,13.42,
"1870",2016-06-07,14.05,12.77,14.05,12.72,
"1871",2016-06-08,14.08,13.84,14.27,13.7,
"1872",2016-06-09,14.64,14.01,14.85,13.99,
"1873",2016-06-10,17.03,14.89,17.33,14.85,
"1874",2016-06-13,20.97,18.24,21.01,17.89,
"1875",2016-06-14,20.5,21.28,22.16,20.27,
"1876",2016-06-15,20.14,20.25,20.45,18.63,
"1877",2016-06-16,19.37,20.8,22.89,19.24,
"1878",2016-06-17,19.41,19.42,20.03,18.71,
"1879",2016-06-20,18.37,17.42,18.55,16.59,
"1880",2016-06-21,18.48,17.67,18.96,16.91,
"1881",2016-06-22,21.17,18.26,21.22,17.83,
"1882",2016-06-23,17.25,19.54,19.79,17.25,
"1883",2016-06-24,25.76,26.06,26.24,19.48,
"1884",2016-06-27,23.85,24.38,26.72,22.93,
"1885",2016-06-28,18.75,21.76,22.07,18.75,
"1886",2016-06-29,16.64,18.12,18.27,16.48,
"1887",2016-06-30,15.63,16.91,16.99,15.29,
"1888",2016-07-01,14.77,15.59,15.86,14.61,
"1889",2016-07-05,15.58,16.05,16.62,15.49,
"1890",2016-07-06,14.96,15.87,17.04,14.96,
"1891",2016-07-07,14.76,14.8,15.98,14.33,
"1892",2016-07-08,13.2,14.64,14.75,13.19,
"1893",2016-07-11,13.54,13.25,13.67,13,
"1894",2016-07-12,13.55,12.93,13.93,12.75,
"1895",2016-07-13,13.04,13.32,13.79,12.92,
"1896",2016-07-14,12.82,12.5,13.37,12.14,
"1897",2016-07-15,12.67,13.12,13.22,12.27,
"1898",2016-07-18,12.44,12.75,13.12,12.33,
"1899",2016-07-19,11.97,12.53,12.83,11.94,
"1900",2016-07-20,11.77,11.94,11.97,11.4,
"1901",2016-07-21,12.74,11.8,13.06,11.69,
"1902",2016-07-22,12.02,12.8,12.88,11.97,
"1903",2016-07-25,12.87,12.64,13.72,12.39,
"1904",2016-07-26,13.05,12.88,13.5,12.8,
"1905",2016-07-27,12.83,12.61,13.74,12.5,
"1906",2016-07-28,12.72,12.51,13.52,12.36,
"1907",2016-07-29,11.87,12.85,12.9,11.77,
"1908",2016-08-01,12.44,11.89,12.98,11.86,
"1909",2016-08-02,13.37,12.39,14.24,12.35,
"1910",2016-08-03,12.86,13.53,13.91,12.73,
"1911",2016-08-04,12.42,12.73,12.98,11.79,
"1912",2016-08-05,11.39,12.08,12.26,11.18,
"1913",2016-08-08,11.5,11.66,11.78,11.41,
"1914",2016-08-09,11.66,11.4,11.92,11.02,
"1915",2016-08-10,12.05,11.55,12.5,11.37,
"1916",2016-08-11,11.68,11.93,12.11,11.38,
"1917",2016-08-12,11.55,11.61,12,11.28,
"1918",2016-08-15,11.81,11.81,12.17,11.58,
"1919",2016-08-16,12.64,12.04,12.78,11.87,
"1920",2016-08-17,12.19,12.57,13.71,12.14,
"1921",2016-08-18,11.43,12.2,12.53,11.42,
"1922",2016-08-19,11.34,11.67,12.28,11.33,
"1923",2016-08-22,12.27,12.53,13.02,11.94,
"1924",2016-08-23,12.38,12.15,12.44,11.72,
"1925",2016-08-24,13.45,12.7,14.01,12.3,
"1926",2016-08-25,13.63,13.62,14.09,13.29,
"1927",2016-08-26,13.65,13.54,14.93,12.13,
"1928",2016-08-29,12.94,14.09,14.43,12.9,
"1929",2016-08-30,13.12,12.94,13.6,12.7,
"1930",2016-08-31,13.42,13.14,14.34,12.97,
"1931",2016-09-01,13.48,13.07,14.61,12.99,
"1932",2016-09-02,11.98,13.47,13.9,11.9,
"1933",2016-09-06,12.02,12.42,12.93,11.85,
"1934",2016-09-07,11.94,11.89,12.45,11.77,
"1935",2016-09-08,12.51,11.74,12.6,11.65,
"1936",2016-09-09,17.5,12.52,17.54,12.52,
"1937",2016-09-12,15.16,20.13,20.51,14.76,
"1938",2016-09-13,17.85,15.98,18.97,15.83,
"1939",2016-09-14,18.14,17.63,18.14,16.34,
"1940",2016-09-15,16.3,17.97,18.07,15.74,
"1941",2016-09-16,15.37,16.41,17.1,15.28,
"1942",2016-09-19,15.53,15.14,15.96,14.6,
"1943",2016-09-20,15.92,14.98,16.09,14.69,
"1944",2016-09-21,13.3,15.07,15.65,12.98,
"1945",2016-09-22,12.02,13.39,13.39,11.76,
"1946",2016-09-23,12.29,12,12.58,11.93,
"1947",2016-09-26,14.5,13.26,14.63,13.26,
"1948",2016-09-27,13.1,13.36,14.76,12.97,
"1949",2016-09-28,12.39,12.9,13.57,12.24,
"1950",2016-09-29,14.02,12.53,15.69,12.14,
"1951",2016-09-30,13.29,14.91,15.2,12.53,
"1952",2016-10-03,13.57,13.75,14.42,13.42,
"1953",2016-10-04,13.63,13.4,14.57,12.92,
"1954",2016-10-05,12.99,13.56,13.68,12.7,
"1955",2016-10-06,12.84,13.11,13.84,12.8,
"1956",2016-10-07,13.48,13.52,14.15,12.21,
"1957",2016-10-10,13.38,14.19,14.36,13.29,
"1958",2016-10-11,15.36,13.71,16.47,13.69,
"1959",2016-10-12,15.91,15.53,16.34,15.26,
"1960",2016-10-13,16.69,16.88,17.95,16.14,
"1961",2016-10-14,16.12,16.49,16.5,15.25,
"1962",2016-10-17,16.21,17.01,17.11,16.13,
"1963",2016-10-18,15.28,15.82,15.85,15.03,
"1964",2016-10-19,14.41,15.45,15.68,13.87,
"1965",2016-10-20,13.75,14.43,14.72,13.74,
"1966",2016-10-21,13.34,14.04,14.53,13.27,
"1967",2016-10-24,13.02,13.19,13.26,12.83,
"1968",2016-10-25,13.46,12.91,13.86,12.73,
"1969",2016-10-26,14.24,13.66,14.8,13.66,
"1970",2016-10-27,15.36,14.37,15.43,13.6,
"1971",2016-10-28,16.19,15.67,17.35,14.65,
"1972",2016-10-31,17.06,16.31,17.63,16.25,
"1973",2016-11-01,18.56,16.54,20.43,16.51,
"1974",2016-11-02,19.32,19.09,19.82,18.56,
"1975",2016-11-03,22.08,19.85,22.57,18.84,
"1976",2016-11-04,22.51,21.86,23.01,19.2,
"1977",2016-11-07,18.71,19.78,19.86,18.39,
"1978",2016-11-08,18.74,18.92,19.91,17.7,
"1979",2016-11-09,14.38,20.7,21.48,14.33,
"1980",2016-11-10,14.74,14.01,16.3,13.26,
"1981",2016-11-11,14.17,14.83,16,14.15,
"1982",2016-11-14,14.48,14.69,15.56,14.39,
"1983",2016-11-15,13.37,14.16,14.65,13.3,
"1984",2016-11-16,13.72,13.51,14.49,13.51,
"1985",2016-11-17,13.35,13.37,13.88,12.97,
"1986",2016-11-18,12.85,13.56,13.74,12.85,
"1987",2016-11-21,12.42,13.27,13.44,12.16,
"1988",2016-11-22,12.41,12.26,12.83,12.2,
"1989",2016-11-23,12.43,12.34,13.01,12.19,
"1990",2016-11-25,12.34,12.52,12.74,12.31,
"1991",2016-11-28,13.15,13.4,13.5,12.74,
"1992",2016-11-29,12.9,13.07,13.55,12.62,
"1993",2016-11-30,13.33,12.6,13.42,12.23,
"1994",2016-12-01,14.07,13.4,14.72,13.05,
"1995",2016-12-02,14.12,14.16,14.48,12.39,
"1996",2016-12-05,12.14,13.75,13.77,12.14,
"1997",2016-12-06,11.79,12.19,12.3,11.54,
"1998",2016-12-07,12.22,11.59,12.24,11.33,
"1999",2016-12-08,12.64,12.1,13.4,11.3,
"2000",2016-12-09,11.75,12.59,12.72,11.67,
"2001",2016-12-12,12.64,12.23,12.78,12.07,
"2002",2016-12-13,12.72,12.46,13.42,12.34,
"2003",2016-12-14,13.19,12.88,13.39,12.48,
"2004",2016-12-15,12.79,13.07,13.24,12.46,
"2005",2016-12-16,12.2,12.88,12.95,12.15,
"2006",2016-12-19,11.71,12.5,12.52,11.67,
"2007",2016-12-20,11.45,11.65,11.75,11.38,
"2008",2016-12-21,11.27,11.44,11.49,10.93,
"2009",2016-12-22,11.43,11.32,11.67,11.14,
"2010",2016-12-23,11.44,11.38,11.81,11.35,
"2011",2016-12-27,11.99,12.26,12.33,11.84,
"2012",2016-12-28,12.95,11.89,13.04,11.85,
"2013",2016-12-29,13.37,13.15,13.71,12.95,
"2014",2016-12-30,14.04,13.2,14.68,13.05,
"2015",2017-01-03,12.85,14.07,14.07,12.85,
"2016",2017-01-04,11.85,12.78,12.8,11.63,
"2017",2017-01-05,11.67,11.96,12.09,11.4,
"2018",2017-01-06,11.32,11.7,11.74,10.98,
"2019",2017-01-09,11.56,11.71,12.08,11.46,
"2020",2017-01-10,11.49,11.59,11.79,11.31,
"2021",2017-01-11,11.26,11.56,12.23,11.21,
"2022",2017-01-12,11.54,11.48,12.6,11.32,
"2023",2017-01-13,11.23,11.45,11.62,10.94,
"2024",2017-01-17,11.87,12.2,12.75,11.79,
"2025",2017-01-18,12.48,11.79,12.81,11.69,
"2026",2017-01-19,12.78,12.58,13.28,12.17,
"2027",2017-01-20,11.54,12.58,12.59,11.53,
"2028",2017-01-23,11.77,12.3,12.62,11.59,
"2029",2017-01-24,11.07,11.82,11.89,11.04,
"2030",2017-01-25,10.81,10.79,11.05,10.51,
"2031",2017-01-26,10.63,10.61,11.01,10.6,
"2032",2017-01-27,10.58,10.57,10.82,10.3,
"2033",2017-01-30,11.88,11.1,12.9,11.1,
"2034",2017-01-31,11.99,12.29,12.99,11.79,
"2035",2017-02-01,11.81,11.79,12.05,9.97,
"2036",2017-02-02,11.93,12.37,12.47,11.62,
"2037",2017-02-03,10.97,11.84,11.84,10.72,
"2038",2017-02-06,11.37,11.37,11.84,11.09,
"2039",2017-02-07,11.29,11.39,11.67,11.06,
"2040",2017-02-08,11.45,11.19,11.82,11.15,
"2041",2017-02-09,10.88,11.44,11.53,10.74,
"2042",2017-02-10,10.85,10.85,10.95,10.55,
"2043",2017-02-13,11.07,11.36,11.4,11.07,
"2044",2017-02-14,10.74,11.17,11.34,10.73,
"2045",2017-02-15,11.97,10.84,12.01,10.8,
"2046",2017-02-16,11.76,12.02,12.86,11.69,
"2047",2017-02-17,11.49,11.84,12.26,11.37,
"2048",2017-02-21,11.57,12.05,12.09,11.5,
"2049",2017-02-22,11.74,11.48,12.07,11.44,
"2050",2017-02-23,11.71,11.66,12.46,11.54,
"2051",2017-02-24,11.47,11.81,12.59,11.34,
"2052",2017-02-27,12.09,11.78,12.14,11.53,
"2053",2017-02-28,12.92,12.19,12.96,12.13,
"2054",2017-03-01,12.54,12.31,12.58,11.78,
"2055",2017-03-02,11.81,12.43,12.71,11.32,
"2056",2017-03-03,10.96,11.96,11.97,10.94,
"2057",2017-03-06,11.24,11.59,11.72,11.06,
"2058",2017-03-07,11.45,11.27,11.58,11.04,
"2059",2017-03-08,11.86,11.49,11.86,11.09,
"2060",2017-03-09,12.3,11.75,12.43,11.62,
"2061",2017-03-10,11.66,11.97,12.09,11.46,
"2062",2017-03-13,11.35,12.16,12.23,11.29,
"2063",2017-03-14,12.3,11.39,12.54,11.28,
"2064",2017-03-15,11.63,12.12,12.25,10.6,
"2065",2017-03-16,11.21,11.29,11.55,11.16,
"2066",2017-03-17,11.28,11.38,11.38,10.78,
"2067",2017-03-20,11.34,11.71,11.72,11.03,
"2068",2017-03-21,12.47,11.15,12.85,10.92,
"2069",2017-03-22,12.81,12.95,13.16,11.99,
"2070",2017-03-23,13.12,12.65,13.17,12.18,
"2071",2017-03-24,12.96,12.86,14.16,12.27,
"2072",2017-03-27,12.5,14.78,15.11,12.48,
"2073",2017-03-28,11.53,12.44,12.67,11.34,
"2074",2017-03-29,11.42,11.54,11.7,11.03,
"2075",2017-03-30,11.54,11.37,11.64,11.12,
"2076",2017-03-31,12.37,11.61,12.54,11.5,
"2077",2017-04-03,12.38,12.59,13.59,12.27,
"2078",2017-04-04,11.79,12.71,13.07,11.7,
"2079",2017-04-05,12.89,11.89,12.89,10.9,
"2080",2017-04-06,12.39,13.11,13.22,11.7,
"2081",2017-04-07,12.87,13.17,13.43,12.23,
"2082",2017-04-10,14.05,13.24,14.11,12.94,
"2083",2017-04-11,15.07,14.32,15.88,14.17,
"2084",2017-04-12,15.77,15.16,16.16,14.84,
"2085",2017-04-13,15.96,15.89,16.22,14.97,
"2086",2017-04-17,14.66,16.19,16.28,14.6,
"2087",2017-04-18,14.42,14.5,15.5,14.29,
"2088",2017-04-19,14.93,14,15.15,13.46,
"2089",2017-04-20,14.15,14.59,14.81,13.83,
"2090",2017-04-21,14.63,13.85,15.33,13.85,
"2091",2017-04-24,10.84,11.56,12.01,10.82,
"2092",2017-04-25,10.76,10.81,11.15,10.22,
"2093",2017-04-26,10.85,10.61,10.89,10.39,
"2094",2017-04-27,10.36,10.72,11.08,10.33,
"2095",2017-04-28,10.82,10.39,11.16,10.29,
"2096",2017-05-01,10.11,10.92,11.04,9.9,
"2097",2017-05-02,10.59,10.15,10.59,10.04,
"2098",2017-05-03,10.68,10.56,11.15,10.4,
"2099",2017-05-04,10.46,10.71,11.24,10.27,
"2100",2017-05-05,10.57,10.51,10.98,9.99,
"2101",2017-05-08,9.77,10.53,10.55,9.67,
"2102",2017-05-09,9.96,9.87,10.14,9.56,
"2103",2017-05-10,10.21,9.75,10.24,9.62,
"2104",2017-05-11,10.6,10.34,11.23,10.32,
"2105",2017-05-12,10.4,10.72,10.87,10.28,
"2106",2017-05-15,10.42,10.54,10.88,10.25,
"2107",2017-05-16,10.65,10.46,10.67,10.18,
"2108",2017-05-17,15.59,11.89,15.59,11.53,
"2109",2017-05-18,14.66,14.06,16.3,14.03,
"2110",2017-05-19,12.04,14.23,14.23,11.72,
"2111",2017-05-22,10.93,12.29,12.52,10.89,
"2112",2017-05-23,10.72,11,11,10.56,
"2113",2017-05-24,10.02,10.61,10.9,9.88,
"2114",2017-05-25,9.99,9.82,10.29,9.72,
"2115",2017-05-26,9.81,9.93,10.48,9.65,
"2116",2017-05-30,10.38,10.61,10.84,10.14,
"2117",2017-05-31,10.41,10.1,11.3,9.93,
"2118",2017-06-01,9.89,10.42,10.54,9.69,
"2119",2017-06-02,9.75,10.08,10.3,9.58,
"2120",2017-06-05,10.07,10.08,10.28,9.6,
"2121",2017-06-06,10.45,10.19,10.77,9.86,
"2122",2017-06-07,10.39,10.48,10.93,10.12,
"2123",2017-06-08,10.16,10.27,10.53,9.73,
"2124",2017-06-09,10.7,9.93,12.11,9.37,
"2125",2017-06-12,11.46,11.19,12.37,11.19,
"2126",2017-06-13,10.42,11.12,11.14,10.26,
"2127",2017-06-14,10.64,10.33,11.26,10.01,
"2128",2017-06-15,10.9,11.06,12.01,10.74,
"2129",2017-06-16,10.38,10.63,11.35,10.26,
"2130",2017-06-19,10.37,10.57,10.6,10.01,
"2131",2017-06-20,10.86,10.28,11.15,10.24,
"2132",2017-06-21,10.75,11.03,11.4,10.4,
"2133",2017-06-22,10.48,10.81,11.01,10.24,
"2134",2017-06-23,10.02,10.25,10.69,9.85,
"2135",2017-06-26,9.9,10.13,10.44,9.68,
"2136",2017-06-27,11.06,10.04,11.31,9.8,
"2137",2017-06-28,10.03,11.17,11.49,9.76,
"2138",2017-06-29,11.44,9.79,15.16,9.73,
"2139",2017-06-30,11.18,11.74,11.85,10.4,
"2140",2017-07-03,11.22,11.07,11.45,10.28,
"2141",2017-07-05,11.07,11.2,12.03,10.79,
"2142",2017-07-06,12.54,11.2,13.05,11.18,
"2143",2017-07-07,11.19,12.48,12.57,10.98,
"2144",2017-07-10,11.11,11.26,11.73,10.61,
"2145",2017-07-11,10.89,10.79,12.14,10.68,
"2146",2017-07-12,10.3,10.85,10.85,10.08,
"2147",2017-07-13,9.9,10.07,10.4,9.9,
"2148",2017-07-14,9.51,10.09,10.14,9.5,
"2149",2017-07-17,9.82,9.77,10.03,9.71,
"2150",2017-07-18,9.89,9.86,10.35,9.66,
"2151",2017-07-19,9.79,9.69,9.94,9.58,
"2152",2017-07-20,9.58,9.66,10.28,9.5,
"2153",2017-07-21,9.36,9.52,9.98,9.3,
"2154",2017-07-24,9.43,9.94,9.97,9.26,
"2155",2017-07-25,9.43,9.4,9.52,9.04,
"2156",2017-07-26,9.6,9.25,9.66,8.84,
"2157",2017-07-27,10.11,9.33,11.5,9.16,
"2158",2017-07-28,10.29,10.62,11.3,10.26,
"2159",2017-07-31,10.26,10.53,10.84,10.23,
"2160",2017-08-01,10.09,10.19,10.56,9.95,
"2161",2017-08-02,10.28,10.08,10.81,9.8,
"2162",2017-08-03,10.44,10.47,10.6,9.9,
"2163",2017-08-04,10.03,10.48,10.5,9.68,
"2164",2017-08-07,9.93,10.19,10.32,9.76,
"2165",2017-08-08,10.96,10.04,11.52,9.52,
"2166",2017-08-09,11.11,11.49,12.63,11.11,
"2167",2017-08-10,16.04,11.57,16.17,11.56,
"2168",2017-08-11,15.51,16.17,17.28,14.5,
"2169",2017-08-14,12.33,14.05,14.05,12.06,
"2170",2017-08-15,12.04,11.78,12.37,11.45,
"2171",2017-08-16,11.74,11.59,12.54,11.25,
"2172",2017-08-17,15.55,11.81,15.77,11.54,
"2173",2017-08-18,14.26,15.38,16.04,13.32,
"2174",2017-08-21,13.19,14.59,14.74,13.07,
"2175",2017-08-22,11.35,12.6,12.94,11.35,
"2176",2017-08-23,12.25,11.51,12.59,11.39,
"2177",2017-08-24,12.23,12.06,12.83,11.55,
"2178",2017-08-25,11.28,12.2,12.45,11.1,
"2179",2017-08-28,11.32,12.09,12.11,11.23,
"2180",2017-08-29,11.7,13.33,14.34,11.48,
"2181",2017-08-30,11.22,11.4,11.98,10.96,
"2182",2017-08-31,10.59,11.07,11.22,10.34,
"2183",2017-09-01,10.13,10.33,10.46,10.02,
"2184",2017-09-05,12.23,11.75,14.06,11.41,
"2185",2017-09-06,11.63,12.27,12.59,11.35,
"2186",2017-09-07,11.55,11.93,12.07,11.32,
"2187",2017-09-08,12.12,11.87,12.6,11.84,
"2188",2017-09-11,10.73,11.38,11.39,10.51,
"2189",2017-09-12,10.58,10.66,10.95,10.29,
"2190",2017-09-13,10.5,10.72,10.86,10.33,
"2191",2017-09-14,10.44,10.57,11.04,10.28,
"2192",2017-09-15,10.17,10.51,10.74,10,
"2193",2017-09-18,10.15,10.18,10.42,9.88,
"2194",2017-09-19,10.18,10.16,10.3,9.85,
"2195",2017-09-20,9.78,10.04,10.67,9.67,
"2196",2017-09-21,9.67,9.74,10.21,9.54,
"2197",2017-09-22,9.59,9.9,10.2,9.5,
"2198",2017-09-25,10.21,10.08,11.21,9.79,
"2199",2017-09-26,10.17,10.42,10.68,9.94,
"2200",2017-09-27,9.87,9.9,10.42,9.63,
"2201",2017-09-28,9.55,9.74,10.13,9.55,
"2202",2017-09-29,9.51,9.59,9.83,9.36,
"2203",2017-10-02,9.45,9.59,10.04,9.37,
"2204",2017-10-03,9.51,9.3,9.75,9.3,
"2205",2017-10-04,9.63,9.53,9.88,9.53,
"2206",2017-10-05,9.19,9.48,9.62,9.13,
"2207",2017-10-06,9.65,9.23,10.27,9.11,
"2208",2017-10-09,10.33,9.92,10.53,9.88,
"2209",2017-10-10,10.08,10.15,10.66,9.94,
"2210",2017-10-11,9.85,9.95,10.38,9.72,
"2211",2017-10-12,9.91,9.94,10.33,9.65,
"2212",2017-10-13,9.61,9.95,9.98,9.44,
"2213",2017-10-16,9.91,9.95,10.02,9.75,
"2214",2017-10-17,10.31,9.85,10.46,9.78,
"2215",2017-10-18,10.07,10.34,10.41,9.87,
"2216",2017-10-19,10.05,10.22,11.77,9.99,
"2217",2017-10-20,9.97,9.92,10.04,9.29,
"2218",2017-10-23,11.07,10.25,11.08,9.94,
"2219",2017-10-24,11.16,10.89,11.16,10.39,
"2220",2017-10-25,11.23,11.34,13.2,10.99,
"2221",2017-10-26,11.3,11.17,11.81,10.6,
"2222",2017-10-27,9.8,11.12,11.12,9.74,
"2223",2017-10-30,10.5,10.28,10.89,10.1,
"2224",2017-10-31,10.18,10.34,10.37,9.9,
"2225",2017-11-01,10.2,9.79,10.49,9.74,
"2226",2017-11-02,9.93,10.44,10.89,9.67,
"2227",2017-11-03,9.14,9.83,9.91,8.99,
"2228",2017-11-06,9.4,9.63,9.74,9.38,
"2229",2017-11-07,9.89,9.31,10.31,9.29,
"2230",2017-11-08,10,9.79,10.06,9.73,
