"","FTSE China A50 (FTXIN9)_history.csv Date","FTSE China A50 (FTXIN9)_history.csv Price","FTSE China A50 (FTXIN9)_history.csv Open","FTSE China A50 (FTXIN9)_history.csv High","FTSE China A50 (FTXIN9)_history.csv Low","FTSE China A50 (FTXIN9)_history.csv Volume"
"1",2010-05-19,9047.81,9106.26,9191.26,8929.31,
"2",2010-05-20,8924.33,9047.81,9143,8905.52,
"3",2010-05-21,9026.51,8924.33,9030.58,8686.36,
"4",2010-05-24,9317.78,9026.51,9375.71,9026.51,
"5",2010-05-25,9077.53,9317.78,9317.78,9050.91,
"6",2010-05-26,9086.82,9077.53,9168.69,9043.21,
"7",2010-05-27,9200.71,9086.82,9222.54,8942.76,
"8",2010-05-28,9161.5,9200.71,9302.41,9114.93,
"9",2010-05-31,8942.28,9161.5,9167.19,8936.69,
"10",2010-06-01,8881.09,8942.28,8998.67,8816.06,
"11",2010-06-02,8851.37,8881.09,8881.28,8706.23,
"12",2010-06-03,8797.88,8851.37,8944.46,8793.9,
"13",2010-06-04,8806.41,8797.88,8820.78,8725.98,
"14",2010-06-07,8601.51,8806.41,8806.41,8561.16,
"15",2010-06-08,8556.95,8601.51,8659.25,8488.68,
"16",2010-06-09,8849.99,8556.95,8880.51,8493.91,
"17",2010-06-10,8701.65,8849.99,8849.99,8690.21,
"18",2010-06-11,8741.54,8701.65,8830.11,8701.65,
"19",2010-06-17,8735.97,8741.54,8824.3,8733.16,
"20",2010-06-18,8678.93,8735.97,8819.82,8655.22,
"21",2010-06-21,8978.54,8678.93,9008.56,8678.93,
"22",2010-06-22,8977.9,8978.54,9014.38,8930.08,
"23",2010-06-23,8908.01,8977.9,8994.81,8832.1,
"24",2010-06-24,8902.42,8908.01,8997.13,8832.8,
"25",2010-06-25,8900.66,8902.42,8956.7,8832.11,
"26",2010-06-28,8872.84,8900.66,8978.81,8855.93,
"27",2010-06-29,8532.43,8872.84,8893.92,8529.51,
"28",2010-06-30,8466.91,8532.43,8532.43,8433.89,
"29",2010-07-01,8374.75,8466.91,8501.94,8368.14,
"30",2010-07-02,8440.21,8374.75,8456.3,8251.87,
"31",2010-07-05,8378.41,8440.21,8440.38,8273.27,
"32",2010-07-06,8510.66,8378.41,8511.98,8348.46,
"33",2010-07-07,8533.87,8510.66,8533.87,8448.69,
"34",2010-07-08,8527.26,8533.87,8613.72,8501.14,
"35",2010-07-09,8728.8,8527.26,8785.32,8467.93,
"36",2010-07-12,8808.78,8728.8,8851.64,8680.34,
"37",2010-07-13,8689.29,8808.78,8808.78,8641.82,
"38",2010-07-14,8742.88,8689.29,8837.02,8689.29,
"39",2010-07-15,8609.99,8742.88,8830.65,8607.14,
"40",2010-07-16,8610.82,8609.99,8635.24,8501.43,
"41",2010-07-19,8790.56,8610.82,8821.73,8520.06,
"42",2010-07-20,8925.94,8790.56,8953.37,8789.32,
"43",2010-07-21,8942.12,8925.94,8992.61,8891.28,
"44",2010-07-22,9023.72,8942.12,9033.66,8898.34,
"45",2010-07-23,9080.22,9023.72,9125.78,9019.66,
"46",2010-07-26,9093.15,9080.22,9121.97,9007.05,
"47",2010-07-27,9037.35,9093.15,9093.15,9009.01,
"48",2010-07-28,9247.49,9037.35,9252.97,9018.87,
"49",2010-07-29,9283.68,9247.49,9320.3,9221.21,
"50",2010-07-30,9252.64,9283.68,9283.68,9190.75,
"51",2010-08-02,9386.76,9252.64,9406.19,9236.34,
"52",2010-08-03,9229.21,9386.76,9420.47,9227.51,
"53",2010-08-04,9234.29,9229.21,9263.16,9089.16,
"54",2010-08-05,9123.37,9234.29,9234.29,9082.33,
"55",2010-08-06,9231.25,9123.37,9238.08,9033.4,
"56",2010-08-09,9258.15,9231.25,9287.08,9185.16,
"57",2010-08-10,9023.06,9258.15,9268.28,9020.22,
"58",2010-08-11,9048.83,9023.06,9096.11,8995.57,
"59",2010-08-12,8936.99,9048.83,9063.2,8919.65,
"60",2010-08-13,9023.99,8936.99,9028.1,8882.52,
"61",2010-08-16,9216.96,9023.99,9233.95,8975.66,
"62",2010-08-17,9261.2,9216.96,9290.15,9193.38,
"63",2010-08-18,9237.49,9261.2,9334.87,9226.6,
"64",2010-08-19,9305.98,9237.49,9358.24,9217.43,
"65",2010-08-20,9189.52,9305.98,9331.58,9175.34,
"66",2010-08-23,9181.02,9189.52,9266.86,9158.98,
"67",2010-08-24,9194.23,9181.02,9270.28,9083.19,
"68",2010-08-25,9005.08,9194.23,9194.23,9000.64,
"69",2010-08-26,9008.93,9005.08,9078.21,8976.58,
"70",2010-08-27,9027.69,9008.93,9032.1,8959.33,
"71",2010-08-30,9150.49,9027.69,9180.77,9027.69,
"72",2010-08-31,9073.02,9150.49,9150.49,9046.64,
"73",2010-09-01,9050.77,9073.02,9189.3,8989.9,
"74",2010-09-02,9147.39,9050.77,9199.58,9050.77,
"75",2010-09-03,9118.01,9147.39,9161.52,9044.84,
"76",2010-09-06,9329.07,9118.01,9337.81,9118.01,
"77",2010-09-07,9317.94,9329.07,9361.12,9266.95,
"78",2010-09-08,9231.75,9317.94,9317.94,9183.1,
"79",2010-09-09,9048.26,9231.75,9241.39,9032.96,
"80",2010-09-10,9040.95,9048.26,9086.2,8949.26,
"81",2010-09-13,9081.2,9040.95,9144.45,8996.48,
"82",2010-09-14,9096.95,9081.2,9154.01,9071.56,
"83",2010-09-15,8941.13,9096.95,9098.76,8924.6,
"84",2010-09-16,8777.69,8941.13,8956.67,8711.89,
"85",2010-09-17,8774.42,8777.69,8829.04,8744.32,
"86",2010-09-20,8796.71,8774.42,8858.58,8715.41,
"87",2010-09-21,8827.9,8796.71,8868.3,8796.71,
"88",2010-09-27,8891.62,8827.9,8897.69,8812.78,
"89",2010-09-28,8792.53,8891.62,8891.62,8781.21,
"90",2010-09-29,8814.83,8792.53,8912.97,8770.26,
"91",2010-09-30,8994.55,8814.83,9001.34,8750.47,
"92",2010-10-08,9337.46,8994.55,9374.58,8994.55,
"93",2010-10-11,9676.06,9337.46,9746.45,9337.46,
"94",2010-10-12,9770.73,9676.06,9774.51,9589.2,
"95",2010-10-13,9925.17,9770.73,9928.37,9748.91,
"96",2010-10-14,10042.63,9925.17,10260.87,9925.17,
"97",2010-10-15,10443.04,10042.63,10448.32,9971.04,
"98",2010-10-18,10424.41,10443.04,10726.8,10391.74,
"99",2010-10-19,10595.56,10424.41,10595.56,10317.5,
"100",2010-10-20,10680.67,10595.56,10827.42,10435.94,
"101",2010-10-21,10480.29,10680.67,10695.5,10411.68,
"102",2010-10-22,10436.82,10480.29,10544.74,10350.59,
"103",2010-10-25,10722.21,10436.82,10724.62,10346.75,
"104",2010-10-26,10603.17,10722.21,10775.7,10537.26,
"105",2010-10-27,10396.82,10603.17,10708.82,10382.97,
"106",2010-10-28,10397.37,10396.82,10456.25,10307.37,
"107",2010-10-29,10235.73,10397.37,10403.65,10184.84,
"108",2010-11-01,10421.56,10235.73,10428.51,10235.73,
"109",2010-11-02,10367.15,10421.56,10528.89,10266.73,
"110",2010-11-03,10378.47,10367.15,10518.55,10237.12,
"111",2010-11-04,10501.06,10378.47,10515.32,10378.26,
"112",2010-11-05,10581.86,10501.06,10695.05,10501.06,
"113",2010-11-08,10619.22,10581.86,10661.62,10538.98,
"114",2010-11-09,10454.8,10619.22,10623.65,10399.49,
"115",2010-11-10,10338.64,10454.8,10454.8,10270.77,
"116",2010-11-11,10447.43,10338.64,10569.02,10297.63,
"117",2010-11-12,9889.34,10447.43,10447.43,9870.77,
"118",2010-11-15,9906.24,9889.34,9954.08,9710.19,
"119",2010-11-16,9494.44,9906.24,9906.24,9465.45,
"120",2010-11-17,9410.4,9494.44,9552.63,9357.67,
"121",2010-11-18,9506.23,9410.4,9538.19,9390.4,
"122",2010-11-19,9524.99,9506.23,9567.83,9252.51,
"123",2010-11-22,9459.05,9524.99,9558.22,9404.62,
"124",2010-11-23,9294.61,9459.05,9459.05,9191.41,
"125",2010-11-24,9448.37,9294.61,9498.39,9264.18,
"126",2010-11-25,9566.17,9448.37,9582.74,9386.3,
"127",2010-11-26,9469.46,9566.17,9566.17,9416.73,
"128",2010-11-29,9449.07,9469.46,9505.23,9377.58,
"129",2010-11-30,9301.29,9449.07,9483.98,9140.56,
"130",2010-12-01,9305.57,9301.29,9345.09,9239.03,
"131",2010-12-02,9385.51,9305.57,9480.03,9305.57,
"132",2010-12-03,9428.25,9385.51,9469.36,9375.12,
"133",2010-12-06,9534.97,9428.25,9575.37,9428.25,
"134",2010-12-07,9598.47,9534.97,9637.7,9393.52,
"135",2010-12-08,9459.64,9598.47,9614.49,9448.07,
"136",2010-12-09,9346.5,9459.64,9483.23,9338.83,
"137",2010-12-10,9458.04,9346.5,9481.5,9296.15,
"138",2010-12-13,9700.47,9458.04,9701.32,9458.04,
"139",2010-12-14,9670.19,9700.47,9747.55,9648.42,
"140",2010-12-15,9598.06,9670.19,9703.03,9590.87,
"141",2010-12-16,9523.19,9598.06,9621.35,9506.74,
"142",2010-12-17,9481.16,9523.19,9531.66,9443.13,
"143",2010-12-20,9309.66,9481.16,9535.77,9194.57,
"144",2010-12-21,9553.02,9309.66,9564.32,9294.02,
"145",2010-12-22,9419.3,9553.02,9587.67,9373.93,
"146",2010-12-23,9401.73,9419.3,9549.36,9362.18,
"147",2010-12-24,9391.64,9401.73,9452.92,9303.15,
"148",2010-12-27,9216.58,9391.64,9531.43,9200.93,
"149",2010-12-28,9084.88,9216.58,9230.34,9080.99,
"150",2010-12-29,9100.65,9084.88,9127.39,9024.5,
"151",2010-12-30,9064.09,9100.65,9119.18,8970.96,
"152",2010-12-31,9198.48,9064.09,9204.8,9064.09,
"153",2011-01-04,9352.12,9198.48,9373.07,9198.48,
"154",2011-01-05,9269.05,9352.12,9355.44,9247.29,
"155",2011-01-06,9195.08,9269.05,9316.34,9163.36,
"156",2011-01-07,9325.79,9195.08,9447.81,9139.69,
"157",2011-01-10,9175.57,9325.79,9387.57,9164.89,
"158",2011-01-11,9278.22,9175.57,9307.75,9134.72,
"159",2011-01-12,9357.73,9278.22,9372.69,9224.18,
"160",2011-01-13,9360.74,9357.73,9395.13,9322.77,
"161",2011-01-14,9260.11,9360.74,9360.74,9230.27,
"162",2011-01-17,8951.17,9260.11,9260.11,8924.15,
"163",2011-01-18,8977.94,8951.17,9017.4,8896.31,
"164",2011-01-19,9105.07,8977.94,9108.01,8937.02,
"165",2011-01-20,8852.73,9105.07,9105.07,8850.99,
"166",2011-01-21,9002.51,8852.73,9152.47,8843.64,
"167",2011-01-24,8955.69,9002.51,9054.24,8912.88,
"168",2011-01-25,8950.87,8955.69,9002.32,8901.95,
"169",2011-01-26,9038.46,8950.87,9055.55,8950.87,
"170",2011-01-27,9137.4,9038.46,9158.44,8911.71,
"171",2011-01-28,9112.77,9137.4,9156.77,9057.88,
"172",2011-01-31,9179.16,9179.16,9179.16,9179.16,
"173",2011-02-01,9194.95,9194.95,9194.95,9194.95,
"174",2011-02-09,9091.76,9194.95,9235.95,9079.27,
"175",2011-02-10,9248.34,9091.76,9254.33,9055.69,
"176",2011-02-11,9263.52,9248.34,9293.84,9210.62,
"177",2011-02-14,9593.54,9263.52,9613.19,9259.4,
"178",2011-02-15,9560.78,9593.54,9679.82,9552.55,
"179",2011-02-16,9581.26,9560.78,9582.25,9469.42,
"180",2011-02-17,9546.24,9581.26,9639.85,9495.88,
"181",2011-02-18,9482.1,9546.24,9557.16,9456.74,
"182",2011-02-21,9557.5,9482.1,9560.16,9422.25,
"183",2011-02-22,9279.4,9557.5,9583.09,9275.53,
"184",2011-02-23,9277.72,9279.4,9300.9,9220.55,
"185",2011-02-24,9316.7,9277.72,9332.04,9217.84,
"186",2011-02-25,9346.35,9316.7,9408.55,9261.44,
"187",2011-02-28,9424.36,9346.35,9430.19,9289.82,
"188",2011-03-01,9486.05,9424.36,9547.25,9420.68,
"189",2011-03-02,9488.25,9486.05,9541.09,9402.69,
"190",2011-03-03,9537.64,9488.25,9682.99,9487.99,
"191",2011-03-04,9676.48,9537.64,9688.48,9532.82,
"192",2011-03-07,9853.7,9676.48,9868.07,9676.48,
"193",2011-03-08,9844.73,9853.7,9897.16,9774.64,
"194",2011-03-09,9850.07,9844.73,9914.86,9812.13,
"195",2011-03-10,9646.14,9850.07,9850.07,9640.36,
"196",2011-03-11,9534.88,9646.14,9656.62,9508.64,
"197",2011-03-14,9564.54,9534.88,9570.45,9494.74,
"198",2011-03-15,9387.69,9564.54,9564.54,9264.94,
"199",2011-03-16,9522.38,9387.69,9535.1,9385.9,
"200",2011-03-17,9396.49,9522.38,9522.38,9364.24,
"201",2011-03-18,9406.32,9396.49,9508.97,9393.29,
"202",2011-03-21,9409.32,9406.32,9483.2,9374.8,
"203",2011-03-22,9495.16,9409.32,9516.11,9349.56,
"204",2011-03-23,9577.98,9495.16,9589.81,9468.25,
"205",2011-03-24,9534.52,9577.98,9597.6,9529.38,
"206",2011-03-25,9650.14,9534.52,9685.98,9534.52,
"207",2011-03-28,9654.43,9650.14,9774.29,9644.12,
"208",2011-03-29,9640.67,9654.43,9773.27,9615.05,
"209",2011-03-30,9647.46,9640.67,9713.18,9580.3,
"210",2011-03-31,9568.42,9647.46,9686.52,9537.46,
"211",2011-04-01,9746.12,9568.42,9747.47,9565.24,
"212",2011-04-06,9936.69,9746.12,9963.72,9746.12,
"213",2011-04-07,9954.79,9936.69,9986.88,9899.05,
"214",2011-04-08,9997.09,9954.79,10010.41,9906.58,
"215",2011-04-11,9941.46,9997.09,10107.3,9936.32,
"216",2011-04-12,9920.16,9941.46,9980.14,9867.16,
"217",2011-04-13,10086.4,9920.16,10087.43,9854.17,
"218",2011-04-14,10039.38,10086.4,10133.21,10021.46,
"219",2011-04-15,10086.61,10039.38,10146.69,9970.89,
"220",2011-04-18,10082.04,10086.61,10141.8,10011.9,
"221",2011-04-19,9868.34,10082.04,10082.04,9867.21,
"222",2011-04-20,9845.22,9868.34,9916.68,9802.33,
"223",2011-04-21,9908.1,9845.22,9974.72,9845.22,
"224",2011-04-22,9846.77,9908.1,9937.25,9826.91,
"225",2011-04-25,9765.32,9846.77,9853.98,9734.96,
"226",2011-04-26,9729.86,9765.32,9804.01,9694.58,
"227",2011-04-27,9716.4,9729.86,9823.55,9660.55,
"228",2011-04-28,9690.23,9716.4,9871.41,9684.83,
"229",2011-04-29,9707.64,9690.23,9716.96,9575.09,
"230",2011-05-03,9730.86,9707.64,9742.07,9627.64,
"231",2011-05-04,9469.3,9730.86,9730.86,9454.16,
"232",2011-05-05,9450.54,9469.3,9483.03,9398.09,
"233",2011-05-06,9398.72,9450.54,9464.36,9331.69,
"234",2011-05-09,9387.72,9398.72,9468.41,9356.6,
"235",2011-05-10,9462.9,9387.72,9472.68,9363.02,
"236",2011-05-11,9417.99,9462.9,9480.3,9382.55,
"237",2011-05-12,9307.48,9417.99,9417.99,9304.15,
"238",2011-05-13,9390.66,9307.48,9393.73,9258.18,
"239",2011-05-16,9287.04,9390.66,9406.29,9279.92,
"240",2011-05-17,9349.12,9287.04,9414.73,9250.44,
"241",2011-05-18,9437.34,9349.12,9460.05,9323.04,
"242",2011-05-19,9401.13,9437.34,9494.56,9391.86,
"243",2011-05-20,9416.63,9401.13,9457.51,9385.31,
"244",2011-05-23,9141.53,9416.63,9416.85,9130.88,
"245",2011-05-24,9126.61,9141.53,9151.81,9090.43,
"246",2011-05-25,9005.93,9126.61,9130.84,8999.39,
"247",2011-05-26,9016.48,9005.93,9088.66,9005.93,
"248",2011-05-27,9034.09,9016.48,9115.58,9012.42,
"249",2011-05-30,9068.22,9034.09,9119.24,8985.94,
"250",2011-05-31,9190.18,9068.22,9191.66,9056.82,
"251",2011-06-01,9165.16,9190.18,9195.38,9139.5,
"252",2011-06-02,8977.52,9165.16,9165.16,8897.23,
"253",2011-06-03,9043.88,8977.52,9062.85,8958.84,
"254",2011-06-07,9078.31,9043.88,9084.98,9002.72,
"255",2011-06-08,9069.07,9078.31,9091.17,8957.61,
"256",2011-06-09,8911.62,9069.07,9069.07,8909.5,
"257",2011-06-10,8932.86,8911.62,8943.57,8845.77,
"258",2011-06-13,8910.92,8932.86,8934.09,8819.57,
"259",2011-06-14,9032.85,8910.92,9063.37,8891.88,
"260",2011-06-15,8938.91,9032.85,9036.81,8937.79,
"261",2011-06-16,8835.25,8938.91,8938.91,8827.79,
"262",2011-06-17,8789.38,8835.25,8884.02,8784.43,
"263",2011-06-20,8753.43,8789.38,8800.22,8711.03,
"264",2011-06-21,8837.24,8753.43,8846.59,8753.43,
"265",2011-06-22,8852.66,8837.24,8894.47,8806.35,
"266",2011-06-23,8979.75,8852.66,9006.47,8792.79,
"267",2011-06-24,9192.03,8979.75,9255.93,8931.02,
"268",2011-06-27,9187.85,9192.03,9249.3,9137.58,
"269",2011-06-28,9178.04,9187.85,9206.33,9093.05,
"270",2011-06-29,9050.4,9178.04,9178.04,9044.25,
"271",2011-06-30,9187.21,9050.4,9236.66,9050.11,
"272",2011-07-01,9160.89,9187.21,9235.1,9133.84,
"273",2011-07-04,9364.91,9160.89,9376.06,9160.89,
"274",2011-07-05,9337.53,9364.91,9394.66,9297.06,
"275",2011-07-06,9298.32,9337.53,9337.53,9205.08,
"276",2011-07-07,9251.27,9298.32,9386.31,9242.12,
"277",2011-07-08,9290.26,9251.27,9343.38,9238.97,
"278",2011-07-11,9273.98,9290.26,9294.98,9201.39,
"279",2011-07-12,9092.81,9273.98,9273.98,9083.21,
"280",2011-07-13,9218.58,9092.81,9239.43,9092.81,
"281",2011-07-14,9226.34,9218.58,9262.37,9167.64,
"282",2011-07-15,9257.81,9226.34,9269.66,9168.13,
"283",2011-07-18,9231.3,9257.81,9272.79,9201.89,
"284",2011-07-19,9150.71,9231.29,9231.29,9138.98,
"285",2011-07-20,9147.47,9150.71,9216.86,9099.01,
"286",2011-07-21,9057.34,9147.47,9167.31,9048.4,
"287",2011-07-22,9072.92,9057.34,9116.99,9049.64,
"288",2011-07-25,8823.92,9072.92,9072.92,8797.75,
"289",2011-07-26,8845.27,8823.92,8873.47,8802.54,
"290",2011-07-27,8856.79,8845.27,8866.19,8773.15,
"291",2011-07-28,8765.9,8856.79,8856.79,8716.64,
"292",2011-07-29,8810.24,8765.9,8888.21,8695.54,
"293",2011-08-01,8805.53,8810.24,8848.83,8758.7,
"294",2011-08-02,8732.17,8805.53,8805.53,8647.53,
"295",2011-08-03,8724.49,8732.17,8764.89,8656.84,
"296",2011-08-04,8738.28,8724.49,8808.4,8720.36,
"297",2011-08-05,8527.2,8738.28,8738.28,8499.91,
"298",2011-08-08,8269.52,8527.2,8527.2,8168.07,
"299",2011-08-09,8294.1,8269.52,8324.98,8025.84,
"300",2011-08-10,8360.68,8294.1,8450.56,8294.1,
"301",2011-08-11,8476.47,8360.68,8485.47,8235.08,
"302",2011-08-12,8467.65,8476.47,8516.18,8447.35,
"303",2011-08-15,8613.53,8467.65,8615.48,8436.54,
"304",2011-08-16,8563.51,8613.53,8674.16,8535.75,
"305",2011-08-17,8549.94,8563.51,8614.11,8538.38,
"306",2011-08-18,8413.3,8549.94,8575.07,8400.35,
"307",2011-08-19,8326.31,8413.3,8413.3,8268.49,
"308",2011-08-22,8242.88,8326.31,8387.15,8212.08,
"309",2011-08-23,8380.82,8242.88,8381.67,8238.23,
"310",2011-08-24,8331.22,8380.82,8438.86,8312.12,
"311",2011-08-25,8646.53,8331.22,8648.86,8331.22,
"312",2011-08-26,8628.07,8646.53,8646.53,8551.64,
"313",2011-08-29,8454.14,8628.07,8628.07,8437.44,
"314",2011-08-30,8444.85,8454.14,8613.81,8428.29,
"315",2011-08-31,8479.28,8444.85,8506.12,8420.05,
"316",2011-09-01,8482.52,8479.28,8565.1,8449.05,
"317",2011-09-02,8400.12,8482.52,8486.91,8353.98,
"318",2011-09-05,8247.1,8400.12,8400.12,8238.16,
"319",2011-09-06,8192.54,8247.1,8255.2,8155.34,
"320",2011-09-07,8345.81,8192.54,8355.66,8192.54,
"321",2011-09-08,8283.27,8345.81,8373.92,8279.1,
"322",2011-09-09,8287.74,8283.27,8411.07,8249.28,
"323",2011-09-13,8214.04,8287.74,8287.74,8151.19,
"324",2011-09-14,8228.02,8214.04,8261.92,8082.87,
"325",2011-09-15,8202.95,8228.02,8288.64,8201.77,
"326",2011-09-16,8232.11,8202.95,8286.28,8202.95,
"327",2011-09-19,8086.18,8232.11,8232.11,8082.46,
"328",2011-09-20,8113.6,8086.18,8154.8,8036.91,
"329",2011-09-21,8324.14,8113.6,8353.13,8078.92,
"330",2011-09-22,8073.67,8324.14,8324.14,8069.39,
"331",2011-09-23,8010.86,8073.67,8073.67,7899.4,
"332",2011-09-26,7781.36,8010.86,8029.91,7757.94,
"333",2011-09-27,7875.18,7781.36,7921.3,7781.36,
"334",2011-09-28,7809.02,7875.18,7937.39,7782.52,
"335",2011-09-29,7780.29,7809.02,7842.77,7728.42,
"336",2011-09-30,7762.35,7780.29,7846.58,7739.48,
"337",2011-10-10,7693.82,7762.35,7794.6,7682.53,
"338",2011-10-11,7737.46,7693.82,7941.78,7666.97,
"339",2011-10-12,8017.12,7737.46,8027.12,7666.77,
"340",2011-10-13,8050.96,8017.12,8079.25,7968.41,
"341",2011-10-14,8043.18,8050.96,8058.15,7962.11,
"342",2011-10-17,8110.74,8043.18,8160.78,8042.5,
"343",2011-10-18,7914.99,8110.74,8110.74,7897.09,
"344",2011-10-19,7909.66,7914.99,8006.03,7903.73,
"345",2011-10-20,7745.93,7909.66,7909.66,7693.08,
"346",2011-10-21,7763.77,7745.93,7834.77,7739.63,
"347",2011-10-24,8009.04,7763.77,8021,7763.77,
"348",2011-10-25,8100.57,8009.04,8130.98,7954.05,
"349",2011-10-26,8167.82,8100.57,8250.25,8065.04,
"350",2011-10-27,8212.34,8167.82,8234.65,8167.82,
"351",2011-10-28,8348.03,8212.34,8439.79,8212.34,
"352",2011-10-31,8269.26,8348.03,8348.03,8230.75,
"353",2011-11-01,8285.03,8269.26,8381.64,8192.61,
"354",2011-11-02,8417.1,8285.03,8419.87,8160.7,
"355",2011-11-03,8389.87,8417.1,8492.29,8384.72,
"356",2011-11-04,8446.11,8389.87,8501.82,8389.87,
"357",2011-11-07,8345.59,8446.11,8446.11,8335.51,
"358",2011-11-08,8342.28,8345.59,8414.01,8331.68,
"359",2011-11-09,8397.16,8342.28,8425.27,8301.21,
"360",2011-11-10,8223.95,8397.16,8397.16,8217.12,
"361",2011-11-11,8205.33,8223.95,8262.85,8177.8,
"362",2011-11-14,8361.16,8205.33,8382.6,8205.33,
"363",2011-11-15,8309.82,8361.16,8361.41,8281.07,
"364",2011-11-16,8080.65,8309.82,8309.9,8044.7,
"365",2011-11-17,8053.61,8080.65,8119.1,8046.98,
"366",2011-11-18,7928.19,8053.61,8053.61,7911.9,
"367",2011-11-21,7936.19,7928.19,7952.29,7877.17,
"368",2011-11-22,7945.03,7936.19,7956.64,7874.79,
"369",2011-11-23,7865.27,7945.03,7965.51,7843.77,
"370",2011-11-24,7881.96,7865.27,7929.95,7801.87,
"371",2011-11-25,7823.63,7881.96,7897.56,7805.37,
"372",2011-11-28,7825.21,7823.63,7890.55,7804.33,
"373",2011-11-29,7913.38,7825.21,7921.59,7825.21,
"374",2011-11-30,7678.98,7913.38,7913.38,7655.95,
"375",2011-12-01,7897.23,7678.98,8041.96,7678.98,
"376",2011-12-02,7853.06,7897.23,7897.23,7803.04,
"377",2011-12-05,7793.12,7853.06,7885.53,7778.93,
"378",2011-12-06,7769.8,7793.12,7806.1,7738.42,
"379",2011-12-07,7831.88,7769.8,7852.32,7769.58,
"380",2011-12-08,7832.26,7831.88,7899.21,7750.08,
"381",2011-12-09,7785.88,7832.26,7834.41,7763.45,
"382",2011-12-12,7731.33,7785.88,7789.6,7724.84,
"383",2011-12-13,7596.2,7731.33,7731.33,7583.98,
"384",2011-12-14,7561.69,7596.2,7637.39,7546.95,
"385",2011-12-15,7406.73,7561.69,7561.69,7399.96,
"386",2011-12-16,7535.13,7406.73,7540.04,7381.21,
"387",2011-12-19,7516.93,7535.13,7535.44,7332.52,
"388",2011-12-20,7514.31,7516.93,7612.89,7482.13,
"389",2011-12-21,7416.51,7514.31,7601.45,7410.18,
"390",2011-12-22,7439.48,7416.51,7484.85,7327.64,
"391",2011-12-23,7484.46,7439.48,7552.35,7415.65,
"392",2011-12-26,7409.59,7484.46,7501.16,7404.58,
"393",2011-12-27,7354.23,7409.59,7463.09,7347.77,
"394",2011-12-28,7367.5,7354.23,7375.34,7265.83,
"395",2011-12-29,7381.37,7367.5,7413.08,7329.51,
"396",2011-12-30,7475.2,7381.37,7488.83,7381.37,
"397",2012-01-04,7362.39,7475.2,7539.39,7360.05,
"398",2012-01-05,7383.37,7362.39,7493.69,7342.69,
"399",2012-01-06,7421.52,7383.37,7431.29,7337.53,
"400",2012-01-09,7627.14,7421.52,7629.62,7373.37,
"401",2012-01-10,7830.69,7627.14,7842.49,7608.13,
"402",2012-01-11,7772.01,7830.69,7850.1,7743.62,
"403",2012-01-12,7800.08,7772.01,7881.34,7746.55,
"404",2012-01-13,7719.58,7800.08,7835.04,7661.58,
"405",2012-01-16,7635.25,7719.58,7741.27,7632.06,
"406",2012-01-17,7939.61,7635.25,7941.24,7575.31,
"407",2012-01-18,7837.04,7939.61,7988.38,7817.32,
"408",2012-01-19,7975.86,7837.04,8019.33,7837.04,
"409",2012-01-20,8101.83,7975.86,8120.67,7975.86,
"410",2012-01-30,7949.23,8101.83,8109.96,7947.69,
"411",2012-01-31,7958.68,7949.23,8005.03,7912.14,
"412",2012-02-01,7837.84,7958.68,8000.6,7821.88,
"413",2012-02-02,8055.81,7837.84,8055.81,7837.83,
"414",2012-02-03,8105.38,8055.81,8143.35,8004.7,
"415",2012-02-06,8075.54,8105.38,8146.4,8029.22,
"416",2012-02-07,7928.52,8075.54,8075.54,7885.53,
"417",2012-02-08,8123.72,7928.52,8144.58,7915.04,
"418",2012-02-09,8120.41,8123.72,8168.25,8087.09,
"419",2012-02-10,8122.25,8120.41,8217.62,8090.67,
"420",2012-02-13,8085.28,8122.25,8162.74,8004.48,
"421",2012-02-14,8037.99,8085.28,8085.44,7989.96,
"422",2012-02-15,8109.34,8037.99,8151.53,8005.44,
"423",2012-02-16,8056.6,8109.34,8129.41,8011.94,
"424",2012-02-17,8073.58,8056.6,8130.72,8033.2,
"425",2012-02-20,8091.24,8073.58,8190.06,8073.58,
"426",2012-02-21,8135.99,8091.24,8140.04,8035.11,
"427",2012-02-22,8210.29,8135.99,8219.75,8105.92,
"428",2012-02-23,8227.09,8210.29,8260.01,8192.81,
"429",2012-02-24,8348.26,8227.09,8349.49,8205.63,
"430",2012-02-27,8356.95,8348.26,8457.19,8348.26,
"431",2012-02-28,8402.72,8356.95,8427.35,8347.85,
"432",2012-02-29,8319.86,8402.72,8405.08,8311.45,
"433",2012-03-01,8305.24,8319.86,8350.46,8290.45,
"434",2012-03-02,8429.8,8305.24,8430.85,8305.24,
"435",2012-03-05,8345.38,8429.8,8467.84,8341.98,
"436",2012-03-06,8211.3,8345.38,8345.38,8205.53,
"437",2012-03-07,8158.91,8211.3,8234.18,8142.31,
"438",2012-03-08,8241.96,8158.91,8282.15,8158.91,
"439",2012-03-09,8300.75,8241.96,8303.91,8222.83,
"440",2012-03-12,8235.65,8300.75,8300.78,8187.65,
"441",2012-03-13,8319.84,8235.65,8324.76,8229.39,
"442",2012-03-14,8144.77,8319.84,8395.54,8123.49,
"443",2012-03-15,8105.26,8144.77,8198.64,8096.34,
"444",2012-03-16,8189.64,8105.26,8197.26,8083.01,
"445",2012-03-19,8151.28,8189.64,8189.64,8088.68,
"446",2012-03-20,8031.89,8151.28,8153.69,8028.37,
"447",2012-03-21,8025,8031.89,8097.47,7982.72,
"448",2012-03-22,8036.71,8025,8082.99,7984.58,
"449",2012-03-23,7977.6,8036.71,8036.71,7950.43,
"450",2012-03-26,8003.21,7977.6,8020.31,7966.36,
"451",2012-03-27,7966.77,8003.21,8032.47,7956.55,
"452",2012-03-28,7804.22,7966.77,7966.77,7791.04,
"453",2012-03-29,7714.55,7804.22,7812.11,7693.05,
"454",2012-03-30,7787.88,7714.55,7790.77,7714.55,
"455",2012-04-05,7925.97,7787.88,7948.3,7732.94,
"456",2012-04-06,7946.45,7925.97,7953.41,7893.07,
"457",2012-04-09,7946.45,7946.45,7946.45,7873.37,
"458",2012-04-10,7945.24,7873.37,7949.04,7796.44,
"459",2012-04-11,7940.27,7945.24,7999.85,7867.66,
"460",2012-04-12,8108.48,7940.27,8112.25,7918.33,
"461",2012-04-13,8128.3,8108.48,8174.13,8095.53,
"462",2012-04-16,8095.48,8128.3,8129.58,8073.6,
"463",2012-04-17,7998.42,8095.48,8108.92,7995.56,
"464",2012-04-18,8182.41,7998.42,8191.14,7998.42,
"465",2012-04-19,8187.45,8182.41,8211.37,8157.01,
"466",2012-04-20,8292.8,8187.45,8295.94,8165.6,
"467",2012-04-23,8231.95,8292.8,8312.95,8215.8,
"468",2012-04-24,8275.36,8231.95,8387.93,8166.05,
"469",2012-04-25,8302.52,8275.36,8319.55,8235.5,
"470",2012-04-26,8316.46,8302.52,8351.4,8274.04,
"471",2012-04-27,8299.77,8316.46,8347.98,8292.08,
"472",2012-05-02,8454.35,8299.77,8499.66,8299.77,
"473",2012-05-03,8473.34,8454.35,8486.39,8425.15,
"474",2012-05-04,8514.93,8473.34,8518.13,8418.97,
"475",2012-05-07,8474.1,8514.93,8514.93,8416.04,
"476",2012-05-08,8431.03,8474.1,8476.12,8373.14,
"477",2012-05-09,8302.13,8431.03,8431.03,8292.08,
"478",2012-05-10,8282.7,8302.13,8314.83,8251.34,
"479",2012-05-11,8229.32,8282.7,8305.22,8223.78,
"480",2012-05-14,8165.45,8229.32,8286.17,8154.16,
"481",2012-05-15,8185.93,8165.45,8191.34,8119.3,
"482",2012-05-16,8042.29,8185.93,8185.93,8035.77,
"483",2012-05-17,8162.96,8042.29,8185.11,8042.29,
"484",2012-05-18,8038.05,8162.96,8162.96,8015.47,
"485",2012-05-21,8070.02,8038.05,8120.38,8012.34,
"486",2012-05-22,8202.85,8070.02,8207.28,8070.02,
"487",2012-05-23,8170.18,8202.85,8225.61,8123.45,
"488",2012-05-24,8094.45,8170.18,8212.23,8075.73,
"489",2012-05-25,8015.15,8094.45,8115.59,7994.42,
"490",2012-05-28,8133.25,8015.15,8134.07,7966.12,
"491",2012-05-29,8225.12,8133.25,8247.2,8106.3,
"492",2012-05-30,8201.62,8225.12,8233.4,8178.71,
"493",2012-05-31,8149.47,8201.62,8201.62,8112.37,
"494",2012-06-01,8167.61,8149.47,8224.6,8140.16,
"495",2012-06-04,7953.83,8167.61,8167.61,7952.44,
"496",2012-06-05,7964.11,7953.83,8007.88,7932.13,
"497",2012-06-06,7973.73,7964.11,8009.06,7952.57,
"498",2012-06-07,7928.69,7973.73,8043.74,7912.04,
"499",2012-06-08,7854.89,7928.69,7967.57,7839.33,
"500",2012-06-11,7928.69,7854.89,7955,7852.99,
"501",2012-06-12,7875.9,7928.69,7928.69,7837.19,
"502",2012-06-13,8007.82,7875.9,8012.51,7875.9,
"503",2012-06-14,7955.03,8007.82,8019.22,7946.2,
"504",2012-06-15,8021.33,7955.03,8054.16,7949.87,
"505",2012-06-18,8055.53,8021.33,8094.17,8021.33,
"506",2012-06-19,8003.04,8055.53,8055.53,7996.92,
"507",2012-06-20,7998.78,8003.04,8050.51,7990.96,
"508",2012-06-21,7876.91,7998.78,7998.78,7848.53,
"509",2012-06-25,7756.66,7876.91,7876.91,7751.46,
"510",2012-06-26,7735.15,7756.66,7773.73,7696.35,
"511",2012-06-27,7719.53,7735.15,7770.18,7706.52,
"512",2012-06-28,7671.69,7719.53,7753.51,7670.61,
"513",2012-06-29,7802.63,7671.69,7812.72,7655.98,
"514",2012-07-02,7797.2,7802.63,7830.34,7748.69,
"515",2012-07-03,7814.85,7797.2,7873.37,7768.47,
"516",2012-07-04,7810.87,7814.85,7854.05,7787.32,
"517",2012-07-05,7736.67,7810.87,7810.87,7694.45,
"518",2012-07-06,7822.92,7736.67,7842.68,7683.03,
"519",2012-07-09,7640.36,7822.92,7826.83,7631.66,
"520",2012-07-10,7639.61,7640.36,7704.36,7629.52,
"521",2012-07-11,7678.01,7639.61,7691.91,7612.67,
"522",2012-07-12,7698.66,7678.01,7745.16,7589.51,
"523",2012-07-13,7737.7,7698.66,7789.82,7669.4,
"524",2012-07-16,7617.96,7737.7,7750.28,7615.56,
"525",2012-07-17,7659.38,7617.96,7688.21,7603.91,
"526",2012-07-18,7633.9,7659.38,7678.56,7527.63,
"527",2012-07-19,7680.02,7633.9,7736.93,7593.9,
"528",2012-07-20,7594.55,7680.02,7680.35,7573.22,
"529",2012-07-23,7464.31,7594.55,7594.55,7440.12,
"530",2012-07-24,7481.02,7464.31,7535.02,7430.81,
"531",2012-07-25,7451.82,7481.02,7506.36,7443.55,
"532",2012-07-26,7429.64,7451.82,7506.01,7419.83,
"533",2012-07-27,7453.93,7429.64,7505.3,7420.09,
"534",2012-07-30,7435.06,7453.93,7523.49,7426.54,
"535",2012-07-31,7481.19,7435.06,7535.95,7434.98,
"536",2012-08-01,7542.85,7481.19,7569.85,7481.19,
"537",2012-08-02,7491.34,7542.85,7545.89,7461.54,
"538",2012-08-03,7511.46,7491.34,7514.66,7451.38,
"539",2012-08-06,7574.78,7511.46,7589.31,7496.53,
"540",2012-08-07,7563.93,7574.78,7584.5,7542.52,
"541",2012-08-08,7586.16,7563.93,7620.66,7557.94,
"542",2012-08-09,7633.41,7586.16,7639.03,7544.47,
"543",2012-08-10,7595.44,7633.41,7644.55,7588.93,
"544",2012-08-13,7431.83,7595.44,7595.44,7423.03,
"545",2012-08-14,7430.89,7431.83,7449.22,7357.65,
"546",2012-08-15,7346.73,7430.89,7430.89,7336.62,
"547",2012-08-16,7321.37,7346.73,7360.14,7314.51,
"548",2012-08-17,7310.14,7321.37,7328.21,7261.63,
"549",2012-08-20,7265.77,7310.14,7310.14,7205.35,
"550",2012-08-21,7264.53,7265.77,7320.7,7238.95,
"551",2012-08-22,7232.49,7264.53,7277.9,7191.93,
"552",2012-08-23,7236.76,7232.49,7269.77,7183.07,
"553",2012-08-24,7193.94,7236.76,7241.2,7183.82,
"554",2012-08-27,7053.09,7193.94,7193.94,7050.86,
"555",2012-08-28,7108.85,7053.09,7143.26,7044.45,
"556",2012-08-29,7039.51,7108.85,7109.74,7036.41,
"557",2012-08-30,7080.76,7039.51,7090.65,7003.05,
"558",2012-08-31,7037.48,7080.76,7107.54,7029.89,
"559",2012-09-03,7083.51,7037.48,7118.9,7018.74,
"560",2012-09-04,7027.11,7083.51,7120.71,7006.25,
"561",2012-09-05,6983.32,7027.11,7028.38,6953.17,
"562",2012-09-06,7033.89,6983.32,7038.06,6970.95,
"563",2012-09-07,7336.59,7033.89,7414.83,7033.89,
"564",2012-09-10,7332.53,7336.59,7381.06,7297.59,
"565",2012-09-11,7271.69,7332.53,7332.53,7215.17,
"566",2012-09-12,7277.5,7271.69,7351.6,7222.8,
"567",2012-09-13,7232.57,7277.5,7290.6,7232.14,
"568",2012-09-14,7295.57,7232.57,7341.93,7232.57,
"569",2012-09-17,7138.73,7295.57,7295.57,7135.52,
"570",2012-09-18,7073.15,7138.73,7138.73,7060.47,
"571",2012-09-19,7074.54,7073.15,7091.31,7034.35,
"572",2012-09-20,6950.53,7074.54,7074.54,6946.22,
"573",2012-09-21,6953.08,6950.53,7007.42,6917.23,
"574",2012-09-24,6991.64,6953.08,7021.58,6878.96,
"575",2012-09-25,7004.06,6991.64,7040.86,6969.22,
"576",2012-09-26,6949.33,7004.06,7022.41,6933.38,
"577",2012-09-27,7166.16,6949.33,7213.74,6949.03,
"578",2012-09-28,7275.19,7166.16,7289.21,7105.27,
"579",2012-10-08,7187.32,7275.19,7322.9,7152.36,
"580",2012-10-09,7332.41,7187.32,7364.84,7187.32,
"581",2012-10-10,7317.15,7332.41,7332.41,7270.07,
"582",2012-10-11,7269.01,7317.15,7317.15,7245.9,
"583",2012-10-12,7281.89,7269.01,7363.6,7237.95,
"584",2012-10-15,7277.64,7281.89,7317.57,7235.53,
"585",2012-10-16,7283.06,7277.64,7331.33,7257.05,
"586",2012-10-17,7294.1,7283.06,7326.64,7232.71,
"587",2012-10-18,7396.87,7294.1,7415.86,7294.1,
"588",2012-10-19,7397.6,7396.87,7421.21,7386.56,
"589",2012-10-22,7421.97,7397.6,7444.73,7341.6,
"590",2012-10-23,7331.8,7421.97,7434.81,7324.44,
"591",2012-10-24,7326.7,7331.8,7364.54,7305.69,
"592",2012-10-25,7278.01,7326.7,7367.8,7274.38,
"593",2012-10-26,7148.74,7278.01,7294.22,7115.97,
"594",2012-10-29,7087.19,7148.74,7148.74,7066.14,
"595",2012-10-30,7110.04,7087.19,7156.75,7075.68,
"596",2012-10-31,7145.1,7110.04,7154.15,7089.84,
"597",2012-11-01,7293.83,7145.1,7327.76,7144.77,
"598",2012-11-02,7330.74,7293.83,7341.93,7254.25,
"599",2012-11-05,7319.75,7330.74,7367.66,7273.52,
"600",2012-11-06,7295.43,7319.75,7326.37,7199.62,
"601",2012-11-07,7281.06,7295.43,7316.53,7242.72,
"602",2012-11-08,7175.9,7281.06,7281.06,7172.04,
"603",2012-11-09,7163.56,7175.9,7197.32,7146.83,
"604",2012-11-12,7202.9,7163.56,7204.55,7140.25,
"605",2012-11-13,7092.62,7202.9,7204.38,7073.92,
"606",2012-11-14,7121.08,7092.62,7133.91,7073.25,
"607",2012-11-15,7039.87,7121.08,7121.08,7038.82,
"608",2012-11-16,6983.8,7039.87,7040.9,6942.13,
"609",2012-11-19,6955.46,6983.8,6983.8,6870.56,
"610",2012-11-20,6917,6955.46,6973.67,6903.62,
"611",2012-11-21,7012.74,6917,7016.82,6884.28,
"612",2012-11-22,6973.2,7012.74,7012.74,6941.98,
"613",2012-11-23,7036.22,6973.2,7066.86,6973.2,
"614",2012-11-26,6997.99,7036.22,7036.22,6976.63,
"615",2012-11-27,6961.52,6997.99,7004.45,6954.44,
"616",2012-11-28,6919.05,6961.52,6961.52,6905.35,
"617",2012-11-29,6884.7,6919.05,6953.23,6880.09,
"618",2012-11-30,6956.32,6884.7,6971.08,6865.01,
"619",2012-12-03,6887.72,6956.32,7010.54,6886.26,
"620",2012-12-04,6956.48,6887.72,6973.67,6867.25,
"621",2012-12-05,7203.54,6956.48,7234.28,6943.8,
"622",2012-12-06,7202.63,7203.54,7235.4,7153.29,
"623",2012-12-07,7343.63,7202.63,7355.34,7197.48,
"624",2012-12-10,7426.37,7343.63,7453.73,7343.63,
"625",2012-12-11,7387.29,7426.37,7441.01,7380.01,
"626",2012-12-12,7434.21,7387.29,7456.1,7372.23,
"627",2012-12-13,7344.3,7434.21,7434.21,7341.03,
"628",2012-12-14,7757.38,7344.3,7764.33,7344.3,
"629",2012-12-17,7807,7757.38,7855.62,7757.38,
"630",2012-12-18,7816.54,7807,7929.24,7742.06,
"631",2012-12-19,7826.69,7816.54,7894.89,7786.8,
"632",2012-12-20,7864.77,7826.69,7890.52,7748.62,
"633",2012-12-21,7800.15,7864.77,7939.74,7780.05,
"634",2012-12-24,7822.81,7800.15,7887.24,7762.21,
"635",2012-12-25,8063,7822.81,8110.96,7772.84,
"636",2012-12-26,8069.05,8063,8092.19,8033.87,
"637",2012-12-27,8018.79,8069.05,8137.46,8014.65,
"638",2012-12-28,8157.43,8018.79,8169.83,8018.79,
"639",2012-12-31,8329,8157.43,8332.3,8157.43,
"640",2013-01-04,8400.41,8329,8527.2,8311.1,
"641",2013-01-07,8436.63,8400.41,8488.34,8346.65,
"642",2013-01-08,8337.05,8436.63,8447.05,8290.5,
"643",2013-01-09,8319.01,8337.05,8353.81,8256.3,
"644",2013-01-10,8318.98,8319.01,8409.96,8269.69,
"645",2013-01-11,8174.9,8318.98,8352.16,8137.24,
"646",2013-01-14,8494.19,8174.9,8524.25,8142.36,
"647",2013-01-15,8512.85,8494.19,8547.62,8471.73,
"648",2013-01-16,8390.54,8512.85,8512.85,8287.23,
"649",2013-01-17,8309.76,8390.54,8391.03,8267.87,
"650",2013-01-18,8452.08,8309.76,8501.49,8307.68,
"651",2013-01-21,8539.09,8452.08,8540.93,8384.21,
"652",2013-01-22,8562.45,8539.09,8652.44,8469.2,
"653",2013-01-23,8599.59,8562.45,8613.84,8487.89,
"654",2013-01-24,8577.41,8599.59,8845.26,8512.1,
"655",2013-01-25,8499.14,8577.41,8591.52,8471.1,
"656",2013-01-28,8802.31,8499.14,8805.15,8499.14,
"657",2013-01-29,8907.75,8802.31,8951.62,8788.03,
"658",2013-01-30,8963.95,8907.75,8971.23,8865.22,
"659",2013-01-31,8961.53,8963.95,8997.22,8883.64,
"660",2013-02-01,9227.53,8961.53,9236.22,8890.65,
"661",2013-02-04,9232.46,9227.53,9354.82,9183.75,
"662",2013-02-05,9252.58,9232.46,9284.7,9092.82,
"663",2013-02-06,9292.78,9252.58,9341.29,9224.04,
"664",2013-02-07,9151.07,9292.78,9292.78,9005.67,
"665",2013-02-08,9140.19,9151.07,9210.46,9037.64,
"666",2013-02-18,9015.14,9140.19,9210.22,9009.78,
"667",2013-02-19,8857.43,9015.14,9025.38,8817.76,
"668",2013-02-20,8838.93,8857.43,8868.83,8712.55,
"669",2013-02-21,8506.67,8838.93,8838.93,8409.1,
"670",2013-02-22,8438.27,8506.67,8529.49,8417.32,
"671",2013-02-25,8467.68,8438.27,8560.65,8417.55,
"672",2013-02-26,8362.4,8467.68,8595.17,8353.56,
"673",2013-02-27,8476.42,8362.4,8550.08,8362.4,
"674",2013-02-28,8787.8,8476.42,8789.26,8476.42,
"675",2013-03-01,8741.71,8787.8,8824.26,8595.97,
"676",2013-03-04,8251.49,8741.71,8741.71,8195.77,
"677",2013-03-05,8559.22,8251.49,8566.94,8243.53,
"678",2013-03-06,8639.76,8559.22,8677.37,8530.05,
"679",2013-03-07,8508.37,8639.76,8652.13,8410.76,
"680",2013-03-08,8496,8508.37,8567.66,8451.88,
"681",2013-03-11,8400.41,8496,8496,8353.83,
"682",2013-03-12,8301.39,8400.41,8498.76,8234.54,
"683",2013-03-13,8213.77,8301.39,8318.3,8184.72,
"684",2013-03-14,8214.4,8213.77,8273.92,8158.43,
"685",2013-03-15,8219.97,8214.4,8454.46,8093.77,
"686",2013-03-18,8068.97,8219.97,8219.97,8060.65,
"687",2013-03-19,8154.78,8068.97,8179.6,8047.51,
"688",2013-03-20,8480.45,8154.78,8480.75,8154.78,
"689",2013-03-21,8462.15,8480.45,8510.8,8408.13,
"690",2013-03-22,8469.56,8462.15,8502.96,8420.24,
"691",2013-03-25,8451.42,8469.56,8555.28,8439.38,
"692",2013-03-26,8294.99,8451.42,8451.42,8258.6,
"693",2013-03-27,8320.86,8294.99,8432.84,8262.84,
"694",2013-03-28,7990.52,8320.86,8320.86,7941.61,
"695",2013-03-29,8000.42,7991.5,8015.73,7930.07,
"696",2013-04-01,7973.5,8000.42,8025.14,7951.89,
"697",2013-04-02,7983.01,7973.5,8083.38,7937.12,
"698",2013-04-03,8010.26,7983.01,8090.93,7980.62,
"699",2013-04-08,7924.6,8010.26,8010.26,7805.87,
"700",2013-04-09,7992.36,7924.6,8050.88,7924.6,
"701",2013-04-10,7974.53,7992.36,8009.19,7926.94,
"702",2013-04-11,7957.19,7974.53,8065.09,7950.4,
"703",2013-04-12,7910.48,7957.19,8000.58,7905.87,
"704",2013-04-15,7856.17,7910.48,7926.39,7834.03,
"705",2013-04-16,7935.22,7856.17,7938.95,7790.53,
"706",2013-04-17,7897.52,7935.22,7953.02,7833.1,
"707",2013-04-18,7931.91,7897.52,7948.7,7811.82,
"708",2013-04-19,8172.25,7931.91,8207.51,7931.91,
"709",2013-04-22,8138.49,8172.25,8189.84,8096.6,
"710",2013-04-23,7867.66,8138.49,8154.82,7863.69,
"711",2013-04-24,8002.06,7867.66,8071.04,7840.85,
"712",2013-04-25,7933.59,8002.06,8028.39,7866.36,
"713",2013-04-26,7885.55,7933.59,7999.75,7863.05,
"714",2013-05-02,7888.55,7885.55,7907.25,7813.12,
"715",2013-05-03,8025.93,7888.55,8137.06,7888.55,
"716",2013-05-06,8115.3,8025.93,8153.1,8025.93,
"717",2013-05-07,8130.48,8115.3,8159.91,8060.2,
"718",2013-05-08,8174.65,8130.48,8246.26,8130.33,
"719",2013-05-09,8106.2,8174.65,8185.57,8051.02,
"720",2013-05-10,8152.74,8106.2,8174.32,8065.96,
"721",2013-05-13,8097.1,8152.74,8169.46,8057.42,
"722",2013-05-14,7966.89,8097.1,8097.1,7934.14,
"723",2013-05-15,7985.39,7966.89,8008.51,7949.01,
"724",2013-05-16,8131.52,7985.39,8137.2,7908.04,
"725",2013-05-17,8242.18,8131.52,8267.86,8100.88,
"726",2013-05-20,8319.88,8242.18,8399.79,8242.18,
"727",2013-05-21,8296.02,8319.88,8330.55,8245.71,
"728",2013-05-22,8326.08,8296.02,8352.33,8275.88,
"729",2013-05-23,8174.24,8326.08,8326.08,8169.7,
"730",2013-05-24,8187.22,8174.24,8259.44,8124.85,
"731",2013-05-27,8170.76,8187.22,8223.17,8145.1,
"732",2013-05-28,8363,8170.76,8363.26,8141.56,
"733",2013-05-29,8323.73,8363,8422.09,8320.26,
"734",2013-05-30,8294.9,8323.73,8344.38,8264.93,
"735",2013-05-31,8222.32,8294.9,8335.17,8216.81,
"736",2013-06-03,8203.48,8222.32,8267.7,8182.46,
"737",2013-06-04,8121.1,8203.48,8203.48,8104.61,
"738",2013-06-05,8069.69,8121.1,8122.99,8038.32,
"739",2013-06-06,7970.75,8069.69,8069.69,7961.26,
"740",2013-06-07,7844.13,7970.75,7997.94,7822.09,
"741",2013-06-13,7572.25,7844.13,7844.13,7489.31,
"742",2013-06-14,7586.83,7572.25,7597.74,7541.8,
"743",2013-06-17,7526.12,7586.83,7627.21,7513.37,
"744",2013-06-18,7574.04,7526.12,7598.83,7508.41,
"745",2013-06-19,7492.89,7574.04,7574.04,7408.04,
"746",2013-06-20,7250.71,7492.89,7492.89,7240.63,
"747",2013-06-21,7238.37,7250.71,7294.44,7095.95,
"748",2013-06-24,6768.49,7238.37,7238.37,6766.83,
"749",2013-06-25,6773.77,6768.49,6782.56,6347.52,
"750",2013-06-26,6715.93,6773.77,6785.12,6617.08,
"751",2013-06-27,6736.34,6715.93,6820.3,6689.7,
"752",2013-06-28,6933.82,6736.34,6978.49,6689.2,
"753",2013-07-01,6919.31,6933.82,6933.82,6794.53,
"754",2013-07-02,6895.42,6919.31,6930.88,6797.39,
"755",2013-07-03,6809.44,6895.42,6895.42,6718.46,
"756",2013-07-04,6869.84,6809.44,6935.19,6732.28,
"757",2013-07-05,6919.98,6869.84,6968.35,6869.84,
"758",2013-07-08,6783.32,6919.98,6919.98,6760.6,
"759",2013-07-09,6783.59,6783.32,6811.87,6747.46,
"760",2013-07-10,6957.83,6783.59,6961.58,6763.31,
"761",2013-07-11,7323.65,6957.83,7403.38,6957.83,
"762",2013-07-12,7117.36,7323.65,7323.9,7107.19,
"763",2013-07-15,7180.01,7117.36,7306.33,7096.92,
"764",2013-07-16,7192.29,7180.01,7193.32,7071.99,
"765",2013-07-17,7097.48,7192.29,7216.69,7096.05,
"766",2013-07-18,6953.52,7097.48,7102.2,6940.15,
"767",2013-07-19,6791.88,6953.52,6980.77,6771.65,
"768",2013-07-22,6783.32,6791.88,6792.77,6677.86,
"769",2013-07-23,6960.73,6783.32,7023.03,6781.5,
"770",2013-07-24,6860.58,6960.73,6960.73,6777.7,
"771",2013-07-25,6852.39,6860.58,6928.81,6819.37,
"772",2013-07-26,6816.02,6852.39,6852.39,6779.93,
"773",2013-07-29,6670.79,6816.02,6816.02,6634.66,
"774",2013-07-30,6745.57,6670.79,6847.68,6670.07,
"775",2013-07-31,6762.67,6745.57,6907.77,6744.45,
"776",2013-08-01,6898.25,6762.67,6919.58,6762.67,
"777",2013-08-02,6894.55,6898.25,6998.05,6881.88,
"778",2013-08-05,6962.04,6894.55,6962.04,6866.46,
"779",2013-08-06,6965.45,6962.04,6999.65,6864.32,
"780",2013-08-07,6941.35,6965.45,7052.06,6930.29,
"781",2013-08-08,6914.01,6941.35,6987.16,6888.06,
"782",2013-08-09,6932.69,6914.01,6984.42,6851.69,
"783",2013-08-12,7174.4,6932.69,7176.16,6932.69,
"784",2013-08-13,7221.13,7174.4,7225.65,7149.88,
"785",2013-08-14,7190.41,7221.13,7327.2,7170.68,
"786",2013-08-15,7134.96,7190.41,7257.4,7129.82,
"787",2013-08-16,7129.14,7134.96,7591.38,7047.01,
"788",2013-08-19,7201.55,7129.14,7238.7,7045.66,
"789",2013-08-20,7158.13,7201.55,7298.4,7129.66,
"790",2013-08-21,7123.65,7158.13,7194.25,7077.88,
"791",2013-08-22,7097.17,7123.65,7203.07,7081.39,
"792",2013-08-23,7022.07,7097.17,7154.29,6920.43,
"793",2013-08-26,7173.15,7022.07,7184.51,7016.92,
"794",2013-08-27,7172.66,7173.15,7202.09,7118.13,
"795",2013-08-28,7116.9,7172.66,7172.66,7055.99,
"796",2013-08-29,7097.87,7116.9,7180.44,7069.2,
"797",2013-08-30,7119.37,7097.87,7167.68,7056.74,
"798",2013-09-02,7107.75,7119.37,7162.62,7064.53,
"799",2013-09-03,7226.45,7107.75,7228.7,7106.39,
"800",2013-09-04,7217.66,7226.45,7247.84,7203.99,
"801",2013-09-05,7200.13,7217.65,7236.61,7183.47,
"802",2013-09-06,7254.61,7200.13,7273.11,7177.03,
"803",2013-09-09,7653.57,7254.61,7690.34,7254.61,
"804",2013-09-10,7763.83,7653.57,7766.15,7616.08,
"805",2013-09-11,7787.95,7763.83,7897.69,7756.83,
"806",2013-09-12,7938.46,7787.95,8042.26,7719.61,
"807",2013-09-13,7834.97,7938.46,7955.7,7803.13,
"808",2013-09-16,7786.1,7834.97,7899.54,7718.34,
"809",2013-09-17,7609.98,7786.1,7825.97,7604.1,
"810",2013-09-18,7613.08,7609.98,7661.23,7538.84,
"811",2013-09-23,7687.83,7613.08,7692.59,7601.09,
"812",2013-09-24,7512.9,7687.83,7687.83,7452.52,
"813",2013-09-25,7466.41,7512.9,7575.47,7447.41,
"814",2013-09-26,7327.18,7466.41,7466.41,7311.9,
"815",2013-09-27,7361,7327.18,7369.33,7299.62,
"816",2013-09-30,7374.41,7361,7419.51,7343.92,
"817",2013-10-08,7453.32,7374.41,7472.43,7286.1,
"818",2013-10-09,7484.67,7453.32,7506.09,7400.08,
"819",2013-10-10,7364.62,7484.67,7498.73,7351.11,
"820",2013-10-11,7495.25,7364.62,7508.38,7364.62,
"821",2013-10-14,7464.1,7495.25,7503.68,7441.28,
"822",2013-10-15,7425.08,7464.1,7478.11,7386.94,
"823",2013-10-16,7317.19,7425.08,7428,7283.23,
"824",2013-10-17,7287.6,7317.19,7380.12,7280.34,
"825",2013-10-18,7324.21,7287.6,7373.02,7287.34,
"826",2013-10-21,7416.76,7324.21,7425.1,7281.97,
"827",2013-10-22,7320.87,7416.76,7416.76,7302.8,
"828",2013-10-23,7316.98,7320.87,7460.47,7308.48,
"829",2013-10-24,7256.16,7316.98,7327.73,7239.83,
"830",2013-10-25,7224.05,7256.16,7326.98,7183.34,
"831",2013-10-28,7208.28,7224.05,7244.15,7169.16,
"832",2013-10-29,7342.44,7208.28,7426.3,7208.28,
"833",2013-10-30,7431.74,7342.44,7435.9,7303.79,
"834",2013-10-31,7351.95,7431.74,7436.29,7339.7,
"835",2013-11-01,7435.17,7351.95,7460.15,7351.8,
"836",2013-11-04,7386.06,7435.17,7504.13,7371.6,
"837",2013-11-05,7359.44,7386.06,7386.06,7254.52,
"838",2013-11-06,7258.5,7359.44,7359.44,7256.1,
"839",2013-11-07,7248.49,7258.5,7283.88,7200.2,
"840",2013-11-08,7163.23,7248.49,7261.21,7155.45,
"841",2013-11-11,7175.82,7163.23,7199.38,7120.93,
"842",2013-11-12,7277.47,7175.82,7283.54,7175.82,
"843",2013-11-13,7094.28,7277.47,7279.36,7090.24,
"844",2013-11-14,7097.52,7094.28,7117.65,7045.21,
"845",2013-11-15,7239.32,7097.52,7315.72,7096.81,
"846",2013-11-18,7553.47,7239.32,7563.74,7239.32,
"847",2013-11-19,7484.58,7553.47,7565.63,7472.35,
"848",2013-11-20,7511.67,7484.58,7565.38,7454.53,
"849",2013-11-21,7442.02,7511.67,7511.67,7332.36,
"850",2013-11-22,7424.74,7442.02,7484.31,7403.6,
"851",2013-11-25,7389.44,7424.74,7503.5,7358.4,
"852",2013-11-26,7372.98,7389.44,7420.9,7362.75,
"853",2013-11-27,7444.89,7372.98,7492.47,7355.01,
"854",2013-11-28,7509.44,7444.89,7583.82,7444.89,
"855",2013-11-29,7501.44,7509.44,7541.34,7481.63,
"856",2013-12-02,7583.34,7501.44,7654.43,7478.01,
"857",2013-12-03,7600.79,7583.34,7625.44,7520.23,
"858",2013-12-04,7673.53,7600.79,7724.09,7567.45,
"859",2013-12-05,7640.84,7673.53,7689.13,7623.54,
"860",2013-12-06,7583.05,7640.84,7646.31,7549.32,
"861",2013-12-09,7568.56,7583.05,7640.16,7551.53,
"862",2013-12-10,7581.58,7568.56,7621.1,7553.55,
"863",2013-12-11,7425.54,7581.58,7581.58,7397.03,
"864",2013-12-12,7386.7,7425.54,7436.3,7372.34,
"865",2013-12-13,7380.66,7386.7,7396.61,7310.89,
"866",2013-12-16,7281.51,7380.66,7404.63,7278.93,
"867",2013-12-17,7254.43,7281.51,7303.87,7241.08,
"868",2013-12-18,7261.84,7254.43,7295.57,7236.77,
"869",2013-12-19,7180.83,7261.84,7305.04,7175.63,
"870",2013-12-20,6934.89,7180.83,7199.05,6934.89,
"871",2013-12-23,6967.35,6934.89,7019.54,6914.74,
"872",2013-12-24,6972.25,6967.35,7051.86,6920.74,
"873",2013-12-25,7007.15,6972.25,7012.39,6948.43,
"874",2013-12-26,6897.49,7007.15,7007.15,6888.64,
"875",2013-12-27,7016.87,6897.49,7064.14,6893.26,
"876",2013-12-30,6981.37,7016.87,7058.75,6977.74,
"877",2013-12-31,7101.54,6981.37,7113.66,6946.31,
"878",2014-01-02,7032.85,7101.54,7101.54,6999.09,
"879",2014-01-03,6913.72,7032.85,7032.85,6880.67,
"880",2014-01-06,6806.95,6913.72,6914.78,6731.47,
"881",2014-01-07,6787.13,6806.95,6806.95,6732.8,
"882",2014-01-08,6813.09,6787.13,6862.32,6758.46,
"883",2014-01-09,6772.71,6813.09,6867.42,6758.33,
"884",2014-01-10,6756.57,6772.71,6789.45,6725,
"885",2014-01-13,6738.24,6756.57,6804.33,6708.64,
"886",2014-01-14,6778.68,6738.24,6800.89,6703.83,
"887",2014-01-15,6742.17,6778.68,6780.26,6699.54,
"888",2014-01-16,6753.71,6742.17,6798.35,6713.16,
"889",2014-01-17,6682.26,6753.71,6753.71,6660.82,
"890",2014-01-20,6653.1,6682.26,6692.02,6622.22,
"891",2014-01-21,6708.07,6653.1,6752.06,6653.1,
"892",2014-01-22,6866.21,6708.07,6868.53,6706.16,
"893",2014-01-23,6801.57,6866.21,6878.11,6789.41,
"894",2014-01-24,6815.96,6801.57,6869.63,6765.13,
"895",2014-01-27,6711.74,6815.96,6815.96,6695.39,
"896",2014-01-28,6750.11,6711.74,6771.75,6698.51,
"897",2014-01-29,6773.49,6750.11,6796.72,6750.11,
"898",2014-01-30,6687.95,6773.49,6773.49,6682.33,
"899",2014-02-04,6687.95,6687.95,6687.95,6687.95,
"900",2014-02-07,6676.75,6687.95,6687.95,6598.11,
"901",2014-02-10,6795.57,6676.75,6804.39,6676.75,
"902",2014-02-11,6881.54,6795.57,6919.14,6769.5,
"903",2014-02-12,6888.5,6881.54,6929.3,6860.32,
"904",2014-02-13,6911.04,6888.5,6990.63,6856.15,
"905",2014-02-14,6918.14,6911.04,6932.99,6885.14,
"906",2014-02-17,6935.91,6918.14,6979.13,6894.27,
"907",2014-02-18,6809.46,6935.91,6935.91,6797.56,
"908",2014-02-19,6940.54,6809.46,6966.67,6792.96,
"909",2014-02-20,6872.71,6940.54,7036.53,6868,
"910",2014-02-21,6810.8,6872.71,6880.75,6770.87,
"911",2014-02-24,6624.71,6810.8,6810.8,6583.55,
"912",2014-02-25,6496.63,6624.71,6648.73,6476.66,
"913",2014-02-26,6503.41,6496.63,6526.6,6448.26,
"914",2014-02-27,6534.59,6503.41,6578.1,6473.62,
"915",2014-02-28,6589.7,6534.59,6599.48,6471.16,
"916",2014-03-03,6579.17,6589.7,6607.59,6539.45,
"917",2014-03-04,6577.51,6579.17,6595.66,6508.96,
"918",2014-03-05,6508.39,6577.51,6590.68,6493.04,
"919",2014-03-06,6568.08,6508.39,6597.7,6444.17,
"920",2014-03-07,6556.68,6568.08,6624.05,6545.48,
"921",2014-03-09,6556.68,6556.68,6556.68,6556.68,
"922",2014-03-10,6378.16,6556.68,6556.68,6373.57,
"923",2014-03-11,6413.72,6378.16,6450.42,6361.63,
"924",2014-03-12,6430.89,6413.72,6482.93,6367.68,
"925",2014-03-13,6512.56,6430.89,6573.22,6430.89,
"926",2014-03-14,6447.28,6512.56,6512.56,6406.95,
"927",2014-03-17,6489.45,6447.28,6498.89,6434.89,
"928",2014-03-18,6454.66,6489.45,6508.64,6445.81,
"929",2014-03-19,6400.53,6454.66,6454.66,6342.7,
"930",2014-03-20,6334.41,6400.53,6449.3,6331.94,
"931",2014-03-21,6591.96,6334.41,6610.6,6316.16,
"932",2014-03-24,6638.42,6591.96,6675.49,6572.61,
"933",2014-03-25,6602.78,6638.42,6668.3,6579.84,
"934",2014-03-26,6583.05,6602.78,6641.19,6569.45,
"935",2014-03-27,6574.73,6583.05,6668.27,6512.35,
"936",2014-03-28,6615.2,6574.73,6663.92,6574.43,
"937",2014-03-31,6611.85,6615.2,6669.08,6579.6,
"938",2014-04-01,6650.96,6611.85,6684.49,6588.07,
"939",2014-04-02,6717.83,6650.96,6727.68,6650.76,
"940",2014-04-03,6655.16,6717.83,6776.78,6648.7,
"941",2014-04-04,6713.62,6655.16,6715.83,6622.31,
"942",2014-04-08,6905.72,6713.62,6944.71,6699.91,
"943",2014-04-09,6887.72,6905.72,6930.56,6862.53,
"944",2014-04-10,7057.88,6887.72,7130.98,6851.34,
"945",2014-04-11,7065.4,7057.88,7105.97,7028.22,
"946",2014-04-14,7020.73,7065.4,7079.6,6982.27,
"947",2014-04-15,6864.59,7020.73,7020.73,6856.97,
"948",2014-04-16,6879.28,6864.59,6923.48,6840.91,
"949",2014-04-17,6844.9,6879.28,6911.17,6833.11,
"950",2014-04-18,6838,6844.9,6854.89,6759.28,
"951",2014-04-21,6717.3,6838,6859.24,6715.04,
"952",2014-04-22,6786.05,6717.3,6790.47,6689.89,
"953",2014-04-23,6789.04,6786.05,6822.14,6760.67,
"954",2014-04-24,6789.51,6789.04,6841.32,6765.1,
"955",2014-04-25,6732.43,6789.51,6837.79,6730.76,
"956",2014-04-28,6668.55,6732.43,6753.81,6651.73,
"957",2014-04-29,6741.52,6668.55,6752.47,6657.47,
"958",2014-04-30,6734.79,6741.52,6769.98,6724.77,
"959",2014-05-05,6710.05,6734.79,6738.28,6645.04,
"960",2014-05-06,6703.09,6710.05,6758.04,6684.86,
"961",2014-05-07,6658.16,6703.09,6703.09,6654.92,
"962",2014-05-08,6654.93,6658.16,6752.71,6630.85,
"963",2014-05-09,6655.12,6654.93,6683.64,6629.51,
"964",2014-05-12,6764.76,6655.12,6784.1,6655.12,
"965",2014-05-13,6755.63,6764.76,6787.99,6735.93,
"966",2014-05-14,6746.48,6755.63,6786.48,6736.64,
"967",2014-05-15,6695.9,6746.48,6755.73,6686.2,
"968",2014-05-16,6698.74,6695.9,6720.47,6667.76,
"969",2014-05-19,6585.08,6698.74,6698.74,6562.56,
"970",2014-05-20,6590.08,6585.08,6625.02,6571.19,
"971",2014-05-21,6643.57,6590.08,6647.29,6529.8,
"972",2014-05-22,6643.8,6643.57,6731.84,6629.51,
"973",2014-05-23,6696.94,6643.8,6698.65,6640.43,
"974",2014-05-25,6696.94,6696.94,6696.94,6696.94,
"975",2014-05-26,6710.3,6696.94,6748.32,6683.86,
"976",2014-05-27,6686.92,6710.3,6727.13,6683.47,
"977",2014-05-28,6757.79,6686.92,6761.83,6671.33,
"978",2014-05-29,6733.71,6757.79,6792.51,6730.13,
"979",2014-05-30,6729.53,6733.71,6761.96,6702.9,
"980",2014-06-03,6709.13,6729.53,6766.15,6706.48,
"981",2014-06-04,6652.82,6709.13,6712.95,6620.61,
"982",2014-06-05,6727.81,6652.82,6732.25,6633.93,
"983",2014-06-06,6668.54,6727.81,6729.29,6633.9,
"984",2014-06-09,6683.22,6668.54,6739.71,6639.34,
"985",2014-06-10,6773.7,6683.22,6774.48,6681.7,
"986",2014-06-11,6753.08,6773.7,6773.7,6726.22,
"987",2014-06-12,6737.61,6753.08,6758.6,6721.68,
"988",2014-06-13,6831.73,6737.61,6856.27,6733.65,
"989",2014-06-16,6891.03,6831.73,6905.62,6817.3,
"990",2014-06-17,6811.53,6891.03,6891.03,6803.2,
"991",2014-06-18,6774.68,6811.53,6820.85,6767.99,
"992",2014-06-19,6701.88,6774.68,6804.11,6679.9,
"993",2014-06-20,6718.68,6701.88,6721.57,6671.81,
"994",2014-06-23,6675.46,6718.68,6738.45,6672.72,
"995",2014-06-24,6694.65,6675.46,6702.4,6653.44,
"996",2014-06-25,6661.22,6694.65,6695.53,6636.5,
"997",2014-06-26,6702.7,6661.22,6710.11,6660.82,
"998",2014-06-27,6685.21,6702.7,6710.51,6657.33,
"999",2014-06-30,6716.44,6685.21,6737.64,6685.21,
"1000",2014-07-01,6684.27,6716.44,6734.87,6669.05,
"1001",2014-07-02,6700.89,6684.27,6707.94,6665.18,
"1002",2014-07-03,6721.53,6700.89,6737.21,6676.49,
"1003",2014-07-04,6739.06,6721.53,6747.56,6720.31,
"1004",2014-07-07,6748.82,6739.06,6767.56,6725.86,
"1005",2014-07-08,6755.99,6748.82,6758.43,6711.48,
"1006",2014-07-09,6660.06,6755.99,6755.99,6658.21,
"1007",2014-07-10,6635.74,6660.06,6671.67,6625.9,
"1008",2014-07-11,6622.67,6635.74,6649.41,6588.64,
"1009",2014-07-12,6622.67,6622.67,6622.67,6622.67,
"1010",2014-07-14,6694.78,6622.67,6696.33,6617.44,
"1011",2014-07-15,6714.92,6694.78,6722.15,6683.31,
"1012",2014-07-16,6706.35,6714.91,6738.12,6696.88,
"1013",2014-07-17,6667.99,6706.35,6706.78,6642.82,
"1014",2014-07-18,6701.88,6667.99,6735.28,6623.82,
"1015",2014-07-20,6701.88,6701.88,6701.88,6701.88,
"1016",2014-07-21,6710.25,6701.88,6725.35,6692.03,
"1017",2014-07-22,6786.4,6710.25,6804.52,6692.51,
"1018",2014-07-23,6841.2,6786.4,6860.65,6778.95,
"1019",2014-07-24,7002.96,6841.2,7023.93,6841.2,
"1020",2014-07-25,7065.04,7002.96,7068.35,6999.11,
"1021",2014-07-27,7065.04,7065.04,7065.04,7065.04,
"1022",2014-07-28,7301.26,7065.04,7331.53,7065.04,
"1023",2014-07-29,7315.66,7301.26,7353.84,7266.25,
"1024",2014-07-30,7266.15,7315.66,7353.18,7249.2,
"1025",2014-07-31,7362.17,7266.15,7364.29,7243.18,
"1026",2014-08-01,7299.86,7362.17,7439.34,7298.37,
"1027",2014-08-02,7299.86,7299.86,7299.86,7299.86,
"1028",2014-08-04,7457.59,7299.86,7459.15,7299.86,
"1029",2014-08-05,7400.5,7457.59,7467.21,7354.13,
"1030",2014-08-06,7326.02,7400.5,7400.5,7258.65,
"1031",2014-08-07,7201.2,7326.02,7342.47,7193.94,
"1032",2014-08-08,7219.52,7201.2,7241.28,7169.89,
"1033",2014-08-10,7219.52,7219.52,7219.52,7219.52,
"1034",2014-08-11,7323.9,7219.52,7336.09,7219.52,
"1035",2014-08-12,7263.16,7323.9,7323.9,7236.02,
"1036",2014-08-13,7271.19,7263.16,7316.49,7213.29,
"1037",2014-08-14,7214.75,7271.19,7293.14,7208.17,
"1038",2014-08-15,7277.57,7214.75,7294.8,7199.05,
"1039",2014-08-18,7282.3,7277.57,7332.7,7254.56,
"1040",2014-08-19,7270.34,7282.3,7297.12,7220.74,
"1041",2014-08-20,7226.77,7270.34,7270.34,7212.56,
"1042",2014-08-21,7172.48,7226.77,7227.26,7116.67,
"1043",2014-08-22,7208.63,7172.48,7217.27,7156.53,
"1044",2014-08-25,7130.76,7208.63,7212.37,7119.11,
"1045",2014-08-26,7115.04,7130.76,7160.17,7095,
"1046",2014-08-27,7115.38,7115.04,7147.66,7106.84,
"1047",2014-08-28,7054.9,7115.38,7137.46,7054.88,
"1048",2014-08-29,7143.8,7054.9,7147.81,7054.9,
"1049",2014-08-31,7143.8,7143.8,7143.8,7143.8,
"1050",2014-09-01,7168.25,7143.8,7174.94,7128.31,
"1051",2014-09-02,7260.99,7168.25,7268.68,7142.44,
"1052",2014-09-03,7338.54,7260.99,7357.51,7260.69,
"1053",2014-09-04,7397.41,7338.54,7405.07,7328.42,
"1054",2014-09-05,7472.15,7397.41,7478.92,7397.41,
"1055",2014-09-09,7416.32,7472.15,7485.11,7403.23,
"1056",2014-09-10,7341.85,7416.32,7416.32,7325.45,
"1057",2014-09-11,7306.42,7341.85,7421.31,7291.94,
"1058",2014-09-12,7331.35,7306.42,7332.65,7266.27,
"1059",2014-09-13,7331.35,7331.35,7331.35,7331.35,
"1060",2014-09-15,7288.97,7331.35,7331.7,7249.08,
"1061",2014-09-16,7202.03,7288.97,7318.12,7192.24,
"1062",2014-09-17,7217.99,7202.03,7238.85,7181.77,
"1063",2014-09-18,7245.93,7217.99,7272.92,7179.73,
"1064",2014-09-19,7285.35,7245.93,7299.34,7222.77,
"1065",2014-09-22,7117.17,7285.35,7285.35,7103.68,
"1066",2014-09-23,7165.15,7117.17,7178.89,7116.66,
"1067",2014-09-24,7289.61,7165.15,7299.4,7123.6,
"1068",2014-09-25,7258.09,7289.61,7339.61,7237.22,
"1069",2014-09-26,7237.56,7258.09,7258.09,7195.97,
"1070",2014-09-27,7237.56,7237.56,7237.56,7237.56,
"1071",2014-09-29,7245.56,7237.56,7277.9,7213.35,
"1072",2014-09-30,7237.98,7245.56,7261.19,7216.58,
"1073",2014-10-08,7308.85,7237.98,7309.19,7216.13,
"1074",2014-10-09,7318.19,7308.85,7342.47,7278.42,
"1075",2014-10-10,7262.11,7318.19,7318.19,7237.7,
"1076",2014-10-13,7181.95,7262.11,7262.11,7128.96,
"1077",2014-10-14,7153.77,7181.95,7216.74,7133.24,
"1078",2014-10-15,7208.58,7153.77,7217.05,7122.12,
"1079",2014-10-16,7196.24,7208.58,7280.38,7149.62,
"1080",2014-10-17,7197.56,7196.24,7230.29,7130.1,
"1081",2014-10-20,7211.7,7197.56,7229.6,7184.69,
"1082",2014-10-21,7162.62,7211.7,7220.04,7155.83,
"1083",2014-10-22,7163.85,7162.62,7219.04,7157.7,
"1084",2014-10-23,7126.7,7163.85,7200.71,7115.54,
"1085",2014-10-24,7098.4,7126.7,7143.04,7087.69,
"1086",2014-10-27,6975.39,7098.4,7098.4,6958.48,
"1087",2014-10-28,7090.28,6975.39,7091.91,6975.39,
"1088",2014-10-29,7194.48,7090.28,7222.44,7090.28,
"1089",2014-10-30,7245.29,7194.48,7265.44,7165.63,
"1090",2014-10-31,7421.12,7245.29,7457.58,7245.29,
"1091",2014-11-03,7392.51,7421.12,7453.62,7369.5,
"1092",2014-11-04,7366.43,7392.51,7393.49,7338.81,
"1093",2014-11-05,7326.77,7366.43,7382.58,7314.2,
"1094",2014-11-06,7319.33,7326.77,7353.52,7274.66,
"1095",2014-11-07,7343.11,7319.33,7454.82,7304.83,
"1096",2014-11-10,7568.53,7343.11,7568.53,7343.11,
"1097",2014-11-11,7667.72,7568.53,7802.44,7568.53,
"1098",2014-11-12,7742.1,7667.72,7745,7591.99,
"1099",2014-11-13,7718.3,7742.1,7826.97,7695.32,
"1100",2014-11-14,7748.69,7718.3,7753.48,7642.58,
"1101",2014-11-16,7748.69,7748.69,7748.69,7748.69,
"1102",2014-11-17,7651.38,7748.69,7887.14,7646.44,
"1103",2014-11-18,7502.13,7651.38,7651.38,7487.95,
"1104",2014-11-19,7460.16,7502.13,7507.81,7445.58,
"1105",2014-11-20,7478.22,7460.16,7507.58,7414.08,
"1106",2014-11-21,7638.09,7478.22,7648.78,7447.76,
"1107",2014-11-24,7820.27,7638.09,7880.91,7632,
"1108",2014-11-25,7902.49,7820.27,7912.99,7781.02,
"1109",2014-11-26,8067.23,7902.49,8069.6,7902.49,
"1110",2014-11-27,8186.3,8067.23,8186.3,8066.91,
"1111",2014-11-28,8480.03,8186.3,8485.23,8137.35,
"1112",2014-12-01,8519.27,8480.03,8743.26,8480.03,
"1113",2014-12-02,8953.21,8519.27,9049.29,8461.14,
"1114",2014-12-03,8993.53,8953.21,9316.53,8833.26,
"1115",2014-12-04,9525.12,8993.53,9527.82,8967.44,
"1116",2014-12-05,9708.23,9525.12,9936.79,9303.55,
"1117",2014-12-08,10135.08,9708.23,10210.77,9528.07,
"1118",2014-12-09,9577.51,10135.08,10517.28,9453.64,
"1119",2014-12-10,9904.24,9577.51,9943.62,9285.88,
"1120",2014-12-11,9666.54,9904.24,9983.47,9636.58,
"1121",2014-12-12,9651.66,9666.54,9894.27,9582.85,
"1122",2014-12-14,9651.66,9651.66,9651.66,9651.66,
"1123",2014-12-15,9681,9651.66,9717.53,9423.02,
"1124",2014-12-16,10076.44,9681,10076.44,9643.2,
"1125",2014-12-17,10477.1,10076.44,10515.39,10076.44,
"1126",2014-12-18,10433.42,10477.1,10633.6,10333.14,
"1127",2014-12-19,10579.28,10433.42,10653.42,10211.69,
"1128",2014-12-22,10794.62,10579.28,11054.58,10548.62,
"1129",2014-12-23,10559.22,10794.62,10977.07,10463.62,
"1130",2014-12-24,10066.21,10559.22,10607.37,9922.83,
"1131",2014-12-25,10477.87,10066.21,10480.14,10046.97,
"1132",2014-12-26,10935.12,10477.87,10964.37,10471.51,
"1133",2014-12-28,10935.12,10935.12,10935.12,10935.12,
"1134",2014-12-29,11036.6,10935.12,11370.78,10832.63,
"1135",2014-12-30,11242.48,11036.6,11342.96,10970.69,
"1136",2014-12-31,11517.68,11242.48,11557.15,11163.88,
"1137",2015-01-04,11517.68,11517.68,11517.68,11517.68,
"1138",2015-01-05,11860.36,11517.68,11988.98,11517.68,
"1139",2015-01-06,11769.39,11860.36,12065.66,11585.25,
"1140",2015-01-07,11760.97,11769.39,11898.42,11591.74,
"1141",2015-01-08,11391.75,11760.97,11847.05,11367.28,
"1142",2015-01-09,11431.36,11391.75,12000.61,11287.34,
"1143",2015-01-12,11308.53,11431.36,11531.33,11100.49,
"1144",2015-01-13,11242.34,11308.53,11401.86,11172.8,
"1145",2015-01-14,11255.96,11242.34,11425.81,11140.48,
"1146",2015-01-15,11696.5,11255.96,11698.77,11165.38,
"1147",2015-01-16,11756.48,11696.5,11906.76,11658.28,
"1148",2015-01-19,10665.01,11756.48,11756.48,10619.74,
"1149",2015-01-20,10656.59,10665.01,10802.52,10433.08,
"1150",2015-01-21,11254.32,10656.59,11304.97,10656.59,
"1151",2015-01-22,11237.48,11254.32,11313.06,11072.86,
"1152",2015-01-23,11334.26,11237.48,11546.34,11237.48,
"1153",2015-01-26,11289.83,11334.26,11334.26,11141.88,
"1154",2015-01-27,11110.88,11289.83,11333.43,10891.75,
"1155",2015-01-28,10955.17,11110.88,11166.39,10900.89,
"1156",2015-01-29,10775.6,10955.17,10955.17,10667.13,
"1157",2015-01-30,10622.76,10775.6,10900.25,10590.66,
"1158",2015-02-02,10289.89,10622.76,10622.76,10276.3,
"1159",2015-02-03,10607.59,10289.89,10638.83,10289.89,
"1160",2015-02-04,10473.16,10607.59,10761.47,10464.49,
"1161",2015-02-05,10369.92,10473.16,10855.06,10366.35,
"1162",2015-02-06,10257.36,10369.92,10433.78,10161.85,
"1163",2015-02-09,10429.87,10257.36,10538.8,10187.91,
"1164",2015-02-10,10593,10429.87,10618.03,10381.42,
"1165",2015-02-11,10629.44,10593,10673.17,10559.99,
"1166",2015-02-12,10639.19,10629.44,10675.53,10497.96,
"1167",2015-02-13,10684.78,10639.19,10841.38,10622.91,
"1168",2015-02-16,10680.78,10684.78,10709.43,10608.06,
"1169",2015-02-17,10768.42,10680.78,10839.89,10680.7,
"1170",2015-02-25,10609.69,10768.42,10781.54,10554.39,
"1171",2015-02-26,10901.77,10609.69,10922.37,10489.37,
"1172",2015-02-27,10875.82,10901.77,10979.61,10841.57,
"1173",2015-03-02,10883.07,10875.82,10972.03,10795.75,
"1174",2015-03-03,10510.57,10883.07,10883.07,10507.22,
"1175",2015-03-04,10504.63,10510.57,10584.61,10433.17,
"1176",2015-03-05,10324.83,10504.63,10504.63,10231,
"1177",2015-03-06,10321.95,10324.83,10419.58,10300.05,
"1178",2015-03-09,10608.2,10321.95,10664.72,10114.15,
"1179",2015-03-10,10434.44,10608.2,10608.2,10417.71,
"1180",2015-03-11,10491.74,10434.44,10647.6,10434.44,
"1181",2015-03-12,10838.27,10491.74,10939.41,10491.74,
"1182",2015-03-13,10876.81,10838.27,11062.02,10801.4,
"1183",2015-03-16,11115.44,10876.81,11117.16,10835.15,
"1184",2015-03-17,11261.53,11115.44,11271.95,11115.39,
"1185",2015-03-18,11527.66,11261.53,11529.6,11259.65,
"1186",2015-03-19,11458.94,11527.66,11543.61,11391.31,
"1187",2015-03-20,11646.16,11458.94,11781.27,11408.61,
"1188",2015-03-23,11838.85,11646.16,11859.63,11645.9,
"1189",2015-03-24,11731.52,11838.85,11875.75,11569.8,
"1190",2015-03-25,11536.61,11731.52,11739.07,11458.99,
"1191",2015-03-26,11672.46,11536.61,11797.1,11398.19,
"1192",2015-03-27,11679.44,11672.46,11793.69,11582.66,
"1193",2015-03-30,12112.35,11679.44,12151.35,11673.6,
"1194",2015-03-31,11980.06,12112.35,12461.82,11936.6,
"1195",2015-04-01,12160.67,11980.06,12209.54,11959.32,
"1196",2015-04-02,12063.92,12160.67,12263.21,11915.96,
"1197",2015-04-03,12184.44,12063.92,12186.05,11975.5,
"1198",2015-04-07,12491.81,12184.44,12494.54,12184.44,
"1199",2015-04-08,12766.88,12491.81,12797.81,12445.09,
"1200",2015-04-09,12666.19,12766.88,13050.94,12593.73,
"1201",2015-04-10,12901.09,12666.19,12929.13,12575.9,
"1202",2015-04-13,13182.21,12901.09,13231.38,12901.09,
"1203",2015-04-14,13220.83,13182.21,13325.41,13064.59,
"1204",2015-04-15,13286.45,13220.83,13588.02,13168.05,
"1205",2015-04-16,13810.55,13286.45,13812.82,13172.57,
"1206",2015-04-17,14074.23,13810.55,14213.9,13810.55,
"1207",2015-04-20,13756.79,14074.23,14315.66,13651.31,
"1208",2015-04-21,13920.1,13756.79,13938.38,13562.29,
"1209",2015-04-22,14268.84,13920.1,14276.62,13842.72,
"1210",2015-04-23,14128.69,14268.84,14327.25,14011.63,
"1211",2015-04-24,13888.64,14128.69,14128.69,13623.83,
"1212",2015-04-27,14347.31,13888.64,14360.63,13888.64,
"1213",2015-04-28,14402.52,14347.31,14767.19,14273.22,
"1214",2015-04-29,14316.85,14402.52,14420.25,14136.79,
"1215",2015-04-30,14158.26,14316.85,14421.13,14156.03,
"1216",2015-05-04,14272.45,14158.26,14275.57,13978.91,
"1217",2015-05-05,13710.5,14272.45,14295.31,13639.17,
"1218",2015-05-06,13607.99,13710.5,14078.43,13481.18,
"1219",2015-05-07,13380.35,13607.99,13607.99,13373.75,
"1220",2015-05-08,13500.15,13380.35,13572.09,13178.61,
"1221",2015-05-11,13772.53,13500.15,13776.79,13344.61,
"1222",2015-05-12,13842.92,13772.53,13894.98,13633.24,
"1223",2015-05-13,13647.59,13842.92,13886.92,13548.5,
"1224",2015-05-14,13556.33,13647.59,13704.18,13497.16,
"1225",2015-05-15,13270.45,13556.33,13558.46,13189.02,
"1226",2015-05-18,12998.31,13270.45,13270.45,12990.09,
"1227",2015-05-19,13507.28,12998.31,13560.83,12985.91,
"1228",2015-05-20,13534.26,13507.28,13780.29,13458.06,
"1229",2015-05-21,13653.11,13534.26,13673.74,13481.94,
"1230",2015-05-22,14071.91,13653.11,14075.95,13653.11,
"1231",2015-05-25,14501.94,14071.91,14504.3,14069.05,
"1232",2015-05-26,14632.03,14501.94,14671.58,14349.3,
"1233",2015-05-27,14430.24,14632.03,14704.34,14359.52,
"1234",2015-05-28,13503.75,14430.24,14452.91,13485.83,
"1235",2015-05-29,13444.67,13503.75,13643.86,13140.02,
"1236",2015-06-01,14022.76,13444.67,14050.13,13327.36,
"1237",2015-06-02,14013.85,14022.76,14084.11,13783.52,
"1238",2015-06-03,14009.01,14013.85,14093.57,13819.89,
"1239",2015-06-04,14280.45,14009.01,14356.17,13506.46,
"1240",2015-06-05,14357.81,14280.45,14566.24,14028.52,
"1241",2015-06-08,15047.55,14357.81,15099.55,14332.7,
"1242",2015-06-09,14795.37,15047.55,15146.91,14620.38,
"1243",2015-06-10,14559.73,14795.37,14795.37,14448.18,
"1244",2015-06-11,14436.27,14559.73,14614.86,14308.03,
"1245",2015-06-12,14452.95,14436.27,14553.06,14316.99,
"1246",2015-06-15,14065.22,14452.95,14501.2,14035.1,
"1247",2015-06-16,13726.18,14065.22,14122.42,13594.57,
"1248",2015-06-17,13886.19,13726.18,13933.73,13618.39,
"1249",2015-06-18,13289.21,13886.19,13886.22,13285.92,
"1250",2015-06-19,12612.8,13289.21,13300.37,12600.91,
"1251",2015-06-23,13083.95,12612.8,13102.66,12335.96,
"1252",2015-06-24,13292.29,13083.95,13320.83,12921.9,
"1253",2015-06-25,12918.93,13292.29,13476.51,12852.52,
"1254",2015-06-26,12069.46,12918.93,12970.14,11787.32,
"1255",2015-06-29,11892.75,12069.46,12462.03,11221.11,
"1256",2015-06-30,12732.98,11892.75,12740.29,11704.7,
"1257",2015-07-01,12176.6,12732.98,12732.98,12114.19,
"1258",2015-07-02,12091.88,12176.6,12441.7,11610.41,
"1259",2015-07-03,11475.58,12091.88,12146.35,11203.67,
"1260",2015-07-06,12183.33,11475.58,12361.22,11475.58,
"1261",2015-07-07,12488.84,12183.33,12536.44,11596.96,
"1262",2015-07-08,11601.54,12488.84,12488.84,11402.75,
"1263",2015-07-09,12334.14,11601.54,12546.63,11067.98,
"1264",2015-07-10,12791.1,12334.14,13251.75,12035.64,
"1265",2015-07-13,12647.36,12791.1,12990.89,12372.88,
"1266",2015-07-14,12203.6,12647.36,12647.36,12002.27,
"1267",2015-07-15,12145.61,12203.6,12287.83,11825.44,
"1268",2015-07-16,12081.69,12145.61,12226.68,11967.28,
"1269",2015-07-17,12335.26,12081.69,12450.54,12002,
"1270",2015-07-20,12254.33,12335.26,12368.45,12169.95,
"1271",2015-07-21,12184.97,12254.33,12303.51,12073.97,
"1272",2015-07-22,12033.63,12184.97,12187.17,11961.81,
"1273",2015-07-23,12249.59,12033.63,12268.28,12013.51,
"1274",2015-07-24,12029.49,12249.59,12304.25,12011.95,
"1275",2015-07-27,10986.24,12029.49,12029.49,10975.64,
"1276",2015-07-28,11028.86,10986.24,11176.07,10659.18,
"1277",2015-07-29,11186.87,11028.86,11203.83,10907.28,
"1278",2015-07-30,10909.71,11186.87,11240.9,10888.87,
"1279",2015-07-31,10911.36,10909.71,11024.21,10771.71,
"1280",2015-08-03,11027.96,10911.36,11030.11,10742.47,
"1281",2015-08-04,11212,11027.96,11223.55,10927.25,
"1282",2015-08-05,11005.33,11212,11216.9,11003.4,
"1283",2015-08-06,10927,11005.33,11082.67,10846.3,
"1284",2015-08-07,11063.25,10927,11137.71,10927,
"1285",2015-08-10,11517.86,11063.25,11553.97,11063.25,
"1286",2015-08-11,11425.47,11517.86,11549.17,11376.02,
"1287",2015-08-12,11293.21,11425.47,11449.58,11278.71,
"1288",2015-08-13,11370.27,11293.21,11402.18,11149.45,
"1289",2015-08-14,11369.13,11370.27,11432.19,11330.83,
"1290",2015-08-17,11221.74,11369.13,11369.13,11116.19,
"1291",2015-08-18,10660.21,11221.74,11327.83,10646.43,
"1292",2015-08-19,10755.15,10660.21,10755.62,10335.91,
"1293",2015-08-20,10452.76,10755.15,10755.15,10450.37,
"1294",2015-08-21,10064.74,10452.76,10452.76,10035.17,
"1295",2015-08-24,9159.84,10064.74,10064.74,9104.89,
"1296",2015-08-25,8574.49,9159.84,9159.84,8462.92,
"1297",2015-08-26,8766.08,8574.49,9092.67,8451.14,
"1298",2015-08-27,9384.83,8766.08,9384.83,8766.08,
"1299",2015-08-28,9648.59,9384.83,9690.04,9373.69,
"1300",2015-08-31,9818.4,9648.59,9827.84,9268.64,
"1301",2015-09-01,9942.26,9818.4,9973.83,9393.19,
"1302",2015-09-02,10025.07,9942.26,10040.58,9545.18,
"1303",2015-09-07,9552.95,10025.07,10025.75,9526.89,
"1304",2015-09-08,9735.92,9552.95,9753.02,9343.48,
"1305",2015-09-09,9866.08,9735.92,9927.15,9711.38,
"1306",2015-09-10,9821.09,9866.08,9878.6,9708.69,
"1307",2015-09-11,9762.84,9821.09,9871.99,9706.45,
"1308",2015-09-14,9821.24,9762.84,9825.01,9458.09,
"1309",2015-09-15,9606.83,9821.24,9821.24,9488.8,
"1310",2015-09-16,9892.42,9606.83,10038,9479.84,
"1311",2015-09-17,9705.86,9892.42,9977.15,9704.37,
"1312",2015-09-18,9570.67,9549.45,9682.01,9542.75,
"1313",2015-09-21,9641.13,9570.67,9662.46,9476.88,
"1314",2015-09-22,9744.12,9641.13,9837.22,9620.61,
"1315",2015-09-23,9486.77,9744.12,9744.12,9471.78,
"1316",2015-09-24,9523.04,9486.77,9573.04,9450.36,
"1317",2015-09-25,9477.7,9523.04,9529.9,9350.94,
"1318",2015-09-28,9427.7,9477.7,9478.27,9328.96,
"1319",2015-09-29,9242.57,9427.7,9427.7,9182.81,
"1320",2015-09-30,9329.07,9242.57,9392.45,9242.57,
"1321",2015-10-08,9528.89,9329.07,9703.09,9329.07,
"1322",2015-10-09,9646.1,9528.89,9674.03,9528.73,
"1323",2015-10-12,9945.4,9646.1,10042.12,9645.73,
"1324",2015-10-13,9878.54,9945.4,9945.4,9829.18,
"1325",2015-10-14,9796.55,9878.54,9926.87,9791.55,
"1326",2015-10-15,9978.19,9796.55,9978.29,9792.48,
"1327",2015-10-16,10072.61,9978.19,10102.59,9978.19,
"1328",2015-10-19,10051.55,10072.61,10173.48,9986.34,
"1329",2015-10-20,10146.74,10051.55,10149.35,9970.45,
"1330",2015-10-21,10129.91,10146.74,10300.34,9874.31,
"1331",2015-10-22,10107.49,10129.91,10131.15,9965.4,
"1332",2015-10-23,10174.34,10107.49,10202.83,10069.48,
"1333",2015-10-26,10197.27,10174.34,10333.67,10155.4,
"1334",2015-10-27,10188.24,10197.27,10206.27,9979.94,
"1335",2015-10-28,10026.32,10188.24,10188.24,10015.44,
"1336",2015-10-29,10020.88,10026.32,10087.13,9986.53,
"1337",2015-10-30,10048.23,10020.88,10145.48,9975.72,
"1338",2015-11-02,9924.42,10048.23,10053.22,9922.94,
"1339",2015-11-03,9881.06,9924.42,9984.93,9855.4,
"1340",2015-11-04,10326.31,9881.06,10339.69,9881.06,
"1341",2015-11-05,10637.29,10326.31,10910.29,10291.21,
"1342",2015-11-06,10850.5,10637.29,10882.03,10554.35,
"1343",2015-11-09,11024.94,10850.5,11281.93,10849.89,
"1344",2015-11-10,10968.44,11024.94,11127.38,10867.55,
"1345",2015-11-11,10886.92,10968.44,10968.44,10750.86,
"1346",2015-11-12,10745.12,10886.92,10912.29,10699.38,
"1347",2015-11-13,10614.73,10745.12,10762.26,10601.97,
"1348",2015-11-16,10622.73,10614.73,10622.73,10455.46,
"1349",2015-11-17,10648.75,10622.73,10907.03,10622.73,
"1350",2015-11-18,10608.99,10648.75,10757.91,10579.28,
"1351",2015-11-19,10712.47,10608.99,10712.47,10568.86,
"1352",2015-11-20,10688.16,10712.47,10763.8,10652.2,
"1353",2015-11-23,10666.59,10688.16,10776.75,10642.6,
"1354",2015-11-24,10636.36,10666.59,10666.59,10520.45,
"1355",2015-11-25,10676.33,10636.36,10677.4,10559.42,
"1356",2015-11-26,10628.97,10676.33,10758.41,10626.53,
"1357",2015-11-27,10124.9,10628.97,10628.97,10063.75,
"1358",2015-11-30,10148.1,10124.9,10199.35,9914.07,
"1359",2015-12-01,10209.19,10148.1,10294.61,10053.64,
"1360",2015-12-02,10724.75,10209.19,10750.63,10179.12,
"1361",2015-12-03,10778.29,10724.75,10852.12,10580.52,
"1362",2015-12-04,10514.53,10778.29,10778.29,10509.01,
"1363",2015-12-07,10496.05,10514.53,10539.66,10420.14,
"1364",2015-12-08,10357.36,10496.05,10496.05,10319.96,
"1365",2015-12-09,10406.26,10357.36,10456.29,10325.98,
"1366",2015-12-10,10358.72,10406.26,10566.71,10343.79,
"1367",2015-12-11,10304.99,10358.72,10360.65,10218.17,
"1368",2015-12-14,10592.76,10304.99,10607.54,10191.45,
"1369",2015-12-15,10488.25,10592.76,10592.76,10445.38,
"1370",2015-12-16,10446.31,10488.25,10533.34,10424.47,
"1371",2015-12-17,10621.09,10446.31,10681.28,10446.31,
"1372",2015-12-18,10719.77,10621.09,10907.53,10595.41,
"1373",2015-12-21,11026.18,10719.77,11082.52,10675.5,
"1374",2015-12-22,11001.04,11026.18,11040.84,10927.12,
"1375",2015-12-23,11036.81,11001.04,11234.12,10989.47,
"1376",2015-12-24,10957.31,11036.81,11051.11,10853.94,
"1377",2015-12-25,10998.66,10957.31,11012.24,10922.33,
"1378",2015-12-28,10683.51,10998.66,11042.15,10683.51,
"1379",2015-12-29,10776.15,10683.51,10789.56,10653.15,
"1380",2015-12-30,10776.23,10776.15,10781.7,10646.3,
"1381",2015-12-31,10711.64,10776.23,10780.67,10668.49,
"1382",2016-01-04,10101.04,10711.64,10711.64,10098.94,
"1383",2016-01-05,10178.16,10101.04,10259.92,9903.94,
"1384",2016-01-06,10297.45,10178.16,10314.27,10129.51,
"1385",2016-01-07,9750.36,10297.45,10297.45,9712.31,
"1386",2016-01-08,9906.67,9750.36,10058.83,9648.7,
"1387",2016-01-11,9505.45,9906.67,9906.67,9503.75,
"1388",2016-01-12,9566,9505.45,9640.87,9489.66,
"1389",2016-01-13,9465.21,9566,9669.15,9460.25,
"1390",2016-01-14,9573.67,9465.21,9591.96,9250.05,
"1391",2016-01-15,9314.24,9573.67,9576.2,9266.94,
"1392",2016-01-18,9302.18,9314.24,9398.95,9179.94,
"1393",2016-01-19,9545.43,9302.18,9574.18,9263.75,
"1394",2016-01-20,9384.26,9545.43,9545.43,9324.5,
"1395",2016-01-21,9174.4,9384.26,9475.93,9170.45,
"1396",2016-01-22,9254.13,9174.4,9309.02,9106.72,
"1397",2016-01-25,9263.61,9254.13,9302.21,9198.29,
"1398",2016-01-26,8796,9263.61,9263.61,8770.46,
"1399",2016-01-27,8793.39,8796,8885.54,8610.4,
"1400",2016-01-28,8643.35,8793.39,8825.69,8586.86,
"1401",2016-01-29,8887.48,8643.35,8939.86,8639.03,
"1402",2016-02-01,8734.08,8887.48,8887.48,8655.96,
"1403",2016-02-02,8859.86,8734.08,8901.5,8723.7,
"1404",2016-02-03,8779.94,8859.86,8859.86,8688.4,
"1405",2016-02-04,8872.83,8779.94,8911.68,8779.94,
"1406",2016-02-05,8851.03,8872.83,8892.35,8822.2,
"1407",2016-02-15,8774.55,8851.03,8851.03,8628.05,
"1408",2016-02-16,8993.09,8774.55,9011.99,8774.55,
"1409",2016-02-17,9048.34,8993.09,9069.23,8966.75,
"1410",2016-02-18,9016.81,9048.34,9123.9,9007.26,
"1411",2016-02-19,8998.68,9016.81,9037.93,8958.13,
"1412",2016-02-22,9194.71,8998.68,9237.47,8998.68,
"1413",2016-02-23,9096.06,9194.71,9194.71,9034.64,
"1414",2016-02-24,9153.77,9096.06,9156.81,9026.7,
"1415",2016-02-25,8731.2,9153.77,9155.7,8697.4,
"1416",2016-02-26,8821.18,8731.2,8864.83,8723.52,
"1417",2016-02-29,8756.88,8821.18,8821.82,8550.67,
"1418",2016-03-01,8872.43,8756.88,8933.16,8709.33,
"1419",2016-03-02,9146.56,8872.43,9159.52,8872.43,
"1420",2016-03-03,9170.78,9146.56,9190.84,9084.46,
"1421",2016-03-04,9434.82,9170.78,9458.43,9117.4,
"1422",2016-03-07,9382.38,9434.82,9481.65,9346.01,
"1423",2016-03-08,9406.78,9382.38,9417.73,9107.15,
"1424",2016-03-09,9387.79,9406.78,9406.78,9175.2,
"1425",2016-03-10,9207.25,9387.79,9387.79,9203.48,
"1426",2016-03-11,9236.49,9207.25,9239.03,9116.53,
"1427",2016-03-14,9278,9236.49,9430.42,9236.49,
"1428",2016-03-15,9348.03,9278,9366.78,9191.87,
"1429",2016-03-16,9492.54,9348.03,9507.76,9295.74,
"1430",2016-03-17,9483.81,9492.54,9586.13,9408.64,
"1431",2016-03-18,9531.39,9483.81,9624.56,9481.5,
"1432",2016-03-21,9743.3,9531.39,9823.16,9531.39,
"1433",2016-03-22,9667.54,9743.3,9764.3,9643.33,
"1434",2016-03-23,9675.8,9667.54,9724.26,9612.12,
"1435",2016-03-24,9537.5,9675.8,9675.8,9535.52,
"1436",2016-03-25,9581.59,9537.5,9617.31,9530.15,
"1437",2016-03-28,9476.58,9581.59,9659.45,9452.21,
"1438",2016-03-29,9416.59,9476.58,9525.74,9393.03,
"1439",2016-03-30,9623.85,9416.59,9635.16,9416.59,
"1440",2016-03-31,9614.12,9623.85,9671.25,9586,
"1441",2016-04-01,9658.04,9614.12,9661.9,9484.72,
"1442",2016-04-05,9706.33,9658.04,9733.41,9568.61,
"1443",2016-04-06,9658.8,9706.33,9706.33,9612.82,
"1444",2016-04-07,9542.45,9658.8,9695.38,9537.25,
"1445",2016-04-08,9485.94,9542.45,9542.45,9448.66,
"1446",2016-04-11,9580.45,9485.94,9655.69,9485.94,
"1447",2016-04-12,9562.34,9580.45,9586.5,9527.88,
"1448",2016-04-13,9673.83,9562.34,9777.75,9562.34,
"1449",2016-04-14,9702.49,9673.83,9754.6,9655.93,
"1450",2016-04-15,9722.73,9702.49,9757.67,9679.45,
"1451",2016-04-18,9637.56,9722.73,9722.73,9611.47,
"1452",2016-04-19,9657.35,9637.56,9695.81,9627.32,
"1453",2016-04-20,9607.36,9657.35,9678.72,9370.63,
"1454",2016-04-21,9598.13,9607.36,9690.75,9514.21,
"1455",2016-04-22,9652.27,9598.13,9669.97,9542.27,
"1456",2016-04-25,9617.12,9652.27,9652.4,9540.54,
"1457",2016-04-26,9647.94,9617.12,9677.58,9584.89,
"1458",2016-04-27,9607.68,9647.94,9663.7,9600.29,
"1459",2016-04-28,9594.77,9607.68,9648.89,9551.5,
"1460",2016-04-29,9569.56,9594.77,9610.12,9559.92,
"1461",2016-05-03,9661.6,9569.56,9698.56,9549.81,
"1462",2016-05-04,9638.5,9661.6,9666.35,9618.7,
"1463",2016-05-05,9635.46,9638.5,9645.97,9601.29,
"1464",2016-05-06,9448.79,9635.46,9637.97,9447.37,
"1465",2016-05-09,9319.72,9448.79,9448.79,9287.73,
"1466",2016-05-10,9314.77,9319.72,9367.14,9281.42,
"1467",2016-05-11,9347.95,9314.77,9389.45,9305.6,
"1468",2016-05-12,9380.19,9347.95,9397.35,9257.14,
"1469",2016-05-13,9348.82,9380.19,9398.84,9334.8,
"1470",2016-05-16,9370.86,9348.82,9371.99,9305.71,
"1471",2016-05-17,9345.32,9370.86,9377.93,9318.32,
"1472",2016-05-18,9367.35,9345.32,9380.47,9259.95,
"1473",2016-05-19,9339.91,9367.35,9382.56,9327.04,
"1474",2016-05-20,9374.01,9339.91,9374.9,9305.42,
"1475",2016-05-23,9368.72,9374.01,9421.58,9352.43,
"1476",2016-05-24,9308.98,9368.72,9368.72,9293.72,
"1477",2016-05-25,9337.34,9308.98,9380.72,9308.98,
"1478",2016-05-26,9353.94,9337.34,9385.6,9304.24,
"1479",2016-05-27,9348.53,9353.94,9368.39,9328.55,
"1480",2016-05-30,9426.3,9348.53,9428.95,9318.03,
"1481",2016-05-31,9670.95,9426.3,9681.73,9426.15,
"1482",2016-06-01,9610.53,9670.95,9694.41,9608.69,
"1483",2016-06-02,9596.97,9610.53,9632.55,9570.63,
"1484",2016-06-03,9655.5,9596.97,9672.06,9583.35,
"1485",2016-06-06,9594.7,9655.5,9656.03,9574.81,
"1486",2016-06-07,9599.31,9594.7,9624.9,9580.52,
"1487",2016-06-08,9573.97,9599.31,9599.31,9540.81,
"1488",2016-06-13,9388.24,9573.97,9573.97,9384.91,
"1489",2016-06-14,9438.67,9388.24,9456.12,9371.92,
"1490",2016-06-15,9478.21,9438.67,9508.82,9349.43,
"1491",2016-06-16,9427.49,9478.21,9478.21,9417.07,
"1492",2016-06-17,9234.24,9427.49,9512.9,9234.24,
"1493",2016-06-20,9249.57,9234.24,9279.06,9202.78,
"1494",2016-06-21,9248.71,9249.57,9356.8,9231.08,
"1495",2016-06-22,9302.17,9248.71,9305.45,9227.31,
"1496",2016-06-23,9253.28,9302.17,9303.67,9222.34,
"1497",2016-06-24,9127.61,9253.28,9279.34,9026.43,
"1498",2016-06-27,9210.57,9127.61,9211.47,9106.55,
"1499",2016-06-28,9235.74,9210.57,9242.31,9160.26,
"1500",2016-06-29,9324.02,9235.74,9330.74,9235.74,
"1501",2016-06-30,9316.31,9324.02,9352.33,9306.99,
"1502",2016-07-01,9343.52,9316.31,9370.17,9313.93,
"1503",2016-07-04,9485.8,9343.52,9518.88,9315.39,
"1504",2016-07-05,9492.54,9485.8,9512.13,9464.86,
"1505",2016-07-06,9494.22,9492.54,9509.41,9423.9,
"1506",2016-07-07,9475.83,9494.22,9497.5,9426.49,
"1507",2016-07-08,9400.07,9475.83,9475.83,9387.39,
"1508",2016-07-11,9431.5,9400.07,9513.16,9393.27,
"1509",2016-07-12,9609.62,9431.5,9614.5,9431.5,
"1510",2016-07-13,9592.65,9609.62,9699.99,9567.45,
"1511",2016-07-14,9572.7,9592.65,9596.01,9529.14,
"1512",2016-07-15,9594.54,9572.7,9616.03,9562.21,
"1513",2016-07-18,9591.97,9594.54,9667.84,9570.78,
"1514",2016-07-19,9526.56,9591.97,9617.7,9478.33,
"1515",2016-07-20,9485.83,9526.56,9532.79,9473.06,
"1516",2016-07-21,9542.04,9485.83,9575.48,9484.65,
"1517",2016-07-22,9450.34,9542.04,9543.89,9437.46,
"1518",2016-07-25,9447.09,9450.34,9487.9,9422.16,
"1519",2016-07-26,9542.21,9447.09,9544.15,9430.93,
"1520",2016-07-27,9516.33,9542.21,9555.95,9321.99,
"1521",2016-07-28,9470.55,9516.33,9516.99,9442.19,
"1522",2016-07-29,9457.03,9470.55,9491.96,9440.32,
"1523",2016-08-01,9437.47,9457.03,9470.32,9391,
"1524",2016-08-02,9436.41,9437.47,9452.77,9395,
"1525",2016-08-03,9424.85,9436.41,9438.42,9381.29,
"1526",2016-08-04,9408.63,9424.85,9431.34,9357.77,
"1527",2016-08-05,9434.57,9408.63,9480.97,9383.96,
"1528",2016-08-08,9474.17,9434.57,9475.59,9384.94,
"1529",2016-08-09,9539.48,9474.17,9545.78,9466.88,
"1530",2016-08-10,9520.12,9539.48,9556.22,9514.81,
"1531",2016-08-11,9571.07,9520.12,9693.13,9510.18,
"1532",2016-08-12,9763.97,9571.07,9764.24,9567.67,
"1533",2016-08-15,10027.96,9763.97,10123.12,9763.97,
"1534",2016-08-16,9892.85,10027.96,10089.03,9873.1,
"1535",2016-08-17,9891.17,9892.85,9967.34,9849.52,
"1536",2016-08-18,9842.22,9891.17,9970.32,9802.78,
"1537",2016-08-19,9863.87,9842.22,9883.87,9789.31,
"1538",2016-08-22,9814.47,9863.87,9877.54,9803.56,
"1539",2016-08-23,9844.26,9814.47,9911.06,9803.67,
"1540",2016-08-24,9798.07,9844.26,9851.58,9777,
"1541",2016-08-25,9761.43,9798.07,9798.07,9685.45,
"1542",2016-08-26,9743.45,9761.43,9796,9728.27,
"1543",2016-08-29,9729.71,9743.45,9747.54,9682.37,
"1544",2016-08-30,9771.55,9729.71,9796.35,9728.24,
"1545",2016-08-31,9811.09,9771.55,9832.67,9757.89,
"1546",2016-09-01,9767.63,9811.09,9828.18,9763.27,
"1547",2016-09-02,9804.58,9767.63,9813.22,9756.17,
"1548",2016-09-05,9820.9,9804.58,9866.94,9799.38,
"1549",2016-09-06,9835.3,9820.9,9879.73,9778.13,
"1550",2016-09-07,9846.1,9835.3,9885.6,9822.65,
"1551",2016-09-08,9844.64,9846.1,9858.31,9822.43,
"1552",2016-09-09,9811.74,9844.64,9866.01,9808.84,
"1553",2016-09-12,9669.61,9811.74,9811.74,9585.63,
"1554",2016-09-13,9644.09,9669.61,9673.05,9616.56,
"1555",2016-09-14,9557.45,9644.09,9644.09,9542.39,
"1556",2016-09-15,9557.45,9557.45,9557.45,9557.45,
"1557",2016-09-19,9621.73,9557.45,9630.82,9556.4,
"1558",2016-09-20,9595.83,9621.73,9626.25,9582.19,
"1559",2016-09-21,9610.3,9595.83,9630.69,9579.26,
"1560",2016-09-22,9678.62,9610.3,9724.45,9610.3,
"1561",2016-09-23,9659.31,9678.62,9690.87,9654.14,
"1562",2016-09-26,9535.41,9659.31,9659.31,9533.74,
"1563",2016-09-27,9581.14,9535.41,9581.65,9514.99,
"1564",2016-09-28,9534.09,9581.14,9584.41,9527.3,
"1565",2016-09-29,9579.52,9534.09,9611.03,9534.09,
"1566",2016-09-30,9598.73,9579.52,9621.57,9564.49,
"1567",2016-10-03,9598.73,9598.73,9598.73,9598.73,
"1568",2016-10-07,9598.73,9598.73,9598.73,9598.73,
"1569",2016-10-10,9692.13,9598.73,9704.3,9598.73,
"1570",2016-10-11,9708.03,9692.13,9723.91,9676.07,
"1571",2016-10-12,9680.4,9708.03,9708.53,9659.43,
"1572",2016-10-13,9677,9680.4,9699.64,9649.52,
"1573",2016-10-14,9703.09,9677,9709.84,9653.9,
"1574",2016-10-17,9631.91,9703.09,9704.76,9615.51,
"1575",2016-10-18,9758.4,9631.91,9763.9,9620.62,
"1576",2016-10-19,9748.03,9758.4,9785.99,9731.38,
"1577",2016-10-20,9759.95,9748.03,9777.66,9739.4,
"1578",2016-10-21,9830.77,9759.95,9849.16,9750.08,
"1579",2016-10-24,9940.57,9830.77,10000.62,9826.01,
"1580",2016-10-25,9921.01,9940.57,9954.11,9893.55,
"1581",2016-10-26,9865.21,9921.01,9924.1,9857.69,
"1582",2016-10-27,9839.56,9865.21,9867.77,9810.15,
"1583",2016-10-28,9870.69,9839.56,9932.91,9839.56,
"1584",2016-10-31,9851.94,9870.69,9871.58,9793.89,
"1585",2016-11-01,9911.61,9851.94,9911.62,9835.16,
"1586",2016-11-02,9827.79,9911.61,9911.61,9819.75,
"1587",2016-11-03,9938.38,9827.79,9976.51,9806.04,
"1588",2016-11-04,9920.65,9938.38,9982,9902.59,
"1589",2016-11-07,9935.17,9920.65,9951.89,9897.47,
"1590",2016-11-08,9972.73,9935.17,10019.3,9935.17,
"1591",2016-11-09,9891.89,9972.73,9973.4,9809.52,
"1592",2016-11-10,9997.66,9891.89,10038.78,9891.89,
"1593",2016-11-11,10058.52,9997.66,10087.65,9974.43,
"1594",2016-11-14,10092.05,10058.52,10176.12,10033.16,
"1595",2016-11-15,10074.05,10092.05,10097.83,10050.83,
"1596",2016-11-16,10060.78,10074.05,10090.45,10037.95,
"1597",2016-11-17,10077.34,10060.78,10080.63,10006.28,
"1598",2016-11-18,10046.6,10077.34,10110.05,10035.51,
"1599",2016-11-21,10166.1,10046.6,10227.81,10037.76,
"1600",2016-11-22,10240.61,10166.1,10257.52,10166.1,
"1601",2016-11-23,10310.3,10240.61,10366.44,10240.61,
"1602",2016-11-24,10339.77,10310.3,10400.07,10277,
"1603",2016-11-25,10459.04,10339.77,10461.82,10305.26,
"1604",2016-11-28,10508.31,10459.04,10605.76,10459.04,
"1605",2016-11-29,10653.9,10508.31,10705.12,10467.72,
"1606",2016-11-30,10537.38,10653.9,10677.62,10502.58,
"1607",2016-12-01,10581.89,10537.38,10651.96,10527.38,
"1608",2016-12-02,10532.65,10581.89,10584.49,10461.06,
"1609",2016-12-05,10369.04,10532.65,10532.65,10313.11,
"1610",2016-12-06,10356.81,10369.04,10405.02,10349.84,
"1611",2016-12-07,10372.98,10356.81,10375.86,10305.13,
"1612",2016-12-08,10391.49,10372.98,10427.14,10362.76,
"1613",2016-12-09,10551.92,10391.49,10597.38,10366.87,
"1614",2016-12-12,10442.81,10551.92,10614.56,10355.21,
"1615",2016-12-13,10369.66,10442.81,10442.81,10311.53,
"1616",2016-12-14,10326.81,10369.66,10432.79,10323.32,
"1617",2016-12-15,10096.5,10326.81,10326.81,10061.56,
"1618",2016-12-16,10075.19,10096.5,10123.25,10049.5,
"1619",2016-12-19,10020.54,10075.19,10075.38,10008.12,
"1620",2016-12-20,9947.65,10020.54,10031.94,9878.43,
"1621",2016-12-21,10014.06,9947.65,10036.28,9947.65,
"1622",2016-12-22,9984.17,10014.06,10014.06,9945.73,
"1623",2016-12-23,9929.06,9984.17,9985.93,9896.95,
"1624",2016-12-26,9994.29,9929.06,9997.37,9815.17,
"1625",2016-12-27,9966.98,9994.29,10015.82,9965.06,
"1626",2016-12-28,9921.46,9966.98,9980.94,9890.51,
"1627",2016-12-29,9915.66,9921.46,9943.51,9876.33,
"1628",2016-12-30,9970.3,9915.66,9974.21,9914.51,
"1629",2017-01-03,10065.2,9970.3,10078.24,9970.3,
"1630",2017-01-04,10136.83,10065.2,10147.63,10050.72,
"1631",2017-01-05,10133.7,10136.83,10152.23,10118.51,
"1632",2017-01-06,10083.43,10133.7,10149.65,10078.9,
"1633",2017-01-09,10120.27,10083.43,10138.38,10074.44,
"1634",2017-01-10,10095.79,10120.27,10132.69,10089.53,
"1635",2017-01-11,10059.97,10095.79,10127.03,10051.98,
"1636",2017-01-12,10045.99,10059.97,10107.75,10037.1,
"1637",2017-01-13,10102.11,10045.99,10135.45,10033.48,
"1638",2017-01-16,10205.33,10102.11,10226.49,10011.03,
"1639",2017-01-17,10185.2,10205.33,10205.65,10148.85,
"1640",2017-01-18,10251.19,10185.2,10278.1,10181.73,
"1641",2017-01-19,10220.52,10251.19,10279.52,10198.73,
"1642",2017-01-20,10273.21,10220.52,10285.1,10214.13,
"1643",2017-01-23,10271.73,10273.21,10324.28,10247.84,
"1644",2017-01-24,10309.98,10271.73,10328.34,10261.77,
"1645",2017-01-25,10331.03,10309.98,10333.09,10279.13,
"1646",2017-01-26,10361.64,10331.03,10399.16,10331.03,
"1647",2017-02-03,10253.79,10361.64,10384.75,10249.07,
"1648",2017-02-06,10271.53,10253.79,10311.33,10244.23,
"1649",2017-02-07,10243.2,10271.53,10289.26,10219.44,
"1650",2017-02-08,10280.73,10243.2,10282.75,10186.3,
"1651",2017-02-09,10319.96,10280.73,10365.66,10268.97,
"1652",2017-02-10,10383.54,10319.96,10409.09,10319.81,
"1653",2017-02-13,10451.53,10383.54,10474.35,10383.54,
"1654",2017-02-14,10423.43,10451.53,10462.41,10395.91,
"1655",2017-02-15,10443.68,10423.43,10494.01,10420.07,
"1656",2017-02-16,10471.69,10443.68,10475.66,10421,
"1657",2017-02-17,10414.3,10471.69,10525.72,10405.47,
"1658",2017-02-20,10573.98,10414.3,10584.51,10413.28,
"1659",2017-02-21,10580.08,10573.98,10640.71,10564.07,
"1660",2017-02-22,10587.83,10580.08,10596.8,10551.01,
"1661",2017-02-23,10541.69,10587.83,10608.33,10507.35,
"1662",2017-02-24,10528.76,10541.69,10541.69,10483.69,
"1663",2017-02-27,10433.74,10528.76,10529.12,10412.6,
"1664",2017-02-28,10440.04,10433.74,10482.4,10418.47,
"1665",2017-03-01,10447.99,10440.04,10498.89,10433.53,
"1666",2017-03-02,10371.55,10447.99,10481.06,10365.79,
"1667",2017-03-03,10348.62,10371.55,10371.55,10311.44,
"1668",2017-03-06,10368.44,10348.62,10399.06,10333.48,
"1669",2017-03-07,10405.97,10368.44,10407.52,10358.51,
"1670",2017-03-08,10401.46,10405.97,10423.07,10379.71,
"1671",2017-03-09,10340.53,10401.46,10401.46,10294.68,
"1672",2017-03-10,10326.07,10340.53,10350.17,10311.38,
"1673",2017-03-13,10404.4,10326.07,10405.52,10286.85,
"1674",2017-03-14,10403.97,10404.4,10422.99,10383.58,
"1675",2017-03-15,10413.44,10403.97,10417.84,10367.48,
"1676",2017-03-16,10450.31,10413.44,10494.05,10413.44,
"1677",2017-03-17,10346.3,10450.31,10465.93,10327.09,
"1678",2017-03-20,10352.87,10346.3,10384.76,10299.21,
"1679",2017-03-21,10398.22,10352.87,10400.16,10351.87,
"1680",2017-03-22,10315.71,10398.22,10398.22,10272.21,
"1681",2017-03-23,10349.97,10315.71,10383.17,10289.1,
"1682",2017-03-24,10433.36,10349.97,10469.9,10343.31,
"1683",2017-03-27,10424.99,10433.36,10506.42,10409.14,
"1684",2017-03-28,10396.89,10424.99,10444.98,10377.64,
"1685",2017-03-29,10380.01,10396.89,10427.41,10364.93,
"1686",2017-03-30,10341.59,10380.01,10397.01,10292.28,
"1687",2017-03-31,10407.13,10341.59,10414.47,10321.2,
"1688",2017-04-03,10407.13,10407.13,10407.13,10407.13,
"1689",2017-04-05,10500.5,10407.13,10505.58,10406.09,
"1690",2017-04-06,10530.75,10500.5,10548.58,10464.11,
"1691",2017-04-07,10516.06,10530.75,10544.45,10484.15,
"1692",2017-04-10,10468.53,10516.06,10527.54,10459.19,
"1693",2017-04-11,10472.66,10468.53,10493.79,10345.32,
"1694",2017-04-12,10465.09,10472.66,10493.18,10393.06,
"1695",2017-04-13,10435.13,10465.09,10465.09,10416.12,
"1696",2017-04-14,10366.47,10435.13,10442.72,10323.26,
"1697",2017-04-17,10380.71,10366.47,10387.52,10285.26,
"1698",2017-04-18,10321,10380.71,10381.26,10320.77,
"1699",2017-04-19,10266.77,10321,10321.06,10216.21,
"1700",2017-04-20,10322.77,10266.77,10327.8,10262.21,
"1701",2017-04-21,10380.3,10322.77,10391.87,10307.82,
"1702",2017-04-24,10327.27,10380.3,10380.3,10263.45,
"1703",2017-04-25,10382.54,10327.27,10388.48,10312.63,
"1704",2017-04-26,10389.54,10382.54,10458.39,10375.68,
"1705",2017-04-27,10412.08,10389.54,10414.3,10306.08,
"1706",2017-04-28,10390.58,10412.08,10420.77,10312.2,
"1707",2017-05-01,10390.58,10390.58,10390.58,10390.58,
"1708",2017-05-02,10345.74,10390.58,10395.09,10329.43,
"1709",2017-05-03,10315.54,10345.74,10368.88,10288.79,
"1710",2017-05-04,10291.48,10315.54,10325.3,10261.6,
"1711",2017-05-05,10269.78,10291.48,10291.48,10183.23,
"1712",2017-05-08,10267.32,10269.78,10270.2,10174.79,
"1713",2017-05-09,10260.85,10267.32,10270.42,10204.27,
"1714",2017-05-10,10304.03,10260.85,10360.31,10250.23,
"1715",2017-05-11,10379.73,10304.03,10388.69,10254.96,
"1716",2017-05-12,10549.52,10379.73,10553.19,10360.32,
"1717",2017-05-15,10572.48,10549.52,10633.02,10549.52,
"1718",2017-05-16,10576.05,10572.48,10577.81,10480.37,
"1719",2017-05-17,10481.41,10576.05,10576.05,10471.35,
"1720",2017-05-18,10459.22,10481.41,10481.41,10417.37,
"1721",2017-05-19,10496.74,10459.22,10504.83,10453.44,
"1722",2017-05-22,10586.93,10496.74,10595.07,10479.82,
"1723",2017-05-23,10742.14,10586.93,10742.68,10564.42,
"1724",2017-05-24,10727.11,10742.14,10751.72,10612.47,
"1725",2017-05-25,11007.51,10727.1,11024.56,10686.07,
"1726",2017-05-26,10992.12,11007.51,11050.58,10944.31,
"1727",2017-05-29,10992.12,10992.12,10992.12,10992.12,
"1728",2017-05-30,10992.12,10992.12,10992.12,10992.12,
"1729",2017-05-31,11032.11,10992.12,11122.9,10948.66,
"1730",2017-06-01,11131.53,11032.11,11135.53,10983.69,
"1731",2017-06-02,11047.97,11131.53,11148.02,11032.27,
"1732",2017-06-05,10930.34,11047.97,11047.97,10895.04,
"1733",2017-06-06,11022.55,10930.34,11024.58,10906.37,
"1734",2017-06-07,11134.71,11022.55,11160.29,11021.09,
"1735",2017-06-08,11229.53,11134.71,11239.46,11105.51,
"1736",2017-06-09,11303.03,11229.53,11387.92,11228.33,
"1737",2017-06-12,11313.58,11303.03,11427.47,11270.52,
"1738",2017-06-13,11285.34,11313.58,11315,11216.72,
"1739",2017-06-14,11100.74,11285.34,11285.34,11077.44,
"1740",2017-06-15,11018.85,11100.74,11116.98,10989.29,
"1741",2017-06-16,10975.45,11018.85,11053.09,10954.62,
"1742",2017-06-19,11090.65,10975.45,11104.05,10967.37,
"1743",2017-06-20,11063.7,11090.65,11130.8,11032.26,
"1744",2017-06-21,11194.04,11063.7,11196.57,11040.34,
"1745",2017-06-22,11280.37,11194.04,11420.58,11169.18,
"1746",2017-06-23,11362.71,11280.37,11366.55,11201.38,
"1747",2017-06-26,11436.97,11362.71,11512.15,11362.71,
"1748",2017-06-27,11492.66,11436.97,11502.36,11369.16,
"1749",2017-06-28,11410.03,11492.66,11511.02,11407.9,
"1750",2017-06-29,11485.94,11410.03,11492.14,11402.07,
"1751",2017-06-30,11460.25,11485.94,11485.94,11396.5,
"1752",2017-07-03,11369.75,11460.25,11461.89,11316.3,
"1753",2017-07-04,11256.08,11369.75,11369.75,11219.72,
"1754",2017-07-05,11424.27,11256.08,11437.81,11238.5,
"1755",2017-07-06,11439.09,11424.27,11471.65,11338.66,
"1756",2017-07-07,11364.95,11439.09,11439.09,11312.12,
"1757",2017-07-10,11396.91,11362.53,11429.24,11320.35,
"1758",2017-07-11,11533.66,11396.91,11621.41,11371.44,
"1759",2017-07-12,11497.38,11533.65,11677.81,11451.82,
"1760",2017-07-13,11646.04,11497.38,11647.7,11479.85,
"1761",2017-07-14,11738.04,11646.04,11740.34,11611.9,
"1762",2017-07-17,11771.59,11738.04,11905.3,11603.24,
"1763",2017-07-18,11737.13,11771.59,11785.78,11607.38,
"1764",2017-07-19,11881.19,11737.13,11902.11,11710.95,
"1765",2017-07-20,11915.5,11881.19,11919.2,11812.54,
"1766",2017-07-21,11808.53,11915.5,11917.1,11789.77,
"1767",2017-07-24,11891.96,11808.53,11941.02,11776.23,
"1768",2017-07-25,11859.93,11891.96,11966.59,11846.09,
"1769",2017-07-26,11806.97,11859.93,11963.44,11732.82,
"1770",2017-07-27,11794.16,11806.97,11813.98,11695.2,
"1771",2017-07-28,11821.24,11794.16,11842.49,11728.4,
"1772",2017-07-31,11806.51,11821.24,11856.93,11761.18,
"1773",2017-08-01,11982.42,11806.51,11982.42,11804.07,
"1774",2017-08-02,11970.62,11982.42,12037.23,11953.51,
"1775",2017-08-03,11803.77,11970.62,12006.77,11794.98,
"1776",2017-08-04,11728.36,11803.77,11828.23,11725.14,
"1777",2017-08-07,11773.61,11728.36,11802.97,11661.44,
"1778",2017-08-08,11758.64,11773.61,11783.17,11714.25,
"1779",2017-08-09,11691.85,11758.64,11760.26,11685.62,
"1780",2017-08-10,11645.15,11691.85,11756.65,11554.17,
"1781",2017-08-11,11465.4,11645.15,11645.15,11435.68,
"1782",2017-08-14,11558.17,11465.4,11579.39,11456.18,
"1783",2017-08-15,11630.21,11558.17,11704.17,11557.71,
"1784",2017-08-16,11598.86,11630.21,11630.21,11547.81,
"1785",2017-08-17,11616.7,11598.86,11634.94,11562.79,
"1786",2017-08-18,11646.1,11616.7,11688.82,11568.8,
"1787",2017-08-21,11672.31,11646.1,11708.35,11631.89,
"1788",2017-08-22,11786.99,11672.31,11788.23,11670.41,
"1789",2017-08-23,11878.01,11786.99,11930.92,11767.27,
"1790",2017-08-24,11835.7,11878.01,11954.42,11816.04,
"1791",2017-08-25,12088.02,11835.7,12092.49,11835.7,
"1792",2017-08-28,12201.27,12088.02,12330.78,12088.02,
"1793",2017-08-29,12216.06,12201.27,12247.94,12153.96,
"1794",2017-08-30,12171.22,12216.06,12315.01,12139.05,
"1795",2017-08-31,12081.32,12171.22,12183.21,12016.96,
"1796",2017-09-01,12071.39,12081.32,12169.57,12025.72,
"1797",2017-09-04,12108.79,12071.39,12117.81,12000.66,
"1798",2017-09-05,12186.26,12108.79,12223.55,12100.43,
"1799",2017-09-06,12124.55,12186.26,12186.26,12078.64,
"1800",2017-09-07,12029.86,12124.55,12133.59,12023.9,
"1801",2017-09-08,12007.03,12029.86,12077.41,11977.84,
"1802",2017-09-11,11959.36,12007.03,12116.3,11952.96,
"1803",2017-09-12,12028.01,11959.36,12028.17,11935.79,
"1804",2017-09-13,12019.11,12028.01,12048.62,11965.16,
"1805",2017-09-14,11935.81,12019.11,12047.02,11911.46,
"1806",2017-09-15,11918.09,11935.81,11950.09,11879.26,
"1807",2017-09-18,11933.59,11918.09,12029.19,11918.09,
"1808",2017-09-19,11939.94,11933.59,12010.22,11898.14,
"1809",2017-09-20,11929.81,11939.94,11981.97,11914.8,
"1810",2017-09-21,11989.39,11929.81,12039.48,11912.25,
"1811",2017-09-22,12002.73,11989.39,12041.06,11942.43,
"1812",2017-09-25,11971.68,12002.73,12002.73,11933.12,
"1813",2017-09-26,11976.61,11971.68,11994.04,11939.34,
"1814",2017-09-27,11929.46,11976.61,11980.95,11922.21,
"1815",2017-09-28,11937.02,11929.46,11952.54,11885.35,
"1816",2017-09-29,11962.6,11937.02,12014.81,11935.15,
"1817",2017-10-09,12109.7,11962.6,12303.22,11962.6,
"1818",2017-10-10,12144.49,12109.7,12194.74,12024.85,
"1819",2017-10-11,12213.12,12144.49,12254.4,12135.01,
"1820",2017-10-12,12266.42,12213.12,12299.25,12199.45,
"1821",2017-10-13,12277.63,12266.42,12304.75,12250.21,
"1822",2017-10-16,12333.81,12277.63,12415.33,12275.41,
"1823",2017-10-17,12335.75,12333.81,12381.6,12298.16,
"1824",2017-10-18,12461.61,12335.75,12463.91,12334.24,
"1825",2017-10-19,12472.65,12461.61,12488.53,12434.19,
"1826",2017-10-20,12397.84,12472.65,12472.65,12376.42,
"1827",2017-10-23,12373.22,12397.84,12438.82,12355.48,
"1828",2017-10-24,12469.23,12373.22,12494.59,12349.67,
"1829",2017-10-25,12522.07,12469.23,12529.42,12452.49,
"1830",2017-10-26,12588.27,12522.07,12670.25,12514.35,
"1831",2017-10-27,12804.75,12588.27,12817.17,12587.94,
"1832",2017-10-30,12825.38,12804.75,12856.91,12676.21,
"1833",2017-10-31,12788.87,12825.38,12825.38,12715.54,
"1834",2017-11-01,12781.84,12788.87,12913.48,12747.48,
"1835",2017-11-02,12790.57,12781.84,12798.9,12684.81,
"1836",2017-11-03,12800.87,12790.57,12812.51,12691.22,
"1837",2017-11-06,12809.71,12800.87,12818.37,12712.4,
"1838",2017-11-07,12940.89,12809.71,12977.66,12807.45,
"1839",2017-11-08,12911.47,12940.89,13062.35,12881.07,
"1840",2017-11-09,12993.48,12911.47,12997.58,12882.82,
