Date(UTC);UnixTimeStamp;Value;;;
7/30/2015;1438214400;7204930659375;;;
7/31/2015;1438300800;7208549831250;;;
08/01/2015;1438387200;7211320425000;;;
08/02/2015;1438473600;7214142768750;;;
08/03/2015;1438560000;7216940440625;;;
08/04/2015;1438646400;7219788284375;;;
08/05/2015;1438732800;7222541143750;;;
08/06/2015;1438819200;7225248690625;;;
08/07/2015;1438905600;7227992456250;;;
08/08/2015;1438992000;7230786800000;;;
08/09/2015;1439078400;7233504628125;;;
08/10/2015;1439164800;7236286362500;;;
08/11/2015;1439251200;7239089143750;;;
08/12/2015;1439337600;7241826237500;;;
8/13/2015;1439424000;7244653050000;;;
8/14/2015;1439510400;7247763721875;;;
8/15/2015;1439596800;7250614987500;;;
8/17/2015;1439769600;7253426878125;;;
8/16/2015;1439683200;7256136331250;;;
8/18/2015;1439856000;7258752612500;;;
8/19/2015;1439942400;7261480815625;;;
8/20/2015;1440028800;7263586518750;;;
8/21/2015;1440115200;7266255612500;;;
8/22/2015;1440201600;7269010659375;;;
8/23/2015;1440288000;7271636221875;;;
8/24/2015;1440374400;7274369550000;;;
8/25/2015;1440460800;7277043159375;;;
8/26/2015;1440547200;7279656956250;;;
8/27/2015;1440633600;7282110237500;;;
8/28/2015;1440720000;7284532753125;;;
8/29/2015;1440806400;7286785253125;;;
8/30/2015;1440892800;7288930612500;;;
8/31/2015;1440979200;7291059956250;;;
09/01/2015;1441065600;7293094253125;;;
09/02/2015;1441152000;7294932987500;;;
09/03/2015;1441238400;7296671081250;;;
09/04/2015;1441324800;7298979268750;;;
09/05/2015;1441411200;7301542175000;;;
09/06/2015;1441497600;7304159003125;;;
09/07/2015;1441584000;7306705050000;;;
09/08/2015;1441670400;7309294300000;;;
09/09/2015;1441756800;7311937065625;;;
09/10/2015;1441843200;7314581487500;;;
09/11/2015;1441929600;7317305471875;;;
09/12/2015;1442016000;7319945581250;;;
9/13/2015;1442102400;7322562721875;;;
9/14/2015;1442188800;7325121534375;;;
9/15/2015;1442275200;7327683065625;;;
9/16/2015;1442361600;7330314878125;;;
9/17/2015;1442448000;7332858440625;;;
9/18/2015;1442534400;7335448612500;;;
9/19/2015;1442620800;7338166581250;;;
9/20/2015;1442707200;7340964846875;;;
9/21/2015;1442793600;7343630034375;;;
9/22/2015;1442880000;7346267065625;;;
9/23/2015;1442966400;7348975096875;;;
9/24/2015;1443052800;7351613675000;;;
9/25/2015;1443139200;7354314018750;;;
9/26/2015;1443225600;7356905050000;;;
9/27/2015;1443312000;7359406159375;;;
9/28/2015;1443398400;7361877581250;;;
9/29/2015;1443484800;7364314425000;;;
9/30/2015;1443571200;7366823800000;;;
10/01/2015;1443657600;7369566003125;;;
10/02/2015;1443744000;7372257315625;;;
10/03/2015;1443830400;7374902690625;;;
10/04/2015;1443916800;7377450706250;;;
10/05/2015;1444003200;7380064393750;;;
10/06/2015;1444089600;7382568050000;;;
10/07/2015;1444176000;7385181409375;;;
10/08/2015;1444262400;7387859628125;;;
10/09/2015;1444348800;7390404393750;;;
10/10/2015;1444435200;7392954362500;;;
10/11/2015;1444521600;7395605440625;;;
10/12/2015;1444608000;7398285440625;;;
10/13/2015;1444694400;7400952268750;;;
10/14/2015;1444780800;7403539831250;;;
10/15/2015;1444867200;7406100878125;;;
10/16/2015;1444953600;7408645018750;;;
10/17/2015;1445040000;7411290081250;;;
10/18/2015;1445126400;7413874909375;;;
10/19/2015;1445212800;7416471581250;;;
10/20/2015;1445299200;7419090831250;;;
10/22/2015;1445472000;7421623909375;;;
10/21/2015;1445385600;7424228550000;;;
10/23/2015;1445558400;7426984409375;;;
10/24/2015;1445644800;7429695909375;;;
10/25/2015;1445731200;7432377331250;;;
10/26/2015;1445817600;7434968862500;;;
10/27/2015;1445904000;7437721487500;;;
10/28/2015;1445990400;7440356331250;;;
10/29/2015;1446076800;7443107034375;;;
10/30/2015;1446163200;7445879425000;;;
10/31/2015;1446249600;7448654206250;;;
11/01/2015;1446336000;7451472221875;;;
11/02/2015;1446422400;7454185643750;;;
11/03/2015;1446508800;7456946221875;;;
11/04/2015;1446595200;7459717862500;;;
11/05/2015;1446681600;7462447003125;;;
11/06/2015;1446768000;7465189221875;;;
11/07/2015;1446854400;7467860753125;;;
11/08/2015;1446940800;7470589659375;;;
11/09/2015;1447027200;7473295612500;;;
11/10/2015;1447113600;7476040018750;;;
11/11/2015;1447200000;7478822675000;;;
11/12/2015;1447286400;7481625128125;;;
11/13/2015;1447372800;7484443643750;;;
11/14/2015;1447459200;7487279409375;;;
11/15/2015;1447545600;7490091425000;;;
11/16/2015;1447632000;7492830940625;;;
11/17/2015;1447718400;7495610300000;;;
11/18/2015;1447804800;7498335503125;;;
11/19/2015;1447891200;7500991846875;;;
11/20/2015;1447977600;7503504893750;;;
11/21/2015;1448064000;7506183112500;;;
11/22/2015;1448150400;7508881971875;;;
11/23/2015;1448236800;7511609206250;;;
11/24/2015;1448323200;7514294018750;;;
11/25/2015;1448409600;7516941206250;;;
11/26/2015;1448496000;7519595050000;;;
11/27/2015;1448582400;7522383737500;;;
11/28/2015;1448668800;7525104534375;;;
11/29/2015;1448755200;7527839315625;;;
11/30/2015;1448841600;7530574940625;;;
12/01/2015;1448928000;7533329221875;;;
12/03/2015;1449100800;7536135550000;;;
12/02/2015;1449014400;7538736253125;;;
12/04/2015;1449187200;7541404190625;;;
12/05/2015;1449273600;7544062378125;;;
12/06/2015;1449360000;7546687956250;;;
12/07/2015;1449446400;7549359846875;;;
12/08/2015;1449532800;7551991096875;;;
12/09/2015;1449619200;7554823503125;;;
12/10/2015;1449705600;7557571237500;;;
12/11/2015;1449792000;7560273518750;;;
12/12/2015;1449878400;7562994175000;;;
12/13/2015;1449964800;7565784909375;;;
12/14/2015;1450051200;7568455768750;;;
12/15/2015;1450137600;7571157221875;;;
12/16/2015;1450224000;7573802956250;;;
12/17/2015;1450310400;7576491268750;;;
12/18/2015;1450396800;7579158425000;;;
12/19/2015;1450483200;7581827878125;;;
12/20/2015;1450569600;7584471487500;;;
12/21/2015;1450656000;7587117268750;;;
12/22/2015;1450742400;7589854706250;;;
12/23/2015;1450828800;7592594643750;;;
12/24/2015;1450915200;7595263300000;;;
12/25/2015;1451001600;7597943659375;;;
12/26/2015;1451088000;7600599675000;;;
12/27/2015;1451174400;7603285050000;;;
12/28/2015;1451260800;7605990846875;;;
12/29/2015;1451347200;7608656956250;;;
12/30/2015;1451433600;7611330581250;;;
12/31/2015;1451520000;7614021784375;;;
01/01/2016;1451606400;7616628440625;;;
01/02/2016;1451692800;7619366831250;;;
01/03/2016;1451779200;7622134409375;;;
01/04/2016;1451865600;7624876471875;;;
01/05/2016;1451952000;7627660393750;;;
01/06/2016;1452038400;7630422940625;;;
01/07/2016;1452124800;7633125159375;;;
01/08/2016;1452211200;7635924831250;;;
01/09/2016;1452297600;7638684409375;;;
01/10/2016;1452384000;7641413206250;;;
01/11/2016;1452470400;7644113721875;;;
01/12/2016;1452556800;7646703800000;;;
1/13/2016;1452643200;7649357331250;;;
1/14/2016;1452729600;7652049253125;;;
1/15/2016;1452816000;7654728987500;;;
1/16/2016;1452902400;7657381300000;;;
1/17/2016;1452988800;7660041284375;;;
1/18/2016;1453075200;7662703300000;;;
1/19/2016;1453161600;7665312581250;;;
1/20/2016;1453248000;7667966831250;;;
1/21/2016;1453334400;7670558753125;;;
1/22/2016;1453420800;7673184253125;;;
1/23/2016;1453507200;7675761221875;;;
1/24/2016;1453593600;7678485518750;;;
1/25/2016;1453680000;7681055221875;;;
1/26/2016;1453766400;7683754143750;;;
1/27/2016;1453852800;7686364221875;;;
1/28/2016;1453939200;7689020690625;;;
1/29/2016;1454025600;7691636737500;;;
1/30/2016;1454112000;7694256050000;;;
1/31/2016;1454198400;7696824237500;;;
02/01/2016;1454284800;7699467362500;;;
02/02/2016;1454371200;7702054206250;;;
02/03/2016;1454457600;7704784003125;;;
02/04/2016;1454544000;7707440237500;;;
02/05/2016;1454630400;7710096096875;;;
02/06/2016;1454716800;7712730675000;;;
02/07/2016;1454803200;7715399143750;;;
02/08/2016;1454889600;7718064643750;;;
02/09/2016;1454976000;7720711753125;;;
02/10/2016;1455062400;7723327878125;;;
02/11/2016;1455148800;7725975659375;;;
2/13/2016;1455321600;7728663815625;;;
02/12/2016;1455235200;7731314018750;;;
2/14/2016;1455408000;7733946925000;;;
2/15/2016;1455494400;7736569456250;;;
2/16/2016;1455580800;7739214034375;;;
2/17/2016;1455667200;7741781237500;;;
2/18/2016;1455753600;7744402721875;;;
2/19/2016;1455840000;7747068268750;;;
2/20/2016;1455926400;7749724346875;;;
2/21/2016;1456012800;7752378003125;;;
2/22/2016;1456099200;7755053784375;;;
2/23/2016;1456185600;7757670784375;;;
2/24/2016;1456272000;7760313471875;;;
2/25/2016;1456358400;7762995846875;;;
2/26/2016;1456444800;7765661253125;;;
2/27/2016;1456531200;7768281237500;;;
2/28/2016;1456617600;7770923440625;;;
2/29/2016;1456704000;7773446393750;;;
03/01/2016;1456790400;7776094503125;;;
03/02/2016;1456876800;7778758925000;;;
03/03/2016;1456963200;7781370050000;;;
03/04/2016;1457049600;7783958581250;;;
03/05/2016;1457136000;7786616800000;;;
03/06/2016;1457222400;7789156768750;;;
03/07/2016;1457308800;7791755315625;;;
03/08/2016;1457395200;7794337628125;;;
03/09/2016;1457481600;7796911956250;;;
03/10/2016;1457568000;7799574706250;;;
03/11/2016;1457654400;7802204956250;;;
03/12/2016;1457740800;7804841971875;;;
3/13/2016;1457827200;7807567018750;;;
3/14/2016;1457913600;7810207815625;;;
3/15/2016;1458000000;7813330175000;;;
3/16/2016;1458086400;7816479190625;;;
3/17/2016;1458172800;7819681643750;;;
3/18/2016;1458259200;7822810362500;;;
3/19/2016;1458345600;7826018206250;;;
3/20/2016;1458432000;7829177721875;;;
3/21/2016;1458518400;7832316018750;;;
3/22/2016;1458604800;7835487206250;;;
3/23/2016;1458691200;7838616612500;;;
3/24/2016;1458777600;7841823721875;;;
3/25/2016;1458864000;7845012706250;;;
3/26/2016;1458950400;7848206237500;;;
3/27/2016;1459036800;7851369315625;;;
3/28/2016;1459123200;7854499971875;;;
3/29/2016;1459209600;7857643753125;;;
3/30/2016;1459296000;7860813800000;;;
3/31/2016;1459382400;7863952690625;;;
04/01/2016;1459468800;7867141159375;;;
04/02/2016;1459555200;7870249284375;;;
04/03/2016;1459641600;7873422253125;;;
04/04/2016;1459728000;7876617565625;;;
04/05/2016;1459814400;7879775050000;;;
04/06/2016;1459900800;7882901315625;;;
04/07/2016;1459987200;7886018050000;;;
04/08/2016;1460073600;7889209487500;;;
04/09/2016;1460160000;7892300846875;;;
04/10/2016;1460246400;7895479018750;;;
04/11/2016;1460332800;7898575675000;;;
04/12/2016;1460419200;7901713956250;;;
4/13/2016;1460505600;7904862565625;;;
4/14/2016;1460592000;7908002675000;;;
4/15/2016;1460678400;7911176018750;;;
4/16/2016;1460764800;7914329143750;;;
4/17/2016;1460851200;7917479456250;;;
4/18/2016;1460937600;7920665409375;;;
4/19/2016;1461024000;7923798065625;;;
4/20/2016;1461110400;7926981206250;;;
4/21/2016;1461196800;7930118596875;;;
4/22/2016;1461283200;7933276268750;;;
4/23/2016;1461369600;7936445628125;;;
4/24/2016;1461456000;7939595128125;;;
4/25/2016;1461542400;7942808831250;;;
4/26/2016;1461628800;7945937612500;;;
4/27/2016;1461715200;7949125112500;;;
4/28/2016;1461801600;7952293362500;;;
4/29/2016;1461888000;7955461721875;;;
4/30/2016;1461974400;7958650893750;;;
05/01/2016;1462060800;7961752175000;;;
05/02/2016;1462147200;7964943331250;;;
05/03/2016;1462233600;7968122456250;;;
05/04/2016;1462320000;7971268331250;;;
05/05/2016;1462406400;7974446331250;;;
05/06/2016;1462492800;7977620096875;;;
05/07/2016;1462579200;7980777409375;;;
05/08/2016;1462665600;7983962331250;;;
05/09/2016;1462752000;7987142471875;;;
05/10/2016;1462838400;7990312565625;;;
05/11/2016;1462924800;7993437878125;;;
05/12/2016;1463011200;7996663581250;;;
5/13/2016;1463097600;7999883253125;;;
5/14/2016;1463184000;8003050034375;;;
5/15/2016;1463270400;8006230893750;;;
5/16/2016;1463356800;8009382050000;;;
5/17/2016;1463443200;8012601268750;;;
5/18/2016;1463529600;8015841706250;;;
5/19/2016;1463616000;8019032065625;;;
5/20/2016;1463702400;8022241034375;;;
5/21/2016;1463788800;8025424987500;;;
5/22/2016;1463875200;8028650612500;;;
5/23/2016;1463961600;8031858675000;;;
5/24/2016;1464048000;8035059003125;;;
5/25/2016;1464134400;8038294706250;;;
5/26/2016;1464220800;8041499143750;;;
5/28/2016;1464393600;8044731003125;;;
5/27/2016;1464307200;8047963175000;;;
5/29/2016;1464480000;8051160409375;;;
5/30/2016;1464566400;8054360815625;;;
5/31/2016;1464652800;8057514112500;;;
06/01/2016;1464739200;8060728534375;;;
06/02/2016;1464825600;8063946753125;;;
06/03/2016;1464912000;8067173971875;;;
06/04/2016;1464998400;8070388128125;;;
06/05/2016;1465084800;8073546440625;;;
06/06/2016;1465171200;8076783628125;;;
06/07/2016;1465257600;8079978221875;;;
06/08/2016;1465344000;8083208518750;;;
06/09/2016;1465430400;8086431112500;;;
06/10/2016;1465516800;8089547534375;;;
06/11/2016;1465603200;8092785081250;;;
06/12/2016;1465689600;8096006768750;;;
6/13/2016;1465776000;8099229190625;;;
6/14/2016;1465862400;8102443737500;;;
6/15/2016;1465948800;8105630440625;;;
6/16/2016;1466035200;8108818206250;;;
6/17/2016;1466121600;8112159846875;;;
6/18/2016;1466208000;8115598565625;;;
6/19/2016;1466294400;8118918112500;;;
6/20/2016;1466380800;8122089596875;;;
6/21/2016;1466467200;8125288440625;;;
6/22/2016;1466553600;8128555503125;;;
6/24/2016;1466726400;8131772690625;;;
6/23/2016;1466640000;8134957503125;;;
6/25/2016;1466812800;8138126096875;;;
6/26/2016;1466899200;8141357565625;;;
6/27/2016;1466985600;8144567050000;;;
6/28/2016;1467072000;8147783190625;;;
6/29/2016;1467158400;8150970190625;;;
6/30/2016;1467244800;8154168800000;;;
07/01/2016;1467331200;8157430628125;;;
07/02/2016;1467417600;8160622284375;;;
07/03/2016;1467504000;8163826253125;;;
07/04/2016;1467590400;8167040346875;;;
07/05/2016;1467676800;8170198128125;;;
07/06/2016;1467763200;8173433612500;;;
07/07/2016;1467849600;8176623206250;;;
07/08/2016;1467936000;8179818159375;;;
07/09/2016;1468022400;8183097971875;;;
07/10/2016;1468108800;8186294518750;;;
07/11/2016;1468195200;8189493050000;;;
07/12/2016;1468281600;8192669159375;;;
7/13/2016;1468368000;8195885018750;;;
7/14/2016;1468454400;8199066096875;;;
7/15/2016;1468540800;8202254565625;;;
7/16/2016;1468627200;8205471612500;;;
7/17/2016;1468713600;8208649346875;;;
7/18/2016;1468800000;8211899159375;;;
7/19/2016;1468886400;8215076550000;;;
7/20/2016;1468972800;8218268034375;;;
7/21/2016;1469059200;8221546409375;;;
7/22/2016;1469145600;8224715471875;;;
7/23/2016;1469232000;8227954971875;;;
7/24/2016;1469318400;8231102596875;;;
7/25/2016;1469404800;8234301753125;;;
7/26/2016;1469491200;8237379503125;;;
7/27/2016;1469577600;8240673284375;;;
7/28/2016;1469664000;8243908706250;;;
7/29/2016;1469750400;8247102643750;;;
7/30/2016;1469836800;8250266815625;;;
7/31/2016;1469923200;8253488768750;;;
08/01/2016;1470009600;8256648206250;;;
08/02/2016;1470096000;8259783721875;;;
08/03/2016;1470182400;8262954487500;;;
08/04/2016;1470268800;8266239768750;;;
08/05/2016;1470355200;8269462971875;;;
08/06/2016;1470441600;8272621956250;;;
08/07/2016;1470528000;8275851065625;;;
08/08/2016;1470614400;8279068659375;;;
08/10/2016;1470787200;8282284956250;;;
08/09/2016;1470700800;8285551596875;;;
08/11/2016;1470873600;8288772081250;;;
08/12/2016;1470960000;8291982409375;;;
8/13/2016;1471046400;8295182300000;;;
8/14/2016;1471132800;8298379190625;;;
8/15/2016;1471219200;8301612081250;;;
8/16/2016;1471305600;8304815800000;;;
8/17/2016;1471392000;8308015253125;;;
8/18/2016;1471478400;8311294159375;;;
8/19/2016;1471564800;8314478300000;;;
8/20/2016;1471651200;8317701862500;;;
8/21/2016;1471737600;8320971096875;;;
8/22/2016;1471824000;8324200378125;;;
8/23/2016;1471910400;8327418768750;;;
8/24/2016;1471996800;8330646112500;;;
8/25/2016;1472083200;8333859675000;;;
8/26/2016;1472169600;8337046815625;;;
8/27/2016;1472256000;8340277456250;;;
8/28/2016;1472342400;8343480253125;;;
8/29/2016;1472428800;8346672893750;;;
8/30/2016;1472515200;8349860378125;;;
8/31/2016;1472601600;8353073831250;;;
09/01/2016;1472688000;8356248300000;;;
09/02/2016;1472774400;8359486706250;;;
09/03/2016;1472860800;8362636300000;;;
09/04/2016;1472947200;8365822706250;;;
09/05/2016;1473033600;8369041675000;;;
09/06/2016;1473120000;8372209815625;;;
09/07/2016;1473206400;8375436596875;;;
09/08/2016;1473292800;8378627456250;;;
09/09/2016;1473379200;8381849143750;;;
09/10/2016;1473465600;8385032206250;;;
09/11/2016;1473552000;8388267503125;;;
09/12/2016;1473638400;8391491206250;;;
9/13/2016;1473724800;8394681690625;;;
9/14/2016;1473811200;8397934565625;;;
9/15/2016;1473897600;8401152846875;;;
9/16/2016;1473984000;8404376753125;;;
9/17/2016;1474070400;8407592253125;;;
9/18/2016;1474156800;8410549643750;;;
9/19/2016;1474243200;8413977331250;;;
9/20/2016;1474329600;8417226581250;;;
9/21/2016;1474416000;8420434956250;;;
9/22/2016;1474502400;8423595518750;;;
9/23/2016;1474588800;8427023518750;;;
9/24/2016;1474675200;8430356003125;;;
9/25/2016;1474761600;8433795050000;;;
9/26/2016;1474848000;8437008128125;;;
9/27/2016;1474934400;8440536565625;;;
9/29/2016;1475107200;8443767909375;;;
9/28/2016;1475020800;8447008253125;;;
9/30/2016;1475193600;8450170581250;;;
10/01/2016;1475280000;8453618440625;;;
10/02/2016;1475366400;8457194518750;;;
10/03/2016;1475452800;8460521971875;;;
10/04/2016;1475539200;8463727112500;;;
10/05/2016;1475625600;8467035268750;;;
10/06/2016;1475712000;8470319456250;;;
10/07/2016;1475798400;8473974643750;;;
10/08/2016;1475884800;8477584112500;;;
10/09/2016;1475971200;8480926675000;;;
10/10/2016;1476057600;8484239768750;;;
10/11/2016;1476144000;8487487721875;;;
10/12/2016;1476230400;8490796987500;;;
10/13/2016;1476316800;8494279612500;;;
10/14/2016;1476403200;8497570987500;;;
10/15/2016;1476489600;8500791706250;;;
10/16/2016;1476576000;8504084737500;;;
10/17/2016;1476662400;8507322518750;;;
10/18/2016;1476748800;8510654550000;;;
10/19/2016;1476835200;8513969518750;;;
10/20/2016;1476921600;8517422425000;;;
10/21/2016;1477008000;8520635112500;;;
10/22/2016;1477094400;8523805378125;;;
10/23/2016;1477180800;8526938565625;;;
10/24/2016;1477267200;8530144753125;;;
10/25/2016;1477353600;8533311206250;;;
10/26/2016;1477440000;8536506893750;;;
10/27/2016;1477526400;8539651393750;;;
10/28/2016;1477612800;8542759300000;;;
10/29/2016;1477699200;8545722253125;;;
10/30/2016;1477785600;8548918300000;;;
10/31/2016;1477872000;8552120425000;;;
11/01/2016;1477958400;8555170268750;;;
11/02/2016;1478044800;8558284471875;;;
11/03/2016;1478131200;8561406065625;;;
11/04/2016;1478217600;8564498425000;;;
11/05/2016;1478304000;8567640878125;;;
11/06/2016;1478390400;8570820893750;;;
11/07/2016;1478476800;8574146800000;;;
11/08/2016;1478563200;8577379518750;;;
11/09/2016;1478649600;8580479753125;;;
11/10/2016;1478736000;8583600831250;;;
11/11/2016;1478822400;8586734768750;;;
11/12/2016;1478908800;8589929768750;;;
11/13/2016;1478995200;8593172190625;;;
11/15/2016;1479168000;8596315893750;;;
11/14/2016;1479081600;8599504315625;;;
11/16/2016;1479254400;8602662456250;;;
11/17/2016;1479340800;8605743315625;;;
11/18/2016;1479427200;8609053393750;;;
11/19/2016;1479513600;8612286503125;;;
11/20/2016;1479600000;8615532518750;;;
11/21/2016;1479686400;8618713675000;;;
11/22/2016;1479772800;8621831425000;;;
11/23/2016;1479859200;8625093987500;;;
11/24/2016;1479945600;8628333753125;;;
11/25/2016;1480032000;8631677237500;;;
11/26/2016;1480118400;8634926831250;;;
11/27/2016;1480204800;8638297940625;;;
11/28/2016;1480291200;8641691925000;;;
11/29/2016;1480377600;8644989034375;;;
11/30/2016;1480464000;8648173034375;;;
12/01/2016;1480550400;8651347862500;;;
12/02/2016;1480636800;8654527503125;;;
12/03/2016;1480723200;8657739143750;;;
12/04/2016;1480809600;8660856393750;;;
12/05/2016;1480896000;8663979862500;;;
12/06/2016;1480982400;8667177425000;;;
12/07/2016;1481068800;8670348487500;;;
12/08/2016;1481155200;8673557893750;;;
12/09/2016;1481241600;8676723956250;;;
12/10/2016;1481328000;8679891596875;;;
12/11/2016;1481414400;8683069800000;;;
12/12/2016;1481500800;8686203737500;;;
12/13/2016;1481587200;8689384737500;;;
12/14/2016;1481673600;8692569784375;;;
12/15/2016;1481760000;8695706565625;;;
12/16/2016;1481846400;8698882206250;;;
12/17/2016;1481932800;8702078440625;;;
12/18/2016;1482019200;8705267690625;;;
12/19/2016;1482105600;8708414737500;;;
12/20/2016;1482192000;8711581628125;;;
12/21/2016;1482278400;8714740925000;;;
12/22/2016;1482364800;8717848331250;;;
12/23/2016;1482451200;8720960065625;;;
12/24/2016;1482537600;8724092753125;;;
12/25/2016;1482624000;8727293596875;;;
12/26/2016;1482710400;8730458065625;;;
12/27/2016;1482796800;8733580721875;;;
12/28/2016;1482883200;8736737862500;;;
12/29/2016;1482969600;8739919737500;;;
12/30/2016;1483056000;8743087893750;;;
12/31/2016;1483142400;8746210706250;;;
01/01/2017;1483228800;8749385534375;;;
01/02/2017;1483315200;8752538612500;;;
01/03/2017;1483401600;8755690940625;;;
01/04/2017;1483488000;8758900893750;;;
01/05/2017;1483574400;8762082596875;;;
01/06/2017;1483660800;8765218550000;;;
01/07/2017;1483747200;8768408050000;;;
01/08/2017;1483833600;8771576487500;;;
01/09/2017;1483920000;8774751518750;;;
01/10/2017;1484006400;8777886456250;;;
01/11/2017;1484092800;8781038753125;;;
01/12/2017;1484179200;8784194425000;;;
1/13/2017;1484265600;8787367456250;;;
1/14/2017;1484352000;8790515268750;;;
1/15/2017;1484438400;8793685471875;;;
1/16/2017;1484524800;8796839503125;;;
1/17/2017;1484611200;8799969112500;;;
1/18/2017;1484697600;8803129909375;;;
1/19/2017;1484784000;8806342018750;;;
1/20/2017;1484870400;8809454128125;;;
1/21/2017;1484956800;8812606503125;;;
1/22/2017;1485043200;8815764284375;;;
1/23/2017;1485129600;8818914128125;;;
1/24/2017;1485216000;8822056175000;;;
1/25/2017;1485302400;8825198534375;;;
1/26/2017;1485388800;8828377003125;;;
1/27/2017;1485475200;8831488487500;;;
1/28/2017;1485561600;8834641284375;;;
1/29/2017;1485648000;8837754596875;;;
1/30/2017;1485734400;8840946128125;;;
1/31/2017;1485820800;8844087518750;;;
02/01/2017;1485907200;8847220737500;;;
02/02/2017;1485993600;8850362221875;;;
02/03/2017;1486080000;8853489550000;;;
02/04/2017;1486166400;8856665628125;;;
02/05/2017;1486252800;8859825784375;;;
02/06/2017;1486339200;8862988143750;;;
02/07/2017;1486425600;8866137284375;;;
02/08/2017;1486512000;8869308081250;;;
02/09/2017;1486598400;8872450800000;;;
02/10/2017;1486684800;8875600440625;;;
02/11/2017;1486771200;8878759425000;;;
02/12/2017;1486857600;8881916393750;;;
2/13/2017;1486944000;8885089800000;;;
2/14/2017;1487030400;8888236893750;;;
2/15/2017;1487116800;8891409034375;;;
2/16/2017;1487203200;8894563018750;;;
2/17/2017;1487289600;8897695800000;;;
2/18/2017;1487376000;8900816971875;;;
2/19/2017;1487462400;8903943690625;;;
2/20/2017;1487548800;8907082471875;;;
2/21/2017;1487635200;8910224159375;;;
2/22/2017;1487721600;8913322893750;;;
2/23/2017;1487808000;8916445846875;;;
2/24/2017;1487894400;8919572206250;;;
2/25/2017;1487980800;8922727596875;;;
2/26/2017;1488067200;8925909612500;;;
2/27/2017;1488153600;8929034253125;;;
2/28/2017;1488240000;8932219862500;;;
03/01/2017;1488326400;8935334346875;;;
03/02/2017;1488412800;8938497440625;;;
03/03/2017;1488499200;8941627331250;;;
03/04/2017;1488585600;8944744596875;;;
03/05/2017;1488672000;8947900784375;;;
03/06/2017;1488758400;8951016096875;;;
03/07/2017;1488844800;8954122971875;;;
03/08/2017;1488931200;8957255565625;;;
03/09/2017;1489017600;8960336518750;;;
03/10/2017;1489104000;8963439221875;;;
03/11/2017;1489190400;8966562768750;;;
03/12/2017;1489276800;8969647721875;;;
3/13/2017;1489363200;8972809096875;;;
3/14/2017;1489449600;8975930581250;;;
3/15/2017;1489536000;8979068346875;;;
3/16/2017;1489622400;8982211143750;;;
3/17/2017;1489708800;8985395331250;;;
3/18/2017;1489795200;8988543565625;;;
3/19/2017;1489881600;8991643018750;;;
3/20/2017;1489968000;8994810050000;;;
3/21/2017;1490054400;8997911690625;;;
3/22/2017;1490140800;9001048925000;;;
3/23/2017;1490227200;9004147018750;;;
3/24/2017;1490313600;9007231112500;;;
3/25/2017;1490400000;9010337393750;;;
3/26/2017;1490486400;9013454940625;;;
3/27/2017;1490572800;9016555159375;;;
3/28/2017;1490659200;9019610706250;;;
3/29/2017;1490745600;9022737534375;;;
3/30/2017;1490832000;9025819518750;;;
3/31/2017;1490918400;9028940346875;;;
04/01/2017;1491004800;9032025440625;;;
04/02/2017;1491091200;9035069518750;;;
04/03/2017;1491177600;9038188143750;;;
04/04/2017;1491264000;9041293675000;;;
04/05/2017;1491350400;9044417206250;;;
04/06/2017;1491436800;9047489643750;;;
04/07/2017;1491523200;9050597096875;;;
04/08/2017;1491609600;9053688659375;;;
04/09/2017;1491696000;9056712862500;;;
04/10/2017;1491782400;9059716581250;;;
04/11/2017;1491868800;9062761628125;;;
04/12/2017;1491955200;9065783331250;;;
4/13/2017;1492041600;9068817315625;;;
4/14/2017;1492128000;9071916284375;;;
4/15/2017;1492214400;9074916096875;;;
4/16/2017;1492300800;9077966815625;;;
4/17/2017;1492387200;9081031565625;;;
4/18/2017;1492473600;9084083237500;;;
4/19/2017;1492560000;9087044456250;;;
4/20/2017;1492646400;9090086675000;;;
4/21/2017;1492732800;9093134409375;;;
4/22/2017;1492819200;9096133440625;;;
4/23/2017;1492905600;9099182565625;;;
4/24/2017;1492992000;9102161112500;;;
4/25/2017;1493078400;9105236893750;;;
4/26/2017;1493164800;9108170112500;;;
4/27/2017;1493251200;9111103112500;;;
4/28/2017;1493337600;9114071315625;;;
4/29/2017;1493424000;9116993081250;;;
4/30/2017;1493510400;9119929940625;;;
05/01/2017;1493596800;9122865690625;;;
05/02/2017;1493683200;9125809331250;;;
05/03/2017;1493769600;9128764596875;;;
05/04/2017;1493856000;9131707253125;;;
05/05/2017;1493942400;9134677143750;;;
05/06/2017;1494028800;9137647487500;;;
05/07/2017;1494115200;9140635503125;;;
05/08/2017;1494201600;9143578096875;;;
05/09/2017;1494288000;9146553596875;;;
05/10/2017;1494374400;9149515081250;;;
05/11/2017;1494460800;9152488534375;;;
05/12/2017;1494547200;9155477503125;;;
5/13/2017;1494633600;9158402831250;;;
5/14/2017;1494720000;9161224581250;;;
5/15/2017;1494806400;9164070815625;;;
5/16/2017;1494892800;9166942612500;;;
5/17/2017;1494979200;9169732503125;;;
5/18/2017;1495065600;9172580581250;;;
5/19/2017;1495152000;9175418706250;;;
5/20/2017;1495238400;9178283909375;;;
5/21/2017;1495324800;9181149315625;;;
5/22/2017;1495411200;9184026237500;;;
5/23/2017;1495497600;9186883846875;;;
5/24/2017;1495584000;9189748284375;;;
5/25/2017;1495670400;9192631800000;;;
5/26/2017;1495756800;9195528550000;;;
5/27/2017;1495843200;9198405721875;;;
5/28/2017;1495929600;9201288050000;;;
5/29/2017;1496016000;9204241784375;;;
5/30/2017;1496102400;9207223721875;;;
5/31/2017;1496188800;9210098565625;;;
06/01/2017;1496275200;9212905503125;;;
06/02/2017;1496361600;9215587565625;;;
06/03/2017;1496448000;9218340581250;;;
06/04/2017;1496534400;9221063456250;;;
06/05/2017;1496620800;9223842690625;;;
06/06/2017;1496707200;9226590815625;;;
06/07/2017;1496793600;9229367893750;;;
06/08/2017;1496880000;9232131018750;;;
06/09/2017;1496966400;9234896018750;;;
06/10/2017;1497052800;9237711893750;;;
06/11/2017;1497139200;9240504565625;;;
06/12/2017;1497225600;9243314628125;;;
6/13/2017;1497312000;9246142237500;;;
6/14/2017;1497398400;9248969112500;;;
6/15/2017;1497484800;9251788987500;;;
6/16/2017;1497571200;9254626081250;;;
6/17/2017;1497657600;9257455987500;;;
6/18/2017;1497744000;9260314737500;;;
6/19/2017;1497830400;9263178034375;;;
6/20/2017;1497916800;9265848971875;;;
6/21/2017;1498003200;9268464050000;;;
6/22/2017;1498089600;9271117378125;;;
6/23/2017;1498176000;9273727628125;;;
6/24/2017;1498262400;9276377128125;;;
6/25/2017;1498348800;9279015440625;;;
6/26/2017;1498435200;9281685346875;;;
6/27/2017;1498521600;9284343581250;;;
6/28/2017;1498608000;9287007846875;;;
6/29/2017;1498694400;9289708737500;;;
6/30/2017;1498780800;9292394362500;;;
07/01/2017;1498867200;9295062675000;;;
07/02/2017;1498953600;9297733909375;;;
07/03/2017;1499040000;9300447034375;;;
07/04/2017;1499126400;9303183612500;;;
07/05/2017;1499212800;9305859643750;;;
07/06/2017;1499299200;9308552300000;;;
07/07/2017;1499385600;9311281096875;;;
07/08/2017;1499472000;9313987737500;;;
07/09/2017;1499558400;9316681815625;;;
07/10/2017;1499644800;9319125175000;;;
07/11/2017;1499731200;9321521987500;;;
07/12/2017;1499817600;9323915784375;;;
7/13/2017;1499904000;9326292940625;;;
7/14/2017;1499990400;9328670065625;;;
7/15/2017;1500076800;9331085300000;;;
7/16/2017;1500163200;9333486268750;;;
7/17/2017;1500249600;9335838096875;;;
7/18/2017;1500336000;9338233128125;;;
7/19/2017;1500422400;9340681487500;;;
7/20/2017;1500508800;9343130768750;;;
7/21/2017;1500595200;9345514987500;;;
7/22/2017;1500681600;9347945721875;;;
7/23/2017;1500768000;9350394050000;;;
7/24/2017;1500854400;9352799940625;;;
7/25/2017;1500940800;9355269206250;;;
7/26/2017;1501027200;9357720706250;;;
7/27/2017;1501113600;9360155971875;;;
7/28/2017;1501200000;9362624487500;;;
7/29/2017;1501286400;9365073737500;;;
7/30/2017;1501372800;9367545503125;;;
7/31/2017;1501459200;9369951362500;;;
08/01/2017;1501545600;9372093409375;;;
08/02/2017;1501632000;9374206940625;;;
08/03/2017;1501718400;9376303581250;;;
08/04/2017;1501804800;9378434081250;;;
08/05/2017;1501891200;9380552862500;;;
08/06/2017;1501977600;9382679425000;;;
08/07/2017;1502064000;9384841581250;;;
08/08/2017;1502150400;9387005112500;;;
08/09/2017;1502236800;9389178050000;;;
08/10/2017;1502323200;9391324425000;;;
08/11/2017;1502409600;9393514628125;;;
08/12/2017;1502496000;9395706721875;;;
8/13/2017;1502582400;9397910190625;;;
8/14/2017;1502668800;9400114003125;;;
8/15/2017;1502755200;9402336440625;;;
8/16/2017;1502841600;9404593018750;;;
8/17/2017;1502928000;9406846315625;;;
8/18/2017;1503014400;9409077362500;;;
8/19/2017;1503100800;9411333800000;;;
8/20/2017;1503187200;9413547050000;;;
8/21/2017;1503273600;9415821628125;;;
8/22/2017;1503360000;9418073893750;;;
8/23/2017;1503446400;9420334893750;;;
8/24/2017;1503532800;9422588065625;;;
8/25/2017;1503619200;9424470143750;;;
8/26/2017;1503705600;9426326721875;;;
8/27/2017;1503792000;9428190268750;;;
8/28/2017;1503878400;9430032815625;;;
8/29/2017;1503964800;9431940831250;;;
8/30/2017;1504051200;9433835221875;;;
8/31/2017;1504137600;9435711831250;;;
09/01/2017;1504224000;9437594768750;;;
09/02/2017;1504310400;9439479581250;;;
09/03/2017;1504396800;9441343784375;;;
09/04/2017;1504483200;9443235893750;;;
09/05/2017;1504569600;9445146018750;;;
09/06/2017;1504656000;9447034846875;;;
09/07/2017;1504742400;9448948112500;;;
09/08/2017;1504828800;9450874831250;;;
09/09/2017;1504915200;9452778409375;;;
09/10/2017;1505001600;9454677284375;;;
09/11/2017;1505088000;9456561893750;;;
09/12/2017;1505174400;9458493143750;;;
9/13/2017;1505260800;9460382971875;;;
9/14/2017;1505347200;9462311940625;;;
9/15/2017;1505433600;9464265581250;;;
9/16/2017;1505520000;9466199378125;;;
9/17/2017;1505606400;9468121581250;;;
9/18/2017;1505692800;9470028081250;;;
9/19/2017;1505779200;9471965378125;;;
9/20/2017;1505865600;9473883581250;;;
9/21/2017;1505952000;9475817221875;;;
9/22/2017;1506038400;9477391581250;;;
9/23/2017;1506124800;9478892159375;;;
9/24/2017;1506211200;9480438300000;;;
9/25/2017;1506297600;9481925737500;;;
9/26/2017;1506384000;9483446425000;;;
9/27/2017;1506470400;9484987534375;;;
9/28/2017;1506556800;9486487331250;;;
9/29/2017;1506643200;9487972581250;;;
9/30/2017;1506729600;9489465721875;;;
10/01/2017;1506816000;9490978987500;;;
10/02/2017;1506902400;9492487909375;;;
10/03/2017;1506988800;9494005753125;;;
10/04/2017;1507075200;9495537596875;;;
10/05/2017;1507161600;9497085300000;;;
10/06/2017;1507248000;9498587706250;;;
10/07/2017;1507334400;9500089221875;;;
10/08/2017;1507420800;9501609175000;;;
10/09/2017;1507507200;9503130050000;;;
10/10/2017;1507593600;9504678487500;;;
10/11/2017;1507680000;9506228471875;;;
10/12/2017;1507766400;9507767628125;;;
10/13/2017;1507852800;9509311346875;;;
10/14/2017;1507939200;9510843128125;;;
10/15/2017;1508025600;9512401143750;;;
10/16/2017;1508112000;9514018100000;;;
10/17/2017;1508198400;9516032825000;;;
10/18/2017;1508284800;9518070565625;;;
10/19/2017;1508371200;9520113181250;;;
10/20/2017;1508457600;9522160681250;;;
10/21/2017;1508544000;9524175003125;;;
10/22/2017;1508630400;9526213428125;;;
10/23/2017;1508716800;9528260468750;;;
10/24/2017;1508803200;9530313415625;;;
10/25/2017;1508889600;9532335237500;;;
10/26/2017;1508976000;9534355053125;;;
10/27/2017;1509062400;9536402178125;;;
10/28/2017;1509148800;9538446715625;;;
10/29/2017;1509235200;9540475596875;;;
10/30/2017;1509321600;9542485456250;;;
10/31/2017;1509408000;9544549100000;;;
11/01/2017;1509494400;9546571934375;;;
11/02/2017;1509580800;9548601612500;;;
11/03/2017;1509667200;9550632556250;;;
11/04/2017;1509753600;9552651387500;;;
11/05/2017;1509840000;9554710634375;;;
