Date;Transactions;;;;
03/01/2009 00:00;1.0;;;;
05/01/2009 00:00;0.0;;;;
07/01/2009 00:00;0.0;;;;
09/01/2009 00:00;14.0;;;;
11/01/2009 00:00;106.0;;;;
13/01/2009 00:00;116.0;;;;
15/01/2009 00:00;136.0;;;;
17/01/2009 00:00;109.0;;;;
19/01/2009 00:00;120.0;;;;
21/01/2009 00:00;115.0;;;;
23/01/2009 00:00;68.0;;;;
25/01/2009 00:00;195.0;;;;
27/01/2009 00:00;105.0;;;;
29/01/2009 00:00;122.0;;;;
31/01/2009 00:00;129.0;;;;
02/02/2009 00:00;127.0;;;;
04/02/2009 00:00;126.0;;;;
06/02/2009 00:00;129.0;;;;
08/02/2009 00:00;135.0;;;;
10/02/2009 00:00;127.0;;;;
12/02/2009 00:00;119.0;;;;
14/02/2009 00:00;141.0;;;;
16/02/2009 00:00;123.0;;;;
18/02/2009 00:00;124.0;;;;
20/02/2009 00:00;129.0;;;;
22/02/2009 00:00;125.0;;;;
24/02/2009 00:00;111.0;;;;
26/02/2009 00:00;96.0;;;;
28/02/2009 00:00;103.0;;;;
02/03/2009 00:00;104.0;;;;
04/03/2009 00:00;106.0;;;;
06/03/2009 00:00;119.0;;;;
08/03/2009 00:00;115.0;;;;
10/03/2009 00:00;105.0;;;;
12/03/2009 00:00;119.0;;;;
14/03/2009 00:00;116.0;;;;
16/03/2009 00:00;131.0;;;;
18/03/2009 00:00;110.0;;;;
20/03/2009 00:00;119.0;;;;
22/03/2009 00:00;97.0;;;;
24/03/2009 00:00;105.0;;;;
26/03/2009 00:00;114.0;;;;
28/03/2009 00:00;122.0;;;;
30/03/2009 00:00;125.0;;;;
01/04/2009 00:00;107.0;;;;
03/04/2009 00:00;113.0;;;;
05/04/2009 00:00;129.0;;;;
07/04/2009 00:00;99.0;;;;
09/04/2009 00:00;99.0;;;;
11/04/2009 00:00;123.0;;;;
13/04/2009 00:00;118.0;;;;
15/04/2009 00:00;112.0;;;;
17/04/2009 00:00;115.0;;;;
19/04/2009 00:00;121.0;;;;
21/04/2009 00:00;125.0;;;;
23/04/2009 00:00;80.0;;;;
25/04/2009 00:00;122.0;;;;
27/04/2009 00:00;105.0;;;;
29/04/2009 00:00;123.0;;;;
01/05/2009 00:00;123.0;;;;
03/05/2009 00:00;115.0;;;;
05/05/2009 00:00;133.0;;;;
07/05/2009 00:00;121.0;;;;
09/05/2009 00:00;91.0;;;;
11/05/2009 00:00;120.0;;;;
13/05/2009 00:00;117.0;;;;
15/05/2009 00:00;145.0;;;;
17/05/2009 00:00;125.0;;;;
19/05/2009 00:00;100.0;;;;
21/05/2009 00:00;89.0;;;;
23/05/2009 00:00;7.0;;;;
25/05/2009 00:00;112.0;;;;
27/05/2009 00:00;125.0;;;;
29/05/2009 00:00;108.0;;;;
31/05/2009 00:00;118.0;;;;
02/06/2009 00:00;89.0;;;;
04/06/2009 00:00;39.0;;;;
06/06/2009 00:00;24.0;;;;
08/06/2009 00:00;72.0;;;;
10/06/2009 00:00;83.0;;;;
12/06/2009 00:00;91.0;;;;
14/06/2009 00:00;70.0;;;;
16/06/2009 00:00;73.0;;;;
18/06/2009 00:00;81.0;;;;
20/06/2009 00:00;84.0;;;;
22/06/2009 00:00;81.0;;;;
24/06/2009 00:00;87.0;;;;
26/06/2009 00:00;90.0;;;;
28/06/2009 00:00;52.0;;;;
30/06/2009 00:00;89.0;;;;
02/07/2009 00:00;72.0;;;;
04/07/2009 00:00;89.0;;;;
06/07/2009 00:00;91.0;;;;
08/07/2009 00:00;79.0;;;;
10/07/2009 00:00;82.0;;;;
12/07/2009 00:00;76.0;;;;
14/07/2009 00:00;72.0;;;;
16/07/2009 00:00;69.0;;;;
18/07/2009 00:00;3.0;;;;
20/07/2009 00:00;75.0;;;;
22/07/2009 00:00;69.0;;;;
24/07/2009 00:00;75.0;;;;
26/07/2009 00:00;13.0;;;;
28/07/2009 00:00;44.0;;;;
30/07/2009 00:00;16.0;;;;
01/08/2009 00:00;23.0;;;;
03/08/2009 00:00;15.0;;;;
05/08/2009 00:00;91.0;;;;
07/08/2009 00:00;74.0;;;;
09/08/2009 00:00;98.0;;;;
11/08/2009 00:00;67.0;;;;
13/08/2009 00:00;81.0;;;;
15/08/2009 00:00;34.0;;;;
17/08/2009 00:00;17.0;;;;
19/08/2009 00:00;15.0;;;;
21/08/2009 00:00;16.0;;;;
23/08/2009 00:00;12.0;;;;
25/08/2009 00:00;55.0;;;;
27/08/2009 00:00;33.0;;;;
29/08/2009 00:00;83.0;;;;
31/08/2009 00:00;95.0;;;;
02/09/2009 00:00;68.0;;;;
04/09/2009 00:00;63.0;;;;
06/09/2009 00:00;72.0;;;;
08/09/2009 00:00;66.0;;;;
10/09/2009 00:00;61.0;;;;
12/09/2009 00:00;71.0;;;;
14/09/2009 00:00;81.0;;;;
16/09/2009 00:00;59.0;;;;
18/09/2009 00:00;81.0;;;;
20/09/2009 00:00;79.0;;;;
22/09/2009 00:00;35.0;;;;
24/09/2009 00:00;82.0;;;;
26/09/2009 00:00;94.0;;;;
28/09/2009 00:00;88.0;;;;
30/09/2009 00:00;87.0;;;;
02/10/2009 00:00;76.0;;;;
04/10/2009 00:00;61.0;;;;
06/10/2009 00:00;43.0;;;;
08/10/2009 00:00;70.0;;;;
10/10/2009 00:00;77.0;;;;
12/10/2009 00:00;63.0;;;;
14/10/2009 00:00;56.0;;;;
16/10/2009 00:00;66.0;;;;
18/10/2009 00:00;65.0;;;;
20/10/2009 00:00;111.0;;;;
22/10/2009 00:00;88.0;;;;
24/10/2009 00:00;75.0;;;;
26/10/2009 00:00;65.0;;;;
28/10/2009 00:00;64.0;;;;
30/10/2009 00:00;62.0;;;;
01/11/2009 00:00;30.0;;;;
03/11/2009 00:00;57.0;;;;
05/11/2009 00:00;65.0;;;;
07/11/2009 00:00;76.0;;;;
09/11/2009 00:00;65.0;;;;
11/11/2009 00:00;78.0;;;;
13/11/2009 00:00;73.0;;;;
15/11/2009 00:00;96.0;;;;
17/11/2009 00:00;91.0;;;;
19/11/2009 00:00;73.0;;;;
21/11/2009 00:00;77.0;;;;
23/11/2009 00:00;96.0;;;;
25/11/2009 00:00;85.0;;;;
27/11/2009 00:00;75.0;;;;
29/11/2009 00:00;58.0;;;;
01/12/2009 00:00;66.0;;;;
03/12/2009 00:00;85.0;;;;
05/12/2009 00:00;52.0;;;;
07/12/2009 00:00;94.0;;;;
09/12/2009 00:00;104.0;;;;
11/12/2009 00:00;125.0;;;;
13/12/2009 00:00;104.0;;;;
15/12/2009 00:00;117.0;;;;
17/12/2009 00:00;163.0;;;;
19/12/2009 00:00;225.0;;;;
21/12/2009 00:00;188.0;;;;
23/12/2009 00:00;169.0;;;;
25/12/2009 00:00;158.0;;;;
27/12/2009 00:00;170.0;;;;
29/12/2009 00:00;164.0;;;;
31/12/2009 00:00;150.0;;;;
02/01/2010 00:00;132.0;;;;
04/01/2010 00:00;192.0;;;;
06/01/2010 00:00;158.0;;;;
08/01/2010 00:00;150.0;;;;
10/01/2010 00:00;191.0;;;;
12/01/2010 00:00;168.0;;;;
14/01/2010 00:00;159.0;;;;
16/01/2010 00:00;135.0;;;;
18/01/2010 00:00;130.0;;;;
20/01/2010 00:00;140.0;;;;
22/01/2010 00:00;152.0;;;;
24/01/2010 00:00;148.0;;;;
26/01/2010 00:00;208.0;;;;
28/01/2010 00:00;176.0;;;;
30/01/2010 00:00;183.0;;;;
01/02/2010 00:00;189.0;;;;
03/02/2010 00:00;246.0;;;;
05/02/2010 00:00;250.0;;;;
07/02/2010 00:00;210.0;;;;
09/02/2010 00:00;211.0;;;;
11/02/2010 00:00;181.0;;;;
13/02/2010 00:00;227.0;;;;
15/02/2010 00:00;194.0;;;;
17/02/2010 00:00;244.0;;;;
19/02/2010 00:00;183.0;;;;
21/02/2010 00:00;218.0;;;;
23/02/2010 00:00;252.0;;;;
25/02/2010 00:00;150.0;;;;
27/02/2010 00:00;176.0;;;;
01/03/2010 00:00;187.0;;;;
03/03/2010 00:00;151.0;;;;
05/03/2010 00:00;178.0;;;;
07/03/2010 00:00;178.0;;;;
09/03/2010 00:00;149.0;;;;
11/03/2010 00:00;154.0;;;;
13/03/2010 00:00;160.0;;;;
15/03/2010 00:00;128.0;;;;
17/03/2010 00:00;127.0;;;;
19/03/2010 00:00;144.0;;;;
21/03/2010 00:00;191.0;;;;
23/03/2010 00:00;215.0;;;;
25/03/2010 00:00;197.0;;;;
27/03/2010 00:00;182.0;;;;
29/03/2010 00:00;205.0;;;;
31/03/2010 00:00;213.0;;;;
02/04/2010 00:00;155.0;;;;
04/04/2010 00:00;175.0;;;;
06/04/2010 00:00;175.0;;;;
08/04/2010 00:00;208.0;;;;
10/04/2010 00:00;294.0;;;;
12/04/2010 00:00;270.0;;;;
14/04/2010 00:00;230.0;;;;
16/04/2010 00:00;234.0;;;;
18/04/2010 00:00;1337.0;;;;
20/04/2010 00:00;242.0;;;;
22/04/2010 00:00;210.0;;;;
24/04/2010 00:00;191.0;;;;
26/04/2010 00:00;220.0;;;;
28/04/2010 00:00;219.0;;;;
30/04/2010 00:00;181.0;;;;
02/05/2010 00:00;197.0;;;;
04/05/2010 00:00;151.0;;;;
06/05/2010 00:00;173.0;;;;
08/05/2010 00:00;170.0;;;;
10/05/2010 00:00;161.0;;;;
12/05/2010 00:00;147.0;;;;
14/05/2010 00:00;148.0;;;;
16/05/2010 00:00;118.0;;;;
18/05/2010 00:00;217.0;;;;
20/05/2010 00:00;221.0;;;;
22/05/2010 00:00;227.0;;;;
24/05/2010 00:00;262.0;;;;
26/05/2010 00:00;259.0;;;;
28/05/2010 00:00;265.0;;;;
30/05/2010 00:00;200.0;;;;
01/06/2010 00:00;178.0;;;;
03/06/2010 00:00;219.0;;;;
05/06/2010 00:00;188.0;;;;
07/06/2010 00:00;211.0;;;;
09/06/2010 00:00;199.0;;;;
11/06/2010 00:00;248.0;;;;
13/06/2010 00:00;221.0;;;;
15/06/2010 00:00;288.0;;;;
17/06/2010 00:00;208.0;;;;
19/06/2010 00:00;218.0;;;;
21/06/2010 00:00;242.0;;;;
23/06/2010 00:00;242.0;;;;
25/06/2010 00:00;227.0;;;;
27/06/2010 00:00;215.0;;;;
29/06/2010 00:00;253.0;;;;
01/07/2010 00:00;273.0;;;;
03/07/2010 00:00;283.0;;;;
05/07/2010 00:00;243.0;;;;
07/07/2010 00:00;209.0;;;;
09/07/2010 00:00;258.0;;;;
11/07/2010 00:00;242.0;;;;
13/07/2010 00:00;1739.0;;;;
15/07/2010 00:00;1793.0;;;;
17/07/2010 00:00;462.0;;;;
19/07/2010 00:00;487.0;;;;
21/07/2010 00:00;465.0;;;;
23/07/2010 00:00;392.0;;;;
25/07/2010 00:00;2337.0;;;;
27/07/2010 00:00;445.0;;;;
29/07/2010 00:00;3455.0;;;;
31/07/2010 00:00;295.0;;;;
02/08/2010 00:00;413.0;;;;
04/08/2010 00:00;375.0;;;;
06/08/2010 00:00;368.0;;;;
08/08/2010 00:00;323.0;;;;
10/08/2010 00:00;402.0;;;;
12/08/2010 00:00;407.0;;;;
14/08/2010 00:00;424.0;;;;
16/08/2010 00:00;318.0;;;;
18/08/2010 00:00;377.0;;;;
20/08/2010 00:00;398.0;;;;
22/08/2010 00:00;350.0;;;;
24/08/2010 00:00;337.0;;;;
26/08/2010 00:00;374.0;;;;
28/08/2010 00:00;348.0;;;;
30/08/2010 00:00;288.0;;;;
01/09/2010 00:00;408.0;;;;
03/09/2010 00:00;314.0;;;;
05/09/2010 00:00;303.0;;;;
07/09/2010 00:00;271.0;;;;
09/09/2010 00:00;343.0;;;;
11/09/2010 00:00;296.0;;;;
13/09/2010 00:00;436.0;;;;
15/09/2010 00:00;450.0;;;;
17/09/2010 00:00;379.0;;;;
19/09/2010 00:00;339.0;;;;
21/09/2010 00:00;636.0;;;;
23/09/2010 00:00;698.0;;;;
25/09/2010 00:00;451.0;;;;
27/09/2010 00:00;639.0;;;;
29/09/2010 00:00;998.0;;;;
01/10/2010 00:00;563.0;;;;
03/10/2010 00:00;401.0;;;;
05/10/2010 00:00;353.0;;;;
07/10/2010 00:00;370.0;;;;
09/10/2010 00:00;382.0;;;;
11/10/2010 00:00;348.0;;;;
13/10/2010 00:00;350.0;;;;
15/10/2010 00:00;333.0;;;;
17/10/2010 00:00;485.0;;;;
19/10/2010 00:00;964.0;;;;
21/10/2010 00:00;602.0;;;;
23/10/2010 00:00;623.0;;;;
25/10/2010 00:00;479.0;;;;
27/10/2010 00:00;569.0;;;;
29/10/2010 00:00;466.0;;;;
31/10/2010 00:00;311.0;;;;
02/11/2010 00:00;283.0;;;;
04/11/2010 00:00;339.0;;;;
06/11/2010 00:00;389.0;;;;
08/11/2010 00:00;498.0;;;;
10/11/2010 00:00;372.0;;;;
12/11/2010 00:00;296.0;;;;
14/11/2010 00:00;399.0;;;;
16/11/2010 00:00;12087.0;;;;
18/11/2010 00:00;434.0;;;;
20/11/2010 00:00;12322.0;;;;
22/11/2010 00:00;395.0;;;;
24/11/2010 00:00;2749.0;;;;
26/11/2010 00:00;1542.0;;;;
28/11/2010 00:00;457.0;;;;
30/11/2010 00:00;455.0;;;;
02/12/2010 00:00;472.0;;;;
04/12/2010 00:00;402.0;;;;
06/12/2010 00:00;447.0;;;;
08/12/2010 00:00;537.0;;;;
10/12/2010 00:00;382.0;;;;
12/12/2010 00:00;564.0;;;;
14/12/2010 00:00;683.0;;;;
16/12/2010 00:00;523.0;;;;
18/12/2010 00:00;466.0;;;;
20/12/2010 00:00;934.0;;;;
22/12/2010 00:00;634.0;;;;
24/12/2010 00:00;578.0;;;;
26/12/2010 00:00;650.0;;;;
28/12/2010 00:00;584.0;;;;
30/12/2010 00:00;542.0;;;;
01/01/2011 00:00;594.0;;;;
03/01/2011 00:00;853.0;;;;
05/01/2011 00:00;1192.0;;;;
07/01/2011 00:00;880.0;;;;
09/01/2011 00:00;1193.0;;;;
11/01/2011 00:00;1262.0;;;;
13/01/2011 00:00;1271.0;;;;
15/01/2011 00:00;932.0;;;;
17/01/2011 00:00;816.0;;;;
19/01/2011 00:00;967.0;;;;
21/01/2011 00:00;1047.0;;;;
23/01/2011 00:00;1073.0;;;;
25/01/2011 00:00;965.0;;;;
27/01/2011 00:00;900.0;;;;
29/01/2011 00:00;1290.0;;;;
31/01/2011 00:00;1815.0;;;;
02/02/2011 00:00;1004.0;;;;
04/02/2011 00:00;918.0;;;;
06/02/2011 00:00;857.0;;;;
08/02/2011 00:00;842.0;;;;
10/02/2011 00:00;1866.0;;;;
12/02/2011 00:00;1903.0;;;;
14/02/2011 00:00;1978.0;;;;
16/02/2011 00:00;2062.0;;;;
18/02/2011 00:00;2086.0;;;;
20/02/2011 00:00;1698.0;;;;
22/02/2011 00:00;2152.0;;;;
24/02/2011 00:00;1957.0;;;;
26/02/2011 00:00;1964.0;;;;
28/02/2011 00:00;1932.0;;;;
02/03/2011 00:00;2974.0;;;;
04/03/2011 00:00;2119.0;;;;
06/03/2011 00:00;1918.0;;;;
08/03/2011 00:00;2530.0;;;;
10/03/2011 00:00;1491.0;;;;
12/03/2011 00:00;2812.0;;;;
14/03/2011 00:00;2981.0;;;;
16/03/2011 00:00;3237.0;;;;
18/03/2011 00:00;2759.0;;;;
20/03/2011 00:00;2674.0;;;;
22/03/2011 00:00;2301.0;;;;
24/03/2011 00:00;2218.0;;;;
26/03/2011 00:00;2987.0;;;;
28/03/2011 00:00;3420.0;;;;
30/03/2011 00:00;1625.0;;;;
01/04/2011 00:00;1573.0;;;;
03/04/2011 00:00;1603.0;;;;
05/04/2011 00:00;2272.0;;;;
07/04/2011 00:00;1842.0;;;;
09/04/2011 00:00;1749.0;;;;
11/04/2011 00:00;1879.0;;;;
13/04/2011 00:00;2480.0;;;;
15/04/2011 00:00;2001.0;;;;
17/04/2011 00:00;2320.0;;;;
19/04/2011 00:00;3567.0;;;;
21/04/2011 00:00;1912.0;;;;
23/04/2011 00:00;2100.0;;;;
25/04/2011 00:00;2516.0;;;;
27/04/2011 00:00;4550.0;;;;
29/04/2011 00:00;3474.0;;;;
01/05/2011 00:00;4648.0;;;;
03/05/2011 00:00;3235.0;;;;
05/05/2011 00:00;3399.0;;;;
07/05/2011 00:00;3889.0;;;;
09/05/2011 00:00;3560.0;;;;
11/05/2011 00:00;3272.0;;;;
13/05/2011 00:00;4404.0;;;;
15/05/2011 00:00;3990.0;;;;
17/05/2011 00:00;4355.0;;;;
19/05/2011 00:00;5131.0;;;;
21/05/2011 00:00;4822.0;;;;
23/05/2011 00:00;5775.0;;;;
25/05/2011 00:00;6172.0;;;;
27/05/2011 00:00;5491.0;;;;
29/05/2011 00:00;4725.0;;;;
31/05/2011 00:00;6203.0;;;;
02/06/2011 00:00;7157.0;;;;
04/06/2011 00:00;8773.0;;;;
06/06/2011 00:00;9808.0;;;;
08/06/2011 00:00;11394.0;;;;
10/06/2011 00:00;11233.0;;;;
12/06/2011 00:00;11668.0;;;;
14/06/2011 00:00;12602.0;;;;
16/06/2011 00:00;11777.0;;;;
18/06/2011 00:00;12025.0;;;;
20/06/2011 00:00;11278.0;;;;
22/06/2011 00:00;11810.0;;;;
24/06/2011 00:00;11134.0;;;;
26/06/2011 00:00;10298.0;;;;
28/06/2011 00:00;10892.0;;;;
30/06/2011 00:00;9885.0;;;;
02/07/2011 00:00;9454.0;;;;
04/07/2011 00:00;9495.0;;;;
06/07/2011 00:00;11053.0;;;;
08/07/2011 00:00;8211.0;;;;
10/07/2011 00:00;8057.0;;;;
12/07/2011 00:00;8795.0;;;;
14/07/2011 00:00;8419.0;;;;
16/07/2011 00:00;7821.0;;;;
18/07/2011 00:00;8185.0;;;;
20/07/2011 00:00;8545.0;;;;
22/07/2011 00:00;8437.0;;;;
24/07/2011 00:00;7866.0;;;;
26/07/2011 00:00;8401.0;;;;
28/07/2011 00:00;7818.0;;;;
30/07/2011 00:00;6854.0;;;;
01/08/2011 00:00;8032.0;;;;
03/08/2011 00:00;8054.0;;;;
05/08/2011 00:00;7308.0;;;;
07/08/2011 00:00;6725.0;;;;
09/08/2011 00:00;8638.0;;;;
11/08/2011 00:00;8116.0;;;;
13/08/2011 00:00;7386.0;;;;
15/08/2011 00:00;8347.0;;;;
17/08/2011 00:00;8128.0;;;;
19/08/2011 00:00;7787.0;;;;
21/08/2011 00:00;7355.0;;;;
23/08/2011 00:00;7425.0;;;;
25/08/2011 00:00;7082.0;;;;
27/08/2011 00:00;6988.0;;;;
29/08/2011 00:00;7807.0;;;;
31/08/2011 00:00;7280.0;;;;
02/09/2011 00:00;6917.0;;;;
04/09/2011 00:00;6612.0;;;;
06/09/2011 00:00;7705.0;;;;
08/09/2011 00:00;6481.0;;;;
10/09/2011 00:00;6453.0;;;;
12/09/2011 00:00;6422.0;;;;
14/09/2011 00:00;6515.0;;;;
16/09/2011 00:00;6042.0;;;;
18/09/2011 00:00;5775.0;;;;
20/09/2011 00:00;7420.0;;;;
22/09/2011 00:00;6808.0;;;;
24/09/2011 00:00;6231.0;;;;
26/09/2011 00:00;5917.0;;;;
28/09/2011 00:00;5795.0;;;;
30/09/2011 00:00;5762.0;;;;
02/10/2011 00:00;5145.0;;;;
04/10/2011 00:00;5316.0;;;;
06/10/2011 00:00;6004.0;;;;
08/10/2011 00:00;5604.0;;;;
10/10/2011 00:00;5530.0;;;;
12/10/2011 00:00;6498.0;;;;
14/10/2011 00:00;5676.0;;;;
16/10/2011 00:00;4878.0;;;;
18/10/2011 00:00;5562.0;;;;
20/10/2011 00:00;4708.0;;;;
22/10/2011 00:00;4820.0;;;;
24/10/2011 00:00;5919.0;;;;
26/10/2011 00:00;5307.0;;;;
28/10/2011 00:00;5111.0;;;;
30/10/2011 00:00;4888.0;;;;
01/11/2011 00:00;5885.0;;;;
03/11/2011 00:00;5746.0;;;;
05/11/2011 00:00;6575.0;;;;
07/11/2011 00:00;5329.0;;;;
09/11/2011 00:00;6627.0;;;;
11/11/2011 00:00;5439.0;;;;
13/11/2011 00:00;5088.0;;;;
15/11/2011 00:00;6442.0;;;;
17/11/2011 00:00;5596.0;;;;
19/11/2011 00:00;4909.0;;;;
21/11/2011 00:00;5044.0;;;;
23/11/2011 00:00;5620.0;;;;
25/11/2011 00:00;5374.0;;;;
27/11/2011 00:00;4794.0;;;;
29/11/2011 00:00;6529.0;;;;
01/12/2011 00:00;6735.0;;;;
03/12/2011 00:00;5533.0;;;;
05/12/2011 00:00;6347.0;;;;
07/12/2011 00:00;7119.0;;;;
09/12/2011 00:00;5686.0;;;;
11/12/2011 00:00;5240.0;;;;
13/12/2011 00:00;5515.0;;;;
15/12/2011 00:00;5476.0;;;;
17/12/2011 00:00;4819.0;;;;
19/12/2011 00:00;5200.0;;;;
21/12/2011 00:00;5667.0;;;;
23/12/2011 00:00;5740.0;;;;
25/12/2011 00:00;5307.0;;;;
27/12/2011 00:00;5571.0;;;;
29/12/2011 00:00;5023.0;;;;
31/12/2011 00:00;5357.0;;;;
02/01/2012 00:00;5809.0;;;;
04/01/2012 00:00;5636.0;;;;
06/01/2012 00:00;6361.0;;;;
08/01/2012 00:00;6290.0;;;;
10/01/2012 00:00;6589.0;;;;
12/01/2012 00:00;6943.0;;;;
14/01/2012 00:00;6734.0;;;;
16/01/2012 00:00;6685.0;;;;
18/01/2012 00:00;7215.0;;;;
20/01/2012 00:00;6718.0;;;;
22/01/2012 00:00;5259.0;;;;
24/01/2012 00:00;6817.0;;;;
26/01/2012 00:00;6736.0;;;;
28/01/2012 00:00;6095.0;;;;
30/01/2012 00:00;6019.0;;;;
01/02/2012 00:00;6900.0;;;;
03/02/2012 00:00;6943.0;;;;
05/02/2012 00:00;6616.0;;;;
07/02/2012 00:00;6799.0;;;;
09/02/2012 00:00;7259.0;;;;
11/02/2012 00:00;7624.0;;;;
13/02/2012 00:00;7514.0;;;;
15/02/2012 00:00;9511.0;;;;
17/02/2012 00:00;7128.0;;;;
19/02/2012 00:00;5932.0;;;;
21/02/2012 00:00;6348.0;;;;
23/02/2012 00:00;7881.0;;;;
25/02/2012 00:00;6588.0;;;;
27/02/2012 00:00;6475.0;;;;
29/02/2012 00:00;6825.0;;;;
02/03/2012 00:00;7696.0;;;;
04/03/2012 00:00;6017.0;;;;
06/03/2012 00:00;6713.0;;;;
08/03/2012 00:00;6635.0;;;;
10/03/2012 00:00;6054.0;;;;
12/03/2012 00:00;5728.0;;;;
14/03/2012 00:00;7096.0;;;;
16/03/2012 00:00;6706.0;;;;
18/03/2012 00:00;5745.0;;;;
20/03/2012 00:00;6604.0;;;;
22/03/2012 00:00;6756.0;;;;
24/03/2012 00:00;6461.0;;;;
26/03/2012 00:00;6469.0;;;;
28/03/2012 00:00;7134.0;;;;
30/03/2012 00:00;7174.0;;;;
01/04/2012 00:00;5619.0;;;;
03/04/2012 00:00;7539.0;;;;
05/04/2012 00:00;6977.0;;;;
07/04/2012 00:00;6152.0;;;;
09/04/2012 00:00;6045.0;;;;
11/04/2012 00:00;7485.0;;;;
13/04/2012 00:00;7549.0;;;;
15/04/2012 00:00;7313.0;;;;
17/04/2012 00:00;8354.0;;;;
19/04/2012 00:00;8023.0;;;;
21/04/2012 00:00;7770.0;;;;
23/04/2012 00:00;6845.0;;;;
25/04/2012 00:00;7746.0;;;;
27/04/2012 00:00;7066.0;;;;
29/04/2012 00:00;8050.0;;;;
01/05/2012 00:00;10070.0;;;;
03/05/2012 00:00;12283.0;;;;
05/05/2012 00:00;13590.0;;;;
07/05/2012 00:00;16283.0;;;;
09/05/2012 00:00;18865.0;;;;
11/05/2012 00:00;14196.0;;;;
13/05/2012 00:00;14084.0;;;;
15/05/2012 00:00;20817.0;;;;
17/05/2012 00:00;14892.0;;;;
19/05/2012 00:00;38132.0;;;;
21/05/2012 00:00;29133.0;;;;
23/05/2012 00:00;26784.0;;;;
25/05/2012 00:00;29007.0;;;;
27/05/2012 00:00;22251.0;;;;
29/05/2012 00:00;31160.0;;;;
31/05/2012 00:00;20951.0;;;;
02/06/2012 00:00;18570.0;;;;
04/06/2012 00:00;44984.0;;;;
06/06/2012 00:00;18275.0;;;;
08/06/2012 00:00;26974.0;;;;
10/06/2012 00:00;39328.0;;;;
12/06/2012 00:00;20796.0;;;;
14/06/2012 00:00;56997.0;;;;
16/06/2012 00:00;49313.0;;;;
18/06/2012 00:00;39028.0;;;;
20/06/2012 00:00;33475.0;;;;
22/06/2012 00:00;25550.0;;;;
24/06/2012 00:00;21880.0;;;;
26/06/2012 00:00;32547.0;;;;
28/06/2012 00:00;27315.0;;;;
30/06/2012 00:00;23608.0;;;;
02/07/2012 00:00;25272.0;;;;
04/07/2012 00:00;21992.0;;;;
06/07/2012 00:00;21962.0;;;;
08/07/2012 00:00;21697.0;;;;
10/07/2012 00:00;33442.0;;;;
12/07/2012 00:00;26493.0;;;;
14/07/2012 00:00;25417.0;;;;
16/07/2012 00:00;30561.0;;;;
18/07/2012 00:00;30733.0;;;;
20/07/2012 00:00;35383.0;;;;
22/07/2012 00:00;29975.0;;;;
24/07/2012 00:00;29945.0;;;;
26/07/2012 00:00;30652.0;;;;
28/07/2012 00:00;33187.0;;;;
30/07/2012 00:00;38204.0;;;;
01/08/2012 00:00;34163.0;;;;
03/08/2012 00:00;29356.0;;;;
05/08/2012 00:00;32003.0;;;;
07/08/2012 00:00;28636.0;;;;
09/08/2012 00:00;33117.0;;;;
11/08/2012 00:00;29979.0;;;;
13/08/2012 00:00;49678.0;;;;
15/08/2012 00:00;49070.0;;;;
17/08/2012 00:00;40897.0;;;;
19/08/2012 00:00;35022.0;;;;
21/08/2012 00:00;40494.0;;;;
23/08/2012 00:00;31765.0;;;;
25/08/2012 00:00;35491.0;;;;
27/08/2012 00:00;31308.0;;;;
29/08/2012 00:00;33804.0;;;;
31/08/2012 00:00;41495.0;;;;
02/09/2012 00:00;31268.0;;;;
04/09/2012 00:00;36940.0;;;;
06/09/2012 00:00;44218.0;;;;
08/09/2012 00:00;34359.0;;;;
10/09/2012 00:00;32055.0;;;;
12/09/2012 00:00;30406.0;;;;
14/09/2012 00:00;35146.0;;;;
16/09/2012 00:00;27351.0;;;;
18/09/2012 00:00;31313.0;;;;
20/09/2012 00:00;33825.0;;;;
22/09/2012 00:00;23847.0;;;;
24/09/2012 00:00;31279.0;;;;
26/09/2012 00:00;31886.0;;;;
28/09/2012 00:00;29898.0;;;;
30/09/2012 00:00;21143.0;;;;
02/10/2012 00:00;28543.0;;;;
04/10/2012 00:00;29518.0;;;;
06/10/2012 00:00;35662.0;;;;
08/10/2012 00:00;38366.0;;;;
10/10/2012 00:00;32255.0;;;;
12/10/2012 00:00;24200.0;;;;
14/10/2012 00:00;26981.0;;;;
16/10/2012 00:00;33464.0;;;;
18/10/2012 00:00;28432.0;;;;
20/10/2012 00:00;27673.0;;;;
22/10/2012 00:00;35647.0;;;;
24/10/2012 00:00;33568.0;;;;
26/10/2012 00:00;22540.0;;;;
28/10/2012 00:00;17381.0;;;;
30/10/2012 00:00;29930.0;;;;
01/11/2012 00:00;25458.0;;;;
03/11/2012 00:00;25264.0;;;;
05/11/2012 00:00;32202.0;;;;
07/11/2012 00:00;37442.0;;;;
09/11/2012 00:00;26851.0;;;;
11/11/2012 00:00;23728.0;;;;
13/11/2012 00:00;24841.0;;;;
15/11/2012 00:00;37743.0;;;;
17/11/2012 00:00;34273.0;;;;
19/11/2012 00:00;35160.0;;;;
21/11/2012 00:00;41245.0;;;;
23/11/2012 00:00;31482.0;;;;
25/11/2012 00:00;34821.0;;;;
27/11/2012 00:00;29528.0;;;;
29/11/2012 00:00;39050.0;;;;
01/12/2012 00:00;37722.0;;;;
03/12/2012 00:00;22407.0;;;;
05/12/2012 00:00;33176.0;;;;
07/12/2012 00:00;32887.0;;;;
09/12/2012 00:00;32838.0;;;;
11/12/2012 00:00;36341.0;;;;
13/12/2012 00:00;40260.0;;;;
15/12/2012 00:00;33526.0;;;;
17/12/2012 00:00;40828.0;;;;
19/12/2012 00:00;49016.0;;;;
21/12/2012 00:00;40658.0;;;;
23/12/2012 00:00;39228.0;;;;
25/12/2012 00:00;27560.0;;;;
27/12/2012 00:00;43119.0;;;;
29/12/2012 00:00;39248.0;;;;
31/12/2012 00:00;34228.0;;;;
02/01/2013 00:00;38986.0;;;;
04/01/2013 00:00;49926.0;;;;
06/01/2013 00:00;34519.0;;;;
08/01/2013 00:00;35390.0;;;;
10/01/2013 00:00;51393.0;;;;
12/01/2013 00:00;46836.0;;;;
14/01/2013 00:00;43799.0;;;;
16/01/2013 00:00;52197.0;;;;
18/01/2013 00:00;50896.0;;;;
20/01/2013 00:00;41636.0;;;;
22/01/2013 00:00;40199.0;;;;
24/01/2013 00:00;46607.0;;;;
26/01/2013 00:00;53420.0;;;;
28/01/2013 00:00;52321.0;;;;
30/01/2013 00:00;45810.0;;;;
01/02/2013 00:00;56756.0;;;;
03/02/2013 00:00;56212.0;;;;
05/02/2013 00:00;53445.0;;;;
07/02/2013 00:00;58215.0;;;;
09/02/2013 00:00;50847.0;;;;
11/02/2013 00:00;58835.0;;;;
13/02/2013 00:00;57398.0;;;;
15/02/2013 00:00;57505.0;;;;
17/02/2013 00:00;50400.0;;;;
19/02/2013 00:00;55598.0;;;;
21/02/2013 00:00;58996.0;;;;
23/02/2013 00:00;59386.0;;;;
25/02/2013 00:00;65164.0;;;;
27/02/2013 00:00;62952.0;;;;
01/03/2013 00:00;65797.0;;;;
03/03/2013 00:00;49631.0;;;;
05/03/2013 00:00;56039.0;;;;
07/03/2013 00:00;62423.0;;;;
09/03/2013 00:00;47671.0;;;;
11/03/2013 00:00;67610.0;;;;
13/03/2013 00:00;56177.0;;;;
15/03/2013 00:00;60064.0;;;;
17/03/2013 00:00;34164.0;;;;
19/03/2013 00:00;48705.0;;;;
21/03/2013 00:00;53840.0;;;;
23/03/2013 00:00;58002.0;;;;
25/03/2013 00:00;51011.0;;;;
27/03/2013 00:00;51993.0;;;;
29/03/2013 00:00;66205.0;;;;
31/03/2013 00:00;44586.0;;;;
02/04/2013 00:00;60268.0;;;;
04/04/2013 00:00;69048.0;;;;
06/04/2013 00:00;57200.0;;;;
08/04/2013 00:00;63470.0;;;;
10/04/2013 00:00;68820.0;;;;
12/04/2013 00:00;60395.0;;;;
14/04/2013 00:00;53417.0;;;;
16/04/2013 00:00;65797.0;;;;
18/04/2013 00:00;52605.0;;;;
20/04/2013 00:00;48016.0;;;;
22/04/2013 00:00;46737.0;;;;
24/04/2013 00:00;67982.0;;;;
26/04/2013 00:00;56533.0;;;;
28/04/2013 00:00;40986.0;;;;
30/04/2013 00:00;48795.0;;;;
02/05/2013 00:00;57278.0;;;;
04/05/2013 00:00;48349.0;;;;
06/05/2013 00:00;51244.0;;;;
08/05/2013 00:00;47359.0;;;;
10/05/2013 00:00;67937.0;;;;
12/05/2013 00:00;69320.0;;;;
14/05/2013 00:00;63287.0;;;;
16/05/2013 00:00;60543.0;;;;
18/05/2013 00:00;51982.0;;;;
20/05/2013 00:00;50093.0;;;;
22/05/2013 00:00;53981.0;;;;
24/05/2013 00:00;55106.0;;;;
26/05/2013 00:00;39879.0;;;;
28/05/2013 00:00;55138.0;;;;
30/05/2013 00:00;57170.0;;;;
01/06/2013 00:00;52390.0;;;;
03/06/2013 00:00;52048.0;;;;
05/06/2013 00:00;54947.0;;;;
07/06/2013 00:00;54331.0;;;;
09/06/2013 00:00;46237.0;;;;
11/06/2013 00:00;51208.0;;;;
13/06/2013 00:00;43302.0;;;;
15/06/2013 00:00;41531.0;;;;
17/06/2013 00:00;43399.0;;;;
19/06/2013 00:00;46903.0;;;;
21/06/2013 00:00;52994.0;;;;
23/06/2013 00:00;40634.0;;;;
25/06/2013 00:00;45588.0;;;;
27/06/2013 00:00;46797.0;;;;
29/06/2013 00:00;38973.0;;;;
01/07/2013 00:00;34053.0;;;;
03/07/2013 00:00;35351.0;;;;
05/07/2013 00:00;36291.0;;;;
07/07/2013 00:00;28865.0;;;;
09/07/2013 00:00;41777.0;;;;
11/07/2013 00:00;41040.0;;;;
13/07/2013 00:00;40313.0;;;;
15/07/2013 00:00;36738.0;;;;
17/07/2013 00:00;39565.0;;;;
19/07/2013 00:00;38020.0;;;;
21/07/2013 00:00;36884.0;;;;
23/07/2013 00:00;39644.0;;;;
25/07/2013 00:00;42304.0;;;;
27/07/2013 00:00;35987.0;;;;
29/07/2013 00:00;44260.0;;;;
31/07/2013 00:00;51919.0;;;;
02/08/2013 00:00;53174.0;;;;
04/08/2013 00:00;44605.0;;;;
06/08/2013 00:00;52260.0;;;;
08/08/2013 00:00;57036.0;;;;
10/08/2013 00:00;52040.0;;;;
12/08/2013 00:00;45811.0;;;;
14/08/2013 00:00;50484.0;;;;
16/08/2013 00:00;68301.0;;;;
18/08/2013 00:00;53134.0;;;;
20/08/2013 00:00;66539.0;;;;
22/08/2013 00:00;62772.0;;;;
24/08/2013 00:00;51085.0;;;;
26/08/2013 00:00;53528.0;;;;
28/08/2013 00:00;63645.0;;;;
30/08/2013 00:00;60716.0;;;;
01/09/2013 00:00;45578.0;;;;
03/09/2013 00:00;50503.0;;;;
05/09/2013 00:00;60222.0;;;;
07/09/2013 00:00;54231.0;;;;
09/09/2013 00:00;54966.0;;;;
11/09/2013 00:00;49512.0;;;;
13/09/2013 00:00;48362.0;;;;
15/09/2013 00:00;46764.0;;;;
17/09/2013 00:00;66291.0;;;;
19/09/2013 00:00;59004.0;;;;
21/09/2013 00:00;53286.0;;;;
23/09/2013 00:00;60286.0;;;;
25/09/2013 00:00;58150.0;;;;
27/09/2013 00:00;50429.0;;;;
29/09/2013 00:00;41741.0;;;;
01/10/2013 00:00;55320.0;;;;
03/10/2013 00:00;61708.0;;;;
05/10/2013 00:00;47895.0;;;;
07/10/2013 00:00;43235.0;;;;
09/10/2013 00:00;46991.0;;;;
11/10/2013 00:00;54449.0;;;;
13/10/2013 00:00;51248.0;;;;
15/10/2013 00:00;57320.0;;;;
17/10/2013 00:00;45193.0;;;;
19/10/2013 00:00;54639.0;;;;
21/10/2013 00:00;58142.0;;;;
23/10/2013 00:00;54572.0;;;;
25/10/2013 00:00;59853.0;;;;
27/10/2013 00:00;44388.0;;;;
29/10/2013 00:00;51237.0;;;;
31/10/2013 00:00;56476.0;;;;
02/11/2013 00:00;41179.0;;;;
04/11/2013 00:00;42094.0;;;;
06/11/2013 00:00;55035.0;;;;
08/11/2013 00:00;59961.0;;;;
10/11/2013 00:00;57169.0;;;;
12/11/2013 00:00;58510.0;;;;
14/11/2013 00:00;70175.0;;;;
16/11/2013 00:00;51595.0;;;;
18/11/2013 00:00;73198.0;;;;
20/11/2013 00:00;77962.0;;;;
22/11/2013 00:00;76646.0;;;;
24/11/2013 00:00;60018.0;;;;
26/11/2013 00:00;80055.0;;;;
28/11/2013 00:00;102010.0;;;;
30/11/2013 00:00;80868.0;;;;
02/12/2013 00:00;74324.0;;;;
04/12/2013 00:00;79738.0;;;;
06/12/2013 00:00;71277.0;;;;
08/12/2013 00:00;49174.0;;;;
10/12/2013 00:00;67874.0;;;;
12/12/2013 00:00;59677.0;;;;
14/12/2013 00:00;55858.0;;;;
16/12/2013 00:00;63090.0;;;;
18/12/2013 00:00;81656.0;;;;
20/12/2013 00:00;69475.0;;;;
22/12/2013 00:00;51543.0;;;;
24/12/2013 00:00;56872.0;;;;
26/12/2013 00:00;48575.0;;;;
28/12/2013 00:00;47777.0;;;;
30/12/2013 00:00;56501.0;;;;
01/01/2014 00:00;41476.0;;;;
03/01/2014 00:00;63821.0;;;;
05/01/2014 00:00;55761.0;;;;
07/01/2014 00:00;62126.0;;;;
09/01/2014 00:00;58365.0;;;;
11/01/2014 00:00;56464.0;;;;
13/01/2014 00:00;54756.0;;;;
15/01/2014 00:00;60392.0;;;;
17/01/2014 00:00;58397.0;;;;
19/01/2014 00:00;49224.0;;;;
21/01/2014 00:00;71521.0;;;;
23/01/2014 00:00;63527.0;;;;
25/01/2014 00:00;55371.0;;;;
27/01/2014 00:00;60746.0;;;;
29/01/2014 00:00;61786.0;;;;
31/01/2014 00:00;61999.0;;;;
02/02/2014 00:00;50400.0;;;;
04/02/2014 00:00;65812.0;;;;
06/02/2014 00:00;69721.0;;;;
08/02/2014 00:00;64069.0;;;;
10/02/2014 00:00;67622.0;;;;
12/02/2014 00:00;62805.0;;;;
14/02/2014 00:00;76660.0;;;;
16/02/2014 00:00;56785.0;;;;
18/02/2014 00:00;68333.0;;;;
20/02/2014 00:00;71666.0;;;;
22/02/2014 00:00;59691.0;;;;
24/02/2014 00:00;68496.0;;;;
26/02/2014 00:00;71527.0;;;;
28/02/2014 00:00;71658.0;;;;
02/03/2014 00:00;59067.0;;;;
04/03/2014 00:00;85916.0;;;;
06/03/2014 00:00;71619.0;;;;
08/03/2014 00:00;71019.0;;;;
10/03/2014 00:00;66786.0;;;;
12/03/2014 00:00;76019.0;;;;
14/03/2014 00:00;68735.0;;;;
16/03/2014 00:00;58730.0;;;;
18/03/2014 00:00;57881.0;;;;
20/03/2014 00:00;72117.0;;;;
22/03/2014 00:00;69139.0;;;;
24/03/2014 00:00;67382.0;;;;
26/03/2014 00:00;69897.0;;;;
28/03/2014 00:00;69155.0;;;;
30/03/2014 00:00;55333.0;;;;
01/04/2014 00:00;64692.0;;;;
03/04/2014 00:00;67292.0;;;;
05/04/2014 00:00;59610.0;;;;
07/04/2014 00:00;62222.0;;;;
09/04/2014 00:00;64278.0;;;;
11/04/2014 00:00;66874.0;;;;
13/04/2014 00:00;49420.0;;;;
15/04/2014 00:00;74882.0;;;;
17/04/2014 00:00;67212.0;;;;
19/04/2014 00:00;56685.0;;;;
21/04/2014 00:00;57961.0;;;;
23/04/2014 00:00;72147.0;;;;
25/04/2014 00:00;78038.0;;;;
27/04/2014 00:00;50392.0;;;;
29/04/2014 00:00;64207.0;;;;
01/05/2014 00:00;60910.0;;;;
03/05/2014 00:00;56112.0;;;;
05/05/2014 00:00;63433.0;;;;
07/05/2014 00:00;70424.0;;;;
09/05/2014 00:00;67693.0;;;;
11/05/2014 00:00;51666.0;;;;
13/05/2014 00:00;70672.0;;;;
15/05/2014 00:00;72761.0;;;;
17/05/2014 00:00;55577.0;;;;
19/05/2014 00:00;60368.0;;;;
21/05/2014 00:00;71120.0;;;;
23/05/2014 00:00;74593.0;;;;
25/05/2014 00:00;53928.0;;;;
27/05/2014 00:00;67040.0;;;;
29/05/2014 00:00;65930.0;;;;
31/05/2014 00:00;55166.0;;;;
02/06/2014 00:00;61179.0;;;;
04/06/2014 00:00;66435.0;;;;
06/06/2014 00:00;64859.0;;;;
08/06/2014 00:00;47730.0;;;;
10/06/2014 00:00;65460.0;;;;
12/06/2014 00:00;61583.0;;;;
14/06/2014 00:00;58961.0;;;;
16/06/2014 00:00;65347.0;;;;
18/06/2014 00:00;66992.0;;;;
20/06/2014 00:00;59884.0;;;;
22/06/2014 00:00;50429.0;;;;
24/06/2014 00:00;64766.0;;;;
26/06/2014 00:00;62354.0;;;;
28/06/2014 00:00;56883.0;;;;
30/06/2014 00:00;62009.0;;;;
02/07/2014 00:00;67724.0;;;;
04/07/2014 00:00;61901.0;;;;
06/07/2014 00:00;53366.0;;;;
08/07/2014 00:00;70042.0;;;;
10/07/2014 00:00;64146.0;;;;
12/07/2014 00:00;54181.0;;;;
14/07/2014 00:00;59877.0;;;;
16/07/2014 00:00;67767.0;;;;
18/07/2014 00:00;62427.0;;;;
20/07/2014 00:00;54742.0;;;;
22/07/2014 00:00;66921.0;;;;
24/07/2014 00:00;64815.0;;;;
26/07/2014 00:00;57528.0;;;;
28/07/2014 00:00;59561.0;;;;
30/07/2014 00:00;64442.0;;;;
01/08/2014 00:00;69283.0;;;;
03/08/2014 00:00;52550.0;;;;
05/08/2014 00:00;72928.0;;;;
07/08/2014 00:00;70732.0;;;;
09/08/2014 00:00;62960.0;;;;
11/08/2014 00:00;70184.0;;;;
13/08/2014 00:00;75011.0;;;;
15/08/2014 00:00;69698.0;;;;
17/08/2014 00:00;59319.0;;;;
19/08/2014 00:00;75458.0;;;;
21/08/2014 00:00;75470.0;;;;
23/08/2014 00:00;60189.0;;;;
25/08/2014 00:00;66411.0;;;;
27/08/2014 00:00;74318.0;;;;
29/08/2014 00:00;67664.0;;;;
31/08/2014 00:00;59751.0;;;;
02/09/2014 00:00;71539.0;;;;
04/09/2014 00:00;70940.0;;;;
06/09/2014 00:00;67529.0;;;;
08/09/2014 00:00;71754.0;;;;
10/09/2014 00:00;76417.0;;;;
12/09/2014 00:00;66303.0;;;;
14/09/2014 00:00;66033.0;;;;
16/09/2014 00:00;89326.0;;;;
18/09/2014 00:00;79754.0;;;;
20/09/2014 00:00;62315.0;;;;
22/09/2014 00:00;68526.0;;;;
24/09/2014 00:00;81104.0;;;;
26/09/2014 00:00;73278.0;;;;
28/09/2014 00:00;62200.0;;;;
30/09/2014 00:00;78590.0;;;;
02/10/2014 00:00;74630.0;;;;
04/10/2014 00:00;70430.0;;;;
06/10/2014 00:00;75126.0;;;;
08/10/2014 00:00;80324.0;;;;
10/10/2014 00:00;84811.0;;;;
12/10/2014 00:00;63946.0;;;;
14/10/2014 00:00;81491.0;;;;
16/10/2014 00:00;74010.0;;;;
18/10/2014 00:00;69474.0;;;;
20/10/2014 00:00;78443.0;;;;
22/10/2014 00:00;79546.0;;;;
24/10/2014 00:00;81643.0;;;;
26/10/2014 00:00;70537.0;;;;
28/10/2014 00:00;88600.0;;;;
30/10/2014 00:00;93338.0;;;;
01/11/2014 00:00;74548.0;;;;
03/11/2014 00:00;84522.0;;;;
05/11/2014 00:00;89249.0;;;;
07/11/2014 00:00;89542.0;;;;
09/11/2014 00:00;72217.0;;;;
11/11/2014 00:00;87338.0;;;;
13/11/2014 00:00;100117.0;;;;
15/11/2014 00:00;74831.0;;;;
17/11/2014 00:00;85201.0;;;;
19/11/2014 00:00;87321.0;;;;
21/11/2014 00:00;86577.0;;;;
23/11/2014 00:00;75041.0;;;;
25/11/2014 00:00;82813.0;;;;
27/11/2014 00:00;82979.0;;;;
29/11/2014 00:00;81452.0;;;;
01/12/2014 00:00;95220.0;;;;
03/12/2014 00:00;97296.0;;;;
05/12/2014 00:00;92900.0;;;;
07/12/2014 00:00;77357.0;;;;
09/12/2014 00:00;89587.0;;;;
11/12/2014 00:00;85829.0;;;;
13/12/2014 00:00;79512.0;;;;
15/12/2014 00:00;95727.0;;;;
17/12/2014 00:00;93704.0;;;;
19/12/2014 00:00;92052.0;;;;
21/12/2014 00:00;80829.0;;;;
23/12/2014 00:00;99770.0;;;;
25/12/2014 00:00;70684.0;;;;
27/12/2014 00:00;78776.0;;;;
29/12/2014 00:00;79812.0;;;;
31/12/2014 00:00;83768.0;;;;
02/01/2015 00:00;72234.0;;;;
04/01/2015 00:00;85570.0;;;;
06/01/2015 00:00;87160.0;;;;
08/01/2015 00:00;99126.0;;;;
10/01/2015 00:00;105895.0;;;;
12/01/2015 00:00;98185.0;;;;
14/01/2015 00:00;104481.0;;;;
16/01/2015 00:00;112530.0;;;;
18/01/2015 00:00;87047.0;;;;
20/01/2015 00:00;98890.0;;;;
22/01/2015 00:00;94979.0;;;;
24/01/2015 00:00;89630.0;;;;
26/01/2015 00:00;105423.0;;;;
28/01/2015 00:00;89287.0;;;;
30/01/2015 00:00;86360.0;;;;
01/02/2015 00:00;79193.0;;;;
03/02/2015 00:00;93499.0;;;;
05/02/2015 00:00;90028.0;;;;
07/02/2015 00:00;86207.0;;;;
09/02/2015 00:00;95860.0;;;;
11/02/2015 00:00;98701.0;;;;
13/02/2015 00:00;107390.0;;;;
15/02/2015 00:00;85355.0;;;;
17/02/2015 00:00;98899.0;;;;
19/02/2015 00:00;96005.0;;;;
21/02/2015 00:00;92541.0;;;;
23/02/2015 00:00;96936.0;;;;
25/02/2015 00:00;104785.0;;;;
27/02/2015 00:00;103395.0;;;;
01/03/2015 00:00;86274.0;;;;
03/03/2015 00:00;109142.0;;;;
05/03/2015 00:00;96611.0;;;;
07/03/2015 00:00;94270.0;;;;
09/03/2015 00:00;96449.0;;;;
11/03/2015 00:00;102856.0;;;;
13/03/2015 00:00;96745.0;;;;
15/03/2015 00:00;84477.0;;;;
17/03/2015 00:00;104238.0;;;;
19/03/2015 00:00;102414.0;;;;
21/03/2015 00:00;100458.0;;;;
23/03/2015 00:00;106330.0;;;;
25/03/2015 00:00;93930.0;;;;
27/03/2015 00:00;106302.0;;;;
29/03/2015 00:00;87456.0;;;;
31/03/2015 00:00;105294.0;;;;
02/04/2015 00:00;115686.0;;;;
04/04/2015 00:00;94152.0;;;;
06/04/2015 00:00;100949.0;;;;
08/04/2015 00:00;108047.0;;;;
10/04/2015 00:00;114091.0;;;;
12/04/2015 00:00;88884.0;;;;
14/04/2015 00:00;113372.0;;;;
16/04/2015 00:00;104063.0;;;;
18/04/2015 00:00;100484.0;;;;
20/04/2015 00:00;115128.0;;;;
22/04/2015 00:00;113657.0;;;;
24/04/2015 00:00;110568.0;;;;
26/04/2015 00:00;93761.0;;;;
28/04/2015 00:00;112434.0;;;;
30/04/2015 00:00;114070.0;;;;
02/05/2015 00:00;96416.0;;;;
04/05/2015 00:00;94120.0;;;;
06/05/2015 00:00;113496.0;;;;
08/05/2015 00:00;108365.0;;;;
10/05/2015 00:00;90054.0;;;;
12/05/2015 00:00;114424.0;;;;
14/05/2015 00:00;101228.0;;;;
16/05/2015 00:00;93025.0;;;;
18/05/2015 00:00;97915.0;;;;
20/05/2015 00:00;107683.0;;;;
22/05/2015 00:00;100591.0;;;;
24/05/2015 00:00;87996.0;;;;
26/05/2015 00:00;106971.0;;;;
28/05/2015 00:00;109786.0;;;;
30/05/2015 00:00;132907.0;;;;
01/06/2015 00:00;116959.0;;;;
03/06/2015 00:00;125399.0;;;;
05/06/2015 00:00;109700.0;;;;
07/06/2015 00:00;88440.0;;;;
09/06/2015 00:00;115633.0;;;;
11/06/2015 00:00;125147.0;;;;
13/06/2015 00:00;112813.0;;;;
15/06/2015 00:00;122279.0;;;;
17/06/2015 00:00;133747.0;;;;
19/06/2015 00:00;125430.0;;;;
21/06/2015 00:00;91203.0;;;;
23/06/2015 00:00;128795.0;;;;
25/06/2015 00:00;113329.0;;;;
27/06/2015 00:00;108876.0;;;;
29/06/2015 00:00;117119.0;;;;
01/07/2015 00:00;150917.0;;;;
03/07/2015 00:00;138811.0;;;;
05/07/2015 00:00;101714.0;;;;
07/07/2015 00:00;201921.0;;;;
09/07/2015 00:00;187202.0;;;;
11/07/2015 00:00;171652.0;;;;
13/07/2015 00:00;176542.0;;;;
15/07/2015 00:00;122340.0;;;;
17/07/2015 00:00;118048.0;;;;
19/07/2015 00:00;134643.0;;;;
21/07/2015 00:00;123367.0;;;;
23/07/2015 00:00;111582.0;;;;
25/07/2015 00:00;106038.0;;;;
27/07/2015 00:00;111331.0;;;;
29/07/2015 00:00;136195.0;;;;
31/07/2015 00:00;133640.0;;;;
02/08/2015 00:00;98976.0;;;;
04/08/2015 00:00;132719.0;;;;
06/08/2015 00:00;132494.0;;;;
08/08/2015 00:00;104420.0;;;;
10/08/2015 00:00;110686.0;;;;
12/08/2015 00:00;115754.0;;;;
14/08/2015 00:00;107950.0;;;;
16/08/2015 00:00;86583.0;;;;
18/08/2015 00:00;120131.0;;;;
20/08/2015 00:00;116834.0;;;;
22/08/2015 00:00;107795.0;;;;
24/08/2015 00:00;117026.0;;;;
26/08/2015 00:00;125549.0;;;;
28/08/2015 00:00;121692.0;;;;
30/08/2015 00:00;92338.0;;;;
01/09/2015 00:00;140970.0;;;;
03/09/2015 00:00;137446.0;;;;
05/09/2015 00:00;137427.0;;;;
07/09/2015 00:00;119041.0;;;;
09/09/2015 00:00;128619.0;;;;
11/09/2015 00:00;165288.0;;;;
13/09/2015 00:00;139320.0;;;;
15/09/2015 00:00;165993.0;;;;
17/09/2015 00:00;241346.0;;;;
19/09/2015 00:00;117999.0;;;;
21/09/2015 00:00;124667.0;;;;
23/09/2015 00:00;134964.0;;;;
25/09/2015 00:00;130740.0;;;;
27/09/2015 00:00;107256.0;;;;
29/09/2015 00:00;139440.0;;;;
01/10/2015 00:00;135885.0;;;;
03/10/2015 00:00;132880.0;;;;
05/10/2015 00:00;117528.0;;;;
07/10/2015 00:00;139516.0;;;;
09/10/2015 00:00;119490.0;;;;
11/10/2015 00:00;105878.0;;;;
13/10/2015 00:00;133757.0;;;;
15/10/2015 00:00;157228.0;;;;
17/10/2015 00:00;139308.0;;;;
19/10/2015 00:00;136583.0;;;;
21/10/2015 00:00;161031.0;;;;
23/10/2015 00:00;146222.0;;;;
25/10/2015 00:00;128209.0;;;;
27/10/2015 00:00;141609.0;;;;
29/10/2015 00:00;165622.0;;;;
31/10/2015 00:00;155292.0;;;;
02/11/2015 00:00;159656.0;;;;
04/11/2015 00:00;211121.0;;;;
06/11/2015 00:00;165214.0;;;;
08/11/2015 00:00;134785.0;;;;
10/11/2015 00:00;154030.0;;;;
12/11/2015 00:00;154219.0;;;;
14/11/2015 00:00;156065.0;;;;
16/11/2015 00:00;150942.0;;;;
18/11/2015 00:00;168587.0;;;;
20/11/2015 00:00;155128.0;;;;
22/11/2015 00:00;126564.0;;;;
24/11/2015 00:00;150056.0;;;;
26/11/2015 00:00;164730.0;;;;
28/11/2015 00:00;171602.0;;;;
30/11/2015 00:00;172183.0;;;;
02/12/2015 00:00;177277.0;;;;
04/12/2015 00:00;160944.0;;;;
06/12/2015 00:00;179777.0;;;;
08/12/2015 00:00;192097.0;;;;
10/12/2015 00:00;211452.0;;;;
12/12/2015 00:00;211456.0;;;;
14/12/2015 00:00;221499.0;;;;
16/12/2015 00:00;222531.0;;;;
18/12/2015 00:00;214387.0;;;;
20/12/2015 00:00;191441.0;;;;
22/12/2015 00:00;223130.0;;;;
24/12/2015 00:00;227189.0;;;;
26/12/2015 00:00;170904.0;;;;
28/12/2015 00:00;166837.0;;;;
30/12/2015 00:00;181836.0;;;;
01/01/2016 00:00;123623.0;;;;
03/01/2016 00:00;141064.0;;;;
05/01/2016 00:00;187012.0;;;;
07/01/2016 00:00;177873.0;;;;
09/01/2016 00:00;178374.0;;;;
11/01/2016 00:00;179771.0;;;;
13/01/2016 00:00;191628.0;;;;
15/01/2016 00:00;185105.0;;;;
17/01/2016 00:00;192731.0;;;;
19/01/2016 00:00;205735.0;;;;
21/01/2016 00:00;210240.0;;;;
23/01/2016 00:00;200913.0;;;;
25/01/2016 00:00;210592.0;;;;
27/01/2016 00:00;226385.0;;;;
29/01/2016 00:00;222622.0;;;;
31/01/2016 00:00;168625.0;;;;
02/02/2016 00:00;231998.0;;;;
04/02/2016 00:00;201065.0;;;;
06/02/2016 00:00;232752.0;;;;
08/02/2016 00:00;220559.0;;;;
10/02/2016 00:00;233941.0;;;;
12/02/2016 00:00;202906.0;;;;
14/02/2016 00:00;188927.0;;;;
16/02/2016 00:00;218780.0;;;;
18/02/2016 00:00;212765.0;;;;
20/02/2016 00:00;225259.0;;;;
22/02/2016 00:00;224964.0;;;;
24/02/2016 00:00;225112.0;;;;
26/02/2016 00:00;209880.0;;;;
28/02/2016 00:00;224697.0;;;;
01/03/2016 00:00;260619.0;;;;
03/03/2016 00:00;221257.0;;;;
05/03/2016 00:00;238117.0;;;;
07/03/2016 00:00;183530.0;;;;
09/03/2016 00:00;187623.0;;;;
11/03/2016 00:00;193874.0;;;;
13/03/2016 00:00;141116.0;;;;
15/03/2016 00:00;197677.0;;;;
17/03/2016 00:00;206973.0;;;;
19/03/2016 00:00;188863.0;;;;
21/03/2016 00:00;189228.0;;;;
23/03/2016 00:00;187877.0;;;;
25/03/2016 00:00;173609.0;;;;
27/03/2016 00:00;161486.0;;;;
29/03/2016 00:00;191841.0;;;;
31/03/2016 00:00;208976.0;;;;
02/04/2016 00:00;196651.0;;;;
04/04/2016 00:00;200979.0;;;;
06/04/2016 00:00;218585.0;;;;
08/04/2016 00:00;215441.0;;;;
10/04/2016 00:00;181662.0;;;;
12/04/2016 00:00;240200.0;;;;
14/04/2016 00:00;230281.0;;;;
16/04/2016 00:00;192621.0;;;;
18/04/2016 00:00;203165.0;;;;
20/04/2016 00:00;216780.0;;;;
22/04/2016 00:00;210976.0;;;;
24/04/2016 00:00;183155.0;;;;
26/04/2016 00:00;250744.0;;;;
28/04/2016 00:00;247958.0;;;;
30/04/2016 00:00;215712.0;;;;
02/05/2016 00:00;223785.0;;;;
04/05/2016 00:00;233693.0;;;;
06/05/2016 00:00;233232.0;;;;
08/05/2016 00:00;185562.0;;;;
10/05/2016 00:00;245721.0;;;;
12/05/2016 00:00;228409.0;;;;
14/05/2016 00:00;211280.0;;;;
16/05/2016 00:00;239809.0;;;;
18/05/2016 00:00;235084.0;;;;
20/05/2016 00:00;209396.0;;;;
22/05/2016 00:00;184348.0;;;;
24/05/2016 00:00;246517.0;;;;
26/05/2016 00:00;220093.0;;;;
28/05/2016 00:00;193054.0;;;;
30/05/2016 00:00;211369.0;;;;
01/06/2016 00:00;234385.0;;;;
03/06/2016 00:00;234669.0;;;;
05/06/2016 00:00;190528.0;;;;
07/06/2016 00:00;248576.0;;;;
09/06/2016 00:00;236353.0;;;;
11/06/2016 00:00;213159.0;;;;
13/06/2016 00:00;251354.0;;;;
15/06/2016 00:00;262510.0;;;;
17/06/2016 00:00;253752.0;;;;
19/06/2016 00:00;218298.0;;;;
21/06/2016 00:00;248164.0;;;;
23/06/2016 00:00;241300.0;;;;
25/06/2016 00:00;210998.0;;;;
27/06/2016 00:00;217029.0;;;;
29/06/2016 00:00;224112.0;;;;
01/07/2016 00:00;210409.0;;;;
03/07/2016 00:00;177127.0;;;;
05/07/2016 00:00;214959.0;;;;
07/07/2016 00:00;216812.0;;;;
09/07/2016 00:00;185405.0;;;;
11/07/2016 00:00;218089.0;;;;
13/07/2016 00:00;218093.0;;;;
15/07/2016 00:00;216081.0;;;;
17/07/2016 00:00;171013.0;;;;
19/07/2016 00:00;222146.0;;;;
21/07/2016 00:00;217606.0;;;;
23/07/2016 00:00;195796.0;;;;
25/07/2016 00:00;240533.0;;;;
27/07/2016 00:00;235603.0;;;;
29/07/2016 00:00;231414.0;;;;
31/07/2016 00:00;192254.0;;;;
02/08/2016 00:00;252252.0;;;;
04/08/2016 00:00;231835.0;;;;
06/08/2016 00:00;196551.0;;;;
08/08/2016 00:00;236291.0;;;;
10/08/2016 00:00;245581.0;;;;
12/08/2016 00:00;232973.0;;;;
14/08/2016 00:00;200577.0;;;;
16/08/2016 00:00;256447.0;;;;
18/08/2016 00:00;239541.0;;;;
20/08/2016 00:00;210352.0;;;;
22/08/2016 00:00;229801.0;;;;
24/08/2016 00:00;237956.0;;;;
26/08/2016 00:00;226767.0;;;;
28/08/2016 00:00;174489.0;;;;
30/08/2016 00:00;254486.0;;;;
01/09/2016 00:00;238207.0;;;;
03/09/2016 00:00;182204.0;;;;
05/09/2016 00:00;227683.0;;;;
07/09/2016 00:00;250809.0;;;;
09/09/2016 00:00;222094.0;;;;
11/09/2016 00:00;180391.0;;;;
13/09/2016 00:00;241215.0;;;;
15/09/2016 00:00;233488.0;;;;
17/09/2016 00:00;215529.0;;;;
19/09/2016 00:00;223540.0;;;;
21/09/2016 00:00;239216.0;;;;
23/09/2016 00:00;223187.0;;;;
25/09/2016 00:00;197298.0;;;;
27/09/2016 00:00;243008.0;;;;
29/09/2016 00:00;242730.0;;;;
01/10/2016 00:00;213930.0;;;;
03/10/2016 00:00;260813.0;;;;
05/10/2016 00:00;266811.0;;;;
07/10/2016 00:00;268419.0;;;;
09/10/2016 00:00;210548.0;;;;
11/10/2016 00:00;263565.0;;;;
13/10/2016 00:00;229703.0;;;;
15/10/2016 00:00;210448.0;;;;
17/10/2016 00:00;237232.0;;;;
19/10/2016 00:00;201025.0;;;;
21/10/2016 00:00;265355.0;;;;
23/10/2016 00:00;191578.0;;;;
25/10/2016 00:00;237030.0;;;;
27/10/2016 00:00;326388.0;;;;
29/10/2016 00:00;229689.0;;;;
31/10/2016 00:00;241778.0;;;;
02/11/2016 00:00;268418.0;;;;
04/11/2016 00:00;248043.0;;;;
06/11/2016 00:00;228420.0;;;;
08/11/2016 00:00;296060.0;;;;
10/11/2016 00:00;271374.0;;;;
12/11/2016 00:00;228886.0;;;;
14/11/2016 00:00;270506.0;;;;
16/11/2016 00:00;291186.0;;;;
18/11/2016 00:00;275925.0;;;;
20/11/2016 00:00;246537.0;;;;
22/11/2016 00:00;285635.0;;;;
24/11/2016 00:00;333466.0;;;;
26/11/2016 00:00;279374.0;;;;
28/11/2016 00:00;298530.0;;;;
30/11/2016 00:00;292654.0;;;;
02/12/2016 00:00;318263.0;;;;
04/12/2016 00:00;245650.0;;;;
06/12/2016 00:00;319762.0;;;;
08/12/2016 00:00;282711.0;;;;
10/12/2016 00:00;250241.0;;;;
12/12/2016 00:00;268662.0;;;;
14/12/2016 00:00;286328.0;;;;
16/12/2016 00:00;279361.0;;;;
18/12/2016 00:00;235789.0;;;;
20/12/2016 00:00;296473.0;;;;
22/12/2016 00:00;314644.0;;;;
24/12/2016 00:00;240820.0;;;;
26/12/2016 00:00;244914.0;;;;
28/12/2016 00:00;305394.0;;;;
30/12/2016 00:00;286818.0;;;;
01/01/2017 00:00;180502.0;;;;
03/01/2017 00:00;301664.0;;;;
05/01/2017 00:00;288501.0;;;;
07/01/2017 00:00;284719.0;;;;
09/01/2017 00:00;269947.0;;;;
11/01/2017 00:00;303058.0;;;;
13/01/2017 00:00;275149.0;;;;
15/01/2017 00:00;235999.0;;;;
17/01/2017 00:00;292697.0;;;;
19/01/2017 00:00;300605.0;;;;
21/01/2017 00:00;263562.0;;;;
23/01/2017 00:00;236692.0;;;;
25/01/2017 00:00;305961.0;;;;
27/01/2017 00:00;263332.0;;;;
29/01/2017 00:00;241627.0;;;;
31/01/2017 00:00;307683.0;;;;
02/02/2017 00:00;259559.0;;;;
04/02/2017 00:00;286326.0;;;;
06/02/2017 00:00;230027.0;;;;
08/02/2017 00:00;308316.0;;;;
10/02/2017 00:00;304456.0;;;;
12/02/2017 00:00;238182.0;;;;
14/02/2017 00:00;315084.0;;;;
16/02/2017 00:00;285329.0;;;;
18/02/2017 00:00;288149.0;;;;
20/02/2017 00:00;282728.0;;;;
22/02/2017 00:00;284024.0;;;;
24/02/2017 00:00;350751.0;;;;
26/02/2017 00:00;265203.0;;;;
28/02/2017 00:00;325414.0;;;;
02/03/2017 00:00;329428.0;;;;
04/03/2017 00:00;268875.0;;;;
06/03/2017 00:00;287731.0;;;;
08/03/2017 00:00;297108.0;;;;
10/03/2017 00:00;308482.0;;;;
12/03/2017 00:00;221110.0;;;;
14/03/2017 00:00;310395.0;;;;
16/03/2017 00:00;327034.0;;;;
18/03/2017 00:00;263530.0;;;;
20/03/2017 00:00;277033.0;;;;
22/03/2017 00:00;320713.0;;;;
24/03/2017 00:00;289521.0;;;;
26/03/2017 00:00;221915.0;;;;
28/03/2017 00:00;294001.0;;;;
30/03/2017 00:00;288788.0;;;;
01/04/2017 00:00;255871.0;;;;
03/04/2017 00:00;288141.0;;;;
05/04/2017 00:00;316555.0;;;;
07/04/2017 00:00;295463.0;;;;
09/04/2017 00:00;238286.0;;;;
11/04/2017 00:00;307893.0;;;;
13/04/2017 00:00;228679.0;;;;
15/04/2017 00:00;271976.0;;;;
17/04/2017 00:00;245184.0;;;;
19/04/2017 00:00;310104.0;;;;
21/04/2017 00:00;330354.0;;;;
23/04/2017 00:00;245039.0;;;;
25/04/2017 00:00;325387.0;;;;
27/04/2017 00:00;297884.0;;;;
29/04/2017 00:00;341319.0;;;;
01/05/2017 00:00;294786.0;;;;
03/05/2017 00:00;295149.0;;;;
05/05/2017 00:00;267193.0;;;;
07/05/2017 00:00;316011.0;;;;
09/05/2017 00:00;332879.0;;;;
11/05/2017 00:00;294743.0;;;;
13/05/2017 00:00;329266.0;;;;
15/05/2017 00:00;329229.0;;;;
17/05/2017 00:00;317527.0;;;;
19/05/2017 00:00;319502.0;;;;
21/05/2017 00:00;326057.0;;;;
23/05/2017 00:00;367710.0;;;;
25/05/2017 00:00;350114.0;;;;
27/05/2017 00:00;331914.0;;;;
29/05/2017 00:00;321638.0;;;;
31/05/2017 00:00;321634.0;;;;
02/06/2017 00:00;271539.0;;;;
04/06/2017 00:00;266044.0;;;;
06/06/2017 00:00;297416.0;;;;
08/06/2017 00:00;307377.0;;;;
10/06/2017 00:00;254993.0;;;;
12/06/2017 00:00;269098.0;;;;
14/06/2017 00:00;287644.0;;;;
16/06/2017 00:00;269937.0;;;;
18/06/2017 00:00;209359.0;;;;
20/06/2017 00:00;269438.0;;;;
22/06/2017 00:00;269685.0;;;;
24/06/2017 00:00;227127.0;;;;
26/06/2017 00:00;261906.0;;;;
28/06/2017 00:00;279811.0;;;;
30/06/2017 00:00;267360.0;;;;
02/07/2017 00:00;196539.0;;;;
04/07/2017 00:00;255483.0;;;;
06/07/2017 00:00;225106.0;;;;
08/07/2017 00:00;220835.0;;;;
10/07/2017 00:00;251722.0;;;;
12/07/2017 00:00;257138.0;;;;
14/07/2017 00:00;227903.0;;;;
16/07/2017 00:00;203165.0;;;;
18/07/2017 00:00;260575.0;;;;
20/07/2017 00:00;230199.0;;;;
22/07/2017 00:00;223358.0;;;;
24/07/2017 00:00;240072.0;;;;
26/07/2017 00:00;237853.0;;;;
28/07/2017 00:00;247207.0;;;;
30/07/2017 00:00;184145.0;;;;
01/08/2017 00:00;131875.0;;;;
03/08/2017 00:00;213017.0;;;;
05/08/2017 00:00;239771.0;;;;
07/08/2017 00:00;249002.0;;;;
09/08/2017 00:00;260955.0;;;;
11/08/2017 00:00;284001.0;;;;
13/08/2017 00:00;263310.0;;;;
15/08/2017 00:00;311002.0;;;;
17/08/2017 00:00;347319.0;;;;
19/08/2017 00:00;266832.0;;;;
21/08/2017 00:00;236772.0;;;;
23/08/2017 00:00;315734.0;;;;
25/08/2017 00:00;208169.0;;;;
27/08/2017 00:00;261891.0;;;;
29/08/2017 00:00;281116.0;;;;
31/08/2017 00:00;280724.0;;;;
02/09/2017 00:00;236811.0;;;;
04/09/2017 00:00;269280.0;;;;
06/09/2017 00:00;276225.0;;;;
08/09/2017 00:00;279488.0;;;;
10/09/2017 00:00;193240.0;;;;
12/09/2017 00:00;256230.0;;;;
14/09/2017 00:00;268068.0;;;;
16/09/2017 00:00;228257.0;;;;
18/09/2017 00:00;218204.0;;;;
20/09/2017 00:00;235723.0;;;;
22/09/2017 00:00;227615.0;;;;
24/09/2017 00:00;185277.0;;;;
26/09/2017 00:00;263648.0;;;;
28/09/2017 00:00;275976.0;;;;
30/09/2017 00:00;212678.0;;;;
02/10/2017 00:00;295002.0;;;;
04/10/2017 00:00;232826.0;;;;
06/10/2017 00:00;283699.0;;;;
08/10/2017 00:00;238385.0;;;;
10/10/2017 00:00;303101.0;;;;
12/10/2017 00:00;293164.0;;;;
14/10/2017 00:00;293140.0;;;;
16/10/2017 00:00;314725.0;;;;
18/10/2017 00:00;329579.0;;;;
20/10/2017 00:00;312409.0;;;;
22/10/2017 00:00;289131.0;;;;
24/10/2017 00:00;347220.0;;;;
26/10/2017 00:00;265827.0;;;;
28/10/2017 00:00;207066.0;;;;
30/10/2017 00:00;316077.0;;;;
01/11/2017 00:00;241788.0;;;;
03/11/2017 00:00;277598.0;;;;
05/11/2017 00:00;251728.0;;;;
