Time;Difficulty
2012-11-06 00:00:00 UTC;330435639299034,00
2012-11-07 00:00:00 UTC;330435639299034,00
2012-11-08 00:00:00 UTC;330435639299034,00
2012-11-09 00:00:00 UTC;330435639299034,00
2012-11-10 00:00:00 UTC;330435639299034,00
2012-11-11 00:00:00 UTC;330435639299034,00
2012-11-12 00:00:00 UTC;336876714053294,00
2012-11-13 00:00:00 UTC;336876714053294,00
2012-11-14 00:00:00 UTC;336876714053294,00
2012-11-15 00:00:00 UTC;336876714053294,00
2012-11-16 00:00:00 UTC;336876714053294,00
2012-11-17 00:00:00 UTC;336876714053294,00
2012-11-18 00:00:00 UTC;336876714053294,00
2012-11-19 00:00:00 UTC;336876714053294,00
2012-11-20 00:00:00 UTC;336876714053294,00
2012-11-21 00:00:00 UTC;336876714053294,00
2012-11-22 00:00:00 UTC;336876714053294,00
2012-11-23 00:00:00 UTC;336876714053294,00
2012-11-24 00:00:00 UTC;336876714053294,00
2012-11-25 00:00:00 UTC;336876714053294,00
2012-11-26 00:00:00 UTC;343890896015914,00
2012-11-27 00:00:00 UTC;343890896015914,00
2012-11-28 00:00:00 UTC;343890896015914,00
2012-11-29 00:00:00 UTC;343890896015914,00
2012-11-30 00:00:00 UTC;343890896015914,00
2012-12-01 00:00:00 UTC;343890896015914,00
2012-12-02 00:00:00 UTC;343890896015914,00
2012-12-03 00:00:00 UTC;343890896015914,00
2012-12-04 00:00:00 UTC;343890896015914,00
2012-12-05 00:00:00 UTC;343890896015914,00
2012-12-06 00:00:00 UTC;343890896015914,00
2012-12-07 00:00:00 UTC;343890896015914,00
2012-12-08 00:00:00 UTC;343890896015914,00
2012-12-09 00:00:00 UTC;343890896015914,00
2012-12-10 00:00:00 UTC;343890896015914,00
2012-12-11 00:00:00 UTC;337018179927784,00
2012-12-12 00:00:00 UTC;337018179927784,00
2012-12-13 00:00:00 UTC;337018179927784,00
2012-12-14 00:00:00 UTC;337018179927784,00
2012-12-15 00:00:00 UTC;337018179927784,00
2012-12-16 00:00:00 UTC;337018179927784,00
2012-12-17 00:00:00 UTC;337018179927784,00
2012-12-18 00:00:00 UTC;337018179927784,00
2012-12-19 00:00:00 UTC;337018179927784,00
2012-12-20 00:00:00 UTC;337018179927784,00
2012-12-21 00:00:00 UTC;337018179927784,00
2012-12-22 00:00:00 UTC;337018179927784,00
2012-12-23 00:00:00 UTC;337018179927784,00
2012-12-24 00:00:00 UTC;337018179927784,00
2012-12-25 00:00:00 UTC;337018179927784,00
2012-12-26 00:00:00 UTC;337018179927784,00
2012-12-27 00:00:00 UTC;297963661693807,00
2012-12-28 00:00:00 UTC;297963661693807,00
2012-12-29 00:00:00 UTC;297963661693807,00
2012-12-30 00:00:00 UTC;297963661693807,00
2012-12-31 00:00:00 UTC;297963661693807,00
2013-01-01 00:00:00 UTC;297963661693807,00
2013-01-02 00:00:00 UTC;297963661693807,00
2013-01-03 00:00:00 UTC;297963661693807,00
2013-01-04 00:00:00 UTC;297963661693807,00
2013-01-05 00:00:00 UTC;297963661693807,00
2013-01-06 00:00:00 UTC;297963661693807,00
2013-01-07 00:00:00 UTC;297963661693807,00
2013-01-08 00:00:00 UTC;324954958448721,00
2013-01-09 00:00:00 UTC;324954958448721,00
2013-01-10 00:00:00 UTC;324954958448721,00
2013-01-11 00:00:00 UTC;324954958448721,00
2013-01-12 00:00:00 UTC;324954958448721,00
2013-01-13 00:00:00 UTC;324954958448721,00
2013-01-14 00:00:00 UTC;324954958448721,00
2013-01-15 00:00:00 UTC;324954958448721,00
2013-01-16 00:00:00 UTC;324954958448721,00
2013-01-17 00:00:00 UTC;324954958448721,00
2013-01-18 00:00:00 UTC;324954958448721,00
2013-01-19 00:00:00 UTC;324954958448721,00
2013-01-20 00:00:00 UTC;324954958448721,00
2013-01-21 00:00:00 UTC;324954958448721,00
2013-01-22 00:00:00 UTC;324954958448721,00
2013-01-23 00:00:00 UTC;324954958448721,00
2013-01-24 00:00:00 UTC;296877533207507,00
2013-01-25 00:00:00 UTC;296877533207507,00
2013-01-26 00:00:00 UTC;296877533207507,00
2013-01-27 00:00:00 UTC;296877533207507,00
2013-01-28 00:00:00 UTC;296877533207507,00
2013-01-29 00:00:00 UTC;296877533207507,00
2013-01-30 00:00:00 UTC;296877533207507,00
2013-01-31 00:00:00 UTC;296877533207507,00
2013-02-01 00:00:00 UTC;296877533207507,00
2013-02-02 00:00:00 UTC;296877533207507,00
2013-02-03 00:00:00 UTC;296877533207507,00
2013-02-04 00:00:00 UTC;296877533207507,00
2013-02-05 00:00:00 UTC;327546458656562,00
2013-02-06 00:00:00 UTC;327546458656562,00
2013-02-07 00:00:00 UTC;327546458656562,00
2013-02-08 00:00:00 UTC;327546458656562,00
2013-02-09 00:00:00 UTC;327546458656562,00
2013-02-10 00:00:00 UTC;327546458656562,00
2013-02-11 00:00:00 UTC;327546458656562,00
2013-02-12 00:00:00 UTC;327546458656562,00
2013-02-13 00:00:00 UTC;327546458656562,00
2013-02-14 00:00:00 UTC;327546458656562,00
2013-02-15 00:00:00 UTC;327546458656562,00
2013-02-16 00:00:00 UTC;327546458656562,00
2013-02-17 00:00:00 UTC;327546458656562,00
2013-02-18 00:00:00 UTC;365101163069321,00
2013-02-19 00:00:00 UTC;365101163069321,00
2013-02-20 00:00:00 UTC;365101163069321,00
2013-02-21 00:00:00 UTC;365101163069321,00
2013-02-22 00:00:00 UTC;365101163069321,00
2013-02-23 00:00:00 UTC;365101163069321,00
2013-02-24 00:00:00 UTC;365101163069321,00
2013-02-25 00:00:00 UTC;365101163069321,00
2013-02-26 00:00:00 UTC;365101163069321,00
2013-02-27 00:00:00 UTC;365101163069321,00
2013-02-28 00:00:00 UTC;365101163069321,00
2013-03-01 00:00:00 UTC;43678760008422,00
2013-03-02 00:00:00 UTC;43678760008422,00
2013-03-03 00:00:00 UTC;43678760008422,00
2013-03-04 00:00:00 UTC;43678760008422,00
2013-03-05 00:00:00 UTC;43678760008422,00
2013-03-06 00:00:00 UTC;43678760008422,00
2013-03-07 00:00:00 UTC;43678760008422,00
2013-03-08 00:00:00 UTC;43678760008422,00
2013-03-09 00:00:00 UTC;43678760008422,00
2013-03-10 00:00:00 UTC;43678760008422,00
2013-03-11 00:00:00 UTC;43678760008422,00
2013-03-12 00:00:00 UTC;43678760008422,00
2013-03-13 00:00:00 UTC;43678760008422,00
2013-03-14 00:00:00 UTC;484764715206561,00
2013-03-15 00:00:00 UTC;484764715206561,00
2013-03-16 00:00:00 UTC;484764715206561,00
2013-03-17 00:00:00 UTC;484764715206561,00
2013-03-18 00:00:00 UTC;484764715206561,00
2013-03-19 00:00:00 UTC;484764715206561,00
2013-03-20 00:00:00 UTC;484764715206561,00
2013-03-21 00:00:00 UTC;484764715206561,00
2013-03-22 00:00:00 UTC;484764715206561,00
2013-03-23 00:00:00 UTC;484764715206561,00
2013-03-24 00:00:00 UTC;669582628259625,00
2013-03-25 00:00:00 UTC;669582628259625,00
2013-03-26 00:00:00 UTC;669582628259625,00
2013-03-27 00:00:00 UTC;669582628259625,00
2013-03-28 00:00:00 UTC;669582628259625,00
2013-03-29 00:00:00 UTC;669582628259625,00
2013-03-30 00:00:00 UTC;669582628259625,00
2013-03-31 00:00:00 UTC;669582628259625,00
2013-04-01 00:00:00 UTC;669582628259625,00
2013-04-02 00:00:00 UTC;669582628259625,00
2013-04-03 00:00:00 UTC;669582628259625,00
2013-04-04 00:00:00 UTC;669582628259625,00
2013-04-05 00:00:00 UTC;767299992016414,00
2013-04-06 00:00:00 UTC;767299992016414,00
2013-04-07 00:00:00 UTC;767299992016414,00
2013-04-08 00:00:00 UTC;767299992016414,00
2013-04-09 00:00:00 UTC;767299992016414,00
2013-04-10 00:00:00 UTC;767299992016414,00
2013-04-11 00:00:00 UTC;767299992016414,00
2013-04-12 00:00:00 UTC;767299992016414,00
2013-04-13 00:00:00 UTC;767299992016414,00
2013-04-14 00:00:00 UTC;767299992016414,00
2013-04-15 00:00:00 UTC;767299992016414,00
2013-04-16 00:00:00 UTC;767299992016414,00
2013-04-17 00:00:00 UTC;897429601488785,00
2013-04-18 00:00:00 UTC;897429601488785,00
2013-04-19 00:00:00 UTC;897429601488785,00
2013-04-20 00:00:00 UTC;897429601488785,00
2013-04-21 00:00:00 UTC;897429601488785,00
2013-04-22 00:00:00 UTC;897429601488785,00
2013-04-23 00:00:00 UTC;897429601488785,00
2013-04-24 00:00:00 UTC;897429601488785,00
2013-04-25 00:00:00 UTC;897429601488785,00
2013-04-26 00:00:00 UTC;897429601488785,00
2013-04-27 00:00:00 UTC;897429601488785,00
2013-04-28 00:00:00 UTC;897429601488785,00
2013-04-29 00:00:00 UTC;897429601488785,00
2013-04-30 00:00:00 UTC;100762928834187,00
2013-05-01 00:00:00 UTC;100762928834187,00
2013-05-02 00:00:00 UTC;100762928834187,00
2013-05-03 00:00:00 UTC;100762928834187,00
2013-05-04 00:00:00 UTC;100762928834187,00
2013-05-05 00:00:00 UTC;100762928834187,00
2013-05-06 00:00:00 UTC;100762928834187,00
2013-05-07 00:00:00 UTC;100762928834187,00
2013-05-08 00:00:00 UTC;100762928834187,00
2013-05-09 00:00:00 UTC;100762928834187,00
2013-05-10 00:00:00 UTC;100762928834187,00
2013-05-11 00:00:00 UTC;100762928834187,00
2013-05-12 00:00:00 UTC;111872574613608,00
2013-05-13 00:00:00 UTC;111872574613608,00
2013-05-14 00:00:00 UTC;111872574613608,00
2013-05-15 00:00:00 UTC;111872574613608,00
2013-05-16 00:00:00 UTC;111872574613608,00
2013-05-17 00:00:00 UTC;111872574613608,00
2013-05-18 00:00:00 UTC;111872574613608,00
2013-05-19 00:00:00 UTC;111872574613608,00
2013-05-20 00:00:00 UTC;111872574613608,00
2013-05-21 00:00:00 UTC;111872574613608,00
2013-05-22 00:00:00 UTC;111872574613608,00
2013-05-23 00:00:00 UTC;111872574613608,00
2013-05-24 00:00:00 UTC;111872574613608,00
2013-05-25 00:00:00 UTC;121534117097758,00
2013-05-26 00:00:00 UTC;121534117097758,00
2013-05-27 00:00:00 UTC;121534117097758,00
2013-05-28 00:00:00 UTC;121534117097758,00
2013-05-29 00:00:00 UTC;121534117097758,00
2013-05-30 00:00:00 UTC;121534117097758,00
2013-05-31 00:00:00 UTC;121534117097758,00
2013-06-01 00:00:00 UTC;121534117097758,00
2013-06-02 00:00:00 UTC;121534117097758,00
2013-06-03 00:00:00 UTC;121534117097758,00
2013-06-04 00:00:00 UTC;121534117097758,00
2013-06-05 00:00:00 UTC;156056326812859,00
2013-06-06 00:00:00 UTC;156056326812859,00
2013-06-07 00:00:00 UTC;156056326812859,00
2013-06-08 00:00:00 UTC;156056326812859,00
2013-06-09 00:00:00 UTC;156056326812859,00
2013-06-10 00:00:00 UTC;156056326812859,00
2013-06-11 00:00:00 UTC;156056326812859,00
2013-06-12 00:00:00 UTC;156056326812859,00
2013-06-13 00:00:00 UTC;156056326812859,00
2013-06-14 00:00:00 UTC;156056326812859,00
2013-06-15 00:00:00 UTC;156056326812859,00
2013-06-16 00:00:00 UTC;193392582723867,00
2013-06-17 00:00:00 UTC;193392582723867,00
2013-06-18 00:00:00 UTC;193392582723867,00
2013-06-19 00:00:00 UTC;193392582723867,00
2013-06-20 00:00:00 UTC;193392582723867,00
2013-06-21 00:00:00 UTC;193392582723867,00
2013-06-22 00:00:00 UTC;193392582723867,00
2013-06-23 00:00:00 UTC;193392582723867,00
2013-06-24 00:00:00 UTC;193392582723867,00
2013-06-25 00:00:00 UTC;193392582723867,00
2013-06-26 00:00:00 UTC;193392582723867,00
2013-06-27 00:00:00 UTC;193392582723867,00
2013-06-28 00:00:00 UTC;193392582723867,00
2013-06-29 00:00:00 UTC;21335329113983,00
2013-06-30 00:00:00 UTC;21335329113983,00
2013-07-01 00:00:00 UTC;21335329113983,00
2013-07-02 00:00:00 UTC;21335329113983,00
2013-07-03 00:00:00 UTC;21335329113983,00
2013-07-04 00:00:00 UTC;21335329113983,00
2013-07-05 00:00:00 UTC;21335329113983,00
2013-07-06 00:00:00 UTC;21335329113983,00
2013-07-07 00:00:00 UTC;21335329113983,00
2013-07-08 00:00:00 UTC;21335329113983,00
2013-07-09 00:00:00 UTC;21335329113983,00
2013-07-10 00:00:00 UTC;21335329113983,00
2013-07-11 00:00:00 UTC;261628756825699,00
2013-07-12 00:00:00 UTC;261628756825699,00
2013-07-13 00:00:00 UTC;261628756825699,00
2013-07-14 00:00:00 UTC;261628756825699,00
2013-07-15 00:00:00 UTC;261628756825699,00
2013-07-16 00:00:00 UTC;261628756825699,00
2013-07-17 00:00:00 UTC;261628756825699,00
2013-07-18 00:00:00 UTC;261628756825699,00
2013-07-19 00:00:00 UTC;261628756825699,00
2013-07-20 00:00:00 UTC;261628756825699,00
2013-07-21 00:00:00 UTC;261628756825699,00
2013-07-22 00:00:00 UTC;312569607277689,00
2013-07-23 00:00:00 UTC;312569607277689,00
2013-07-24 00:00:00 UTC;312569607277689,00
2013-07-25 00:00:00 UTC;312569607277689,00
2013-07-26 00:00:00 UTC;312569607277689,00
2013-07-27 00:00:00 UTC;312569607277689,00
2013-07-28 00:00:00 UTC;312569607277689,00
2013-07-29 00:00:00 UTC;312569607277689,00
2013-07-30 00:00:00 UTC;312569607277689,00
2013-07-31 00:00:00 UTC;312569607277689,00
2013-08-01 00:00:00 UTC;312569607277689,00
2013-08-02 00:00:00 UTC;312569607277689,00
2013-08-03 00:00:00 UTC;373927661364746,00
2013-08-04 00:00:00 UTC;373927661364746,00
2013-08-05 00:00:00 UTC;373927661364746,00
2013-08-06 00:00:00 UTC;373927661364746,00
2013-08-07 00:00:00 UTC;373927661364746,00
2013-08-08 00:00:00 UTC;373927661364746,00
2013-08-09 00:00:00 UTC;373927661364746,00
2013-08-10 00:00:00 UTC;373927661364746,00
2013-08-11 00:00:00 UTC;373927661364746,00
2013-08-12 00:00:00 UTC;373927661364746,00
2013-08-13 00:00:00 UTC;508103390482765,00
2013-08-14 00:00:00 UTC;508103390482765,00
2013-08-15 00:00:00 UTC;508103390482765,00
2013-08-16 00:00:00 UTC;508103390482765,00
2013-08-17 00:00:00 UTC;508103390482765,00
2013-08-18 00:00:00 UTC;508103390482765,00
2013-08-19 00:00:00 UTC;508103390482765,00
2013-08-20 00:00:00 UTC;508103390482765,00
2013-08-21 00:00:00 UTC;508103390482765,00
2013-08-22 00:00:00 UTC;508103390482765,00
2013-08-23 00:00:00 UTC;508103390482765,00
2013-08-24 00:00:00 UTC;657500601490848,00
2013-08-25 00:00:00 UTC;657500601490848,00
2013-08-26 00:00:00 UTC;657500601490848,00
2013-08-27 00:00:00 UTC;657500601490848,00
2013-08-28 00:00:00 UTC;657500601490848,00
2013-08-29 00:00:00 UTC;657500601490848,00
2013-08-30 00:00:00 UTC;657500601490848,00
2013-08-31 00:00:00 UTC;657500601490848,00
2013-09-01 00:00:00 UTC;657500601490848,00
2013-09-02 00:00:00 UTC;657500601490848,00
2013-09-03 00:00:00 UTC;657500601490848,00
2013-09-04 00:00:00 UTC;869330177711944,00
2013-09-05 00:00:00 UTC;869330177711944,00
2013-09-06 00:00:00 UTC;869330177711944,00
2013-09-07 00:00:00 UTC;869330177711944,00
2013-09-08 00:00:00 UTC;869330177711944,00
2013-09-09 00:00:00 UTC;869330177711944,00
2013-09-10 00:00:00 UTC;869330177711944,00
2013-09-11 00:00:00 UTC;869330177711944,00
2013-09-12 00:00:00 UTC;869330177711944,00
2013-09-13 00:00:00 UTC;869330177711944,00
2013-09-14 00:00:00 UTC;112628548666347,00
2013-09-15 00:00:00 UTC;112628548666347,00
2013-09-16 00:00:00 UTC;112628548666347,00
2013-09-17 00:00:00 UTC;112628548666347,00
2013-09-18 00:00:00 UTC;112628548666347,00
2013-09-19 00:00:00 UTC;112628548666347,00
2013-09-20 00:00:00 UTC;112628548666347,00
2013-09-21 00:00:00 UTC;112628548666347,00
2013-09-22 00:00:00 UTC;112628548666347,00
2013-09-23 00:00:00 UTC;112628548666347,00
2013-09-24 00:00:00 UTC;112628548666347,00
2013-09-25 00:00:00 UTC;148819199805093,00
2013-09-26 00:00:00 UTC;148819199805093,00
2013-09-27 00:00:00 UTC;148819199805093,00
2013-09-28 00:00:00 UTC;148819199805093,00
2013-09-29 00:00:00 UTC;148819199805093,00
2013-09-30 00:00:00 UTC;148819199805093,00
2013-10-01 00:00:00 UTC;148819199805093,00
2013-10-02 00:00:00 UTC;148819199805093,00
2013-10-03 00:00:00 UTC;148819199805093,00
2013-10-04 00:00:00 UTC;148819199805093,00
2013-10-05 00:00:00 UTC;148819199805093,00
2013-10-06 00:00:00 UTC;189281249281033,00
2013-10-07 00:00:00 UTC;189281249281033,00
2013-10-08 00:00:00 UTC;189281249281033,00
2013-10-09 00:00:00 UTC;189281249281033,00
2013-10-10 00:00:00 UTC;189281249281033,00
2013-10-11 00:00:00 UTC;189281249281033,00
2013-10-12 00:00:00 UTC;189281249281033,00
2013-10-13 00:00:00 UTC;189281249281033,00
2013-10-14 00:00:00 UTC;189281249281033,00
2013-10-15 00:00:00 UTC;189281249281033,00
2013-10-16 00:00:00 UTC;267731249482421,00
2013-10-17 00:00:00 UTC;267731249482421,00
2013-10-18 00:00:00 UTC;267731249482421,00
2013-10-19 00:00:00 UTC;267731249482421,00
2013-10-20 00:00:00 UTC;267731249482421,00
2013-10-21 00:00:00 UTC;267731249482421,00
2013-10-22 00:00:00 UTC;267731249482421,00
2013-10-23 00:00:00 UTC;267731249482421,00
2013-10-24 00:00:00 UTC;267731249482421,00
2013-10-25 00:00:00 UTC;267731249482421,00
2013-10-26 00:00:00 UTC;390928787638086,00
2013-10-27 00:00:00 UTC;390928787638086,00
2013-10-28 00:00:00 UTC;390928787638086,00
2013-10-29 00:00:00 UTC;390928787638086,00
2013-10-30 00:00:00 UTC;390928787638086,00
2013-10-31 00:00:00 UTC;390928787638086,00
2013-11-01 00:00:00 UTC;390928787638086,00
2013-11-02 00:00:00 UTC;390928787638086,00
2013-11-03 00:00:00 UTC;390928787638086,00
2013-11-04 00:00:00 UTC;390928787638086,00
2013-11-05 00:00:00 UTC;510929738016152,00
2013-11-06 00:00:00 UTC;510929738016152,00
2013-11-07 00:00:00 UTC;510929738016152,00
2013-11-08 00:00:00 UTC;510929738016152,00
2013-11-09 00:00:00 UTC;510929738016152,00
2013-11-10 00:00:00 UTC;510929738016152,00
2013-11-11 00:00:00 UTC;510929738016152,00
2013-11-12 00:00:00 UTC;510929738016152,00
2013-11-13 00:00:00 UTC;510929738016152,00
2013-11-14 00:00:00 UTC;510929738016152,00
2013-11-15 00:00:00 UTC;510929738016152,00
2013-11-16 00:00:00 UTC;510929738016152,00
2013-11-17 00:00:00 UTC;609482679888355,00
2013-11-18 00:00:00 UTC;609482679888355,00
2013-11-19 00:00:00 UTC;609482679888355,00
2013-11-20 00:00:00 UTC;609482679888355,00
2013-11-21 00:00:00 UTC;609482679888355,00
2013-11-22 00:00:00 UTC;609482679888355,00
2013-11-23 00:00:00 UTC;609482679888355,00
2013-11-24 00:00:00 UTC;609482679888355,00
2013-11-25 00:00:00 UTC;609482679888355,00
2013-11-26 00:00:00 UTC;609482679888355,00
2013-11-27 00:00:00 UTC;609482679888355,00
2013-11-28 00:00:00 UTC;609482679888355,00
2013-11-29 00:00:00 UTC;707408283051497,00
2013-11-30 00:00:00 UTC;707408283051497,00
2013-12-01 00:00:00 UTC;707408283051497,00
2013-12-02 00:00:00 UTC;707408283051497,00
2013-12-03 00:00:00 UTC;707408283051497,00
2013-12-04 00:00:00 UTC;707408283051497,00
2013-12-05 00:00:00 UTC;707408283051497,00
2013-12-06 00:00:00 UTC;707408283051497,00
2013-12-07 00:00:00 UTC;707408283051497,00
2013-12-08 00:00:00 UTC;707408283051497,00
2013-12-09 00:00:00 UTC;707408283051497,00
2013-12-10 00:00:00 UTC;908350862437022,00
2013-12-11 00:00:00 UTC;908350862437022,00
2013-12-12 00:00:00 UTC;908350862437022,00
2013-12-13 00:00:00 UTC;908350862437022,00
2013-12-14 00:00:00 UTC;908350862437022,00
2013-12-15 00:00:00 UTC;908350862437022,00
2013-12-16 00:00:00 UTC;908350862437022,00
2013-12-17 00:00:00 UTC;908350862437022,00
2013-12-18 00:00:00 UTC;908350862437022,00
2013-12-19 00:00:00 UTC;908350862437022,00
2013-12-20 00:00:00 UTC;908350862437022,00
2013-12-21 00:00:00 UTC;118092319525803,00
2013-12-22 00:00:00 UTC;118092319525803,00
2013-12-23 00:00:00 UTC;118092319525803,00
2013-12-24 00:00:00 UTC;118092319525803,00
2013-12-25 00:00:00 UTC;118092319525803,00
2013-12-26 00:00:00 UTC;118092319525803,00
2013-12-27 00:00:00 UTC;118092319525803,00
2013-12-28 00:00:00 UTC;118092319525803,00
2013-12-29 00:00:00 UTC;118092319525803,00
2013-12-30 00:00:00 UTC;118092319525803,00
2013-12-31 00:00:00 UTC;118092319525803,00
2014-01-01 00:00:00 UTC;118092319525803,00
2014-01-02 00:00:00 UTC;141848139526264,00
2014-01-03 00:00:00 UTC;141848139526264,00
2014-01-04 00:00:00 UTC;141848139526264,00
2014-01-05 00:00:00 UTC;141848139526264,00
2014-01-06 00:00:00 UTC;141848139526264,00
2014-01-07 00:00:00 UTC;141848139526264,00
2014-01-08 00:00:00 UTC;141848139526264,00
2014-01-09 00:00:00 UTC;141848139526264,00
2014-01-10 00:00:00 UTC;141848139526264,00
2014-01-11 00:00:00 UTC;141848139526264,00
2014-01-12 00:00:00 UTC;141848139526264,00
2014-01-13 00:00:00 UTC;178954695105324,00
2014-01-14 00:00:00 UTC;178954695105324,00
2014-01-15 00:00:00 UTC;178954695105324,00
2014-01-16 00:00:00 UTC;178954695105324,00
2014-01-17 00:00:00 UTC;178954695105324,00
2014-01-18 00:00:00 UTC;178954695105324,00
2014-01-19 00:00:00 UTC;178954695105324,00
2014-01-20 00:00:00 UTC;178954695105324,00
2014-01-21 00:00:00 UTC;178954695105324,00
2014-01-22 00:00:00 UTC;178954695105324,00
2014-01-23 00:00:00 UTC;178954695105324,00
2014-01-24 00:00:00 UTC;219384787017428,00
2014-01-25 00:00:00 UTC;219384787017428,00
2014-01-26 00:00:00 UTC;219384787017428,00
2014-01-27 00:00:00 UTC;219384787017428,00
2014-01-28 00:00:00 UTC;219384787017428,00
2014-01-29 00:00:00 UTC;219384787017428,00
2014-01-30 00:00:00 UTC;219384787017428,00
2014-01-31 00:00:00 UTC;219384787017428,00
2014-02-01 00:00:00 UTC;219384787017428,00
2014-02-02 00:00:00 UTC;219384787017428,00
2014-02-03 00:00:00 UTC;219384787017428,00
2014-02-04 00:00:00 UTC;219384787017428,00
2014-02-05 00:00:00 UTC;262140445306462,00
2014-02-06 00:00:00 UTC;262140445306462,00
2014-02-07 00:00:00 UTC;262140445306462,00
2014-02-08 00:00:00 UTC;262140445306462,00
2014-02-09 00:00:00 UTC;262140445306462,00
2014-02-10 00:00:00 UTC;262140445306462,00
2014-02-11 00:00:00 UTC;262140445306462,00
2014-02-12 00:00:00 UTC;262140445306462,00
2014-02-13 00:00:00 UTC;262140445306462,00
2014-02-14 00:00:00 UTC;262140445306462,00
2014-02-15 00:00:00 UTC;262140445306462,00
2014-02-16 00:00:00 UTC;262140445306462,00
2014-02-17 00:00:00 UTC;312957317452229,00
2014-02-18 00:00:00 UTC;312957317452229,00
2014-02-19 00:00:00 UTC;312957317452229,00
2014-02-20 00:00:00 UTC;312957317452229,00
2014-02-21 00:00:00 UTC;312957317452229,00
2014-02-22 00:00:00 UTC;312957317452229,00
2014-02-23 00:00:00 UTC;312957317452229,00
2014-02-24 00:00:00 UTC;312957317452229,00
2014-02-25 00:00:00 UTC;312957317452229,00
2014-02-26 00:00:00 UTC;312957317452229,00
2014-02-27 00:00:00 UTC;312957317452229,00
2014-02-28 00:00:00 UTC;381572379881463,00
2014-03-01 00:00:00 UTC;381572379881463,00
2014-03-02 00:00:00 UTC;381572379881463,00
2014-03-03 00:00:00 UTC;381572379881463,00
2014-03-04 00:00:00 UTC;381572379881463,00
2014-03-05 00:00:00 UTC;381572379881463,00
2014-03-06 00:00:00 UTC;381572379881463,00
2014-03-07 00:00:00 UTC;381572379881463,00
2014-03-08 00:00:00 UTC;381572379881463,00
2014-03-09 00:00:00 UTC;381572379881463,00
2014-03-10 00:00:00 UTC;381572379881463,00
2014-03-11 00:00:00 UTC;381572379881463,00
2014-03-12 00:00:00 UTC;381572379881463,00
2014-03-13 00:00:00 UTC;425021791986954,00
2014-03-14 00:00:00 UTC;425021791986954,00
2014-03-15 00:00:00 UTC;425021791986954,00
2014-03-16 00:00:00 UTC;425021791986954,00
2014-03-17 00:00:00 UTC;425021791986954,00
2014-03-18 00:00:00 UTC;425021791986954,00
2014-03-19 00:00:00 UTC;425021791986954,00
2014-03-20 00:00:00 UTC;425021791986954,00
2014-03-21 00:00:00 UTC;425021791986954,00
2014-03-22 00:00:00 UTC;425021791986954,00
2014-03-23 00:00:00 UTC;425021791986954,00
2014-03-24 00:00:00 UTC;50068605892054,00
2014-03-25 00:00:00 UTC;50068605892054,00
2014-03-26 00:00:00 UTC;50068605892054,00
2014-03-27 00:00:00 UTC;50068605892054,00
2014-03-28 00:00:00 UTC;50068605892054,00
2014-03-29 00:00:00 UTC;50068605892054,00
2014-03-30 00:00:00 UTC;50068605892054,00
2014-03-31 00:00:00 UTC;50068605892054,00
2014-04-01 00:00:00 UTC;50068605892054,00
2014-04-02 00:00:00 UTC;50068605892054,00
2014-04-03 00:00:00 UTC;50068605892054,00
2014-04-04 00:00:00 UTC;50068605892054,00
2014-04-05 00:00:00 UTC;611972608912815,00
2014-04-06 00:00:00 UTC;611972608912815,00
2014-04-07 00:00:00 UTC;611972608912815,00
2014-04-08 00:00:00 UTC;611972608912815,00
2014-04-09 00:00:00 UTC;611972608912815,00
2014-04-10 00:00:00 UTC;611972608912815,00
2014-04-11 00:00:00 UTC;611972608912815,00
2014-04-12 00:00:00 UTC;611972608912815,00
2014-04-13 00:00:00 UTC;611972608912815,00
2014-04-14 00:00:00 UTC;611972608912815,00
2014-04-15 00:00:00 UTC;611972608912815,00
2014-04-16 00:00:00 UTC;611972608912815,00
2014-04-17 00:00:00 UTC;697884264959238,00
2014-04-18 00:00:00 UTC;697884264959238,00
2014-04-19 00:00:00 UTC;697884264959238,00
2014-04-20 00:00:00 UTC;697884264959238,00
2014-04-21 00:00:00 UTC;697884264959238,00
2014-04-22 00:00:00 UTC;697884264959238,00
2014-04-23 00:00:00 UTC;697884264959238,00
2014-04-24 00:00:00 UTC;697884264959238,00
2014-04-25 00:00:00 UTC;697884264959238,00
2014-04-26 00:00:00 UTC;697884264959238,00
2014-04-27 00:00:00 UTC;697884264959238,00
2014-04-28 00:00:00 UTC;697884264959238,00
2014-04-29 00:00:00 UTC;800087213596816,00
2014-04-30 00:00:00 UTC;800087213596816,00
2014-05-01 00:00:00 UTC;800087213596816,00
2014-05-02 00:00:00 UTC;800087213596816,00
2014-05-03 00:00:00 UTC;800087213596816,00
2014-05-04 00:00:00 UTC;800087213596816,00
2014-05-05 00:00:00 UTC;800087213596816,00
2014-05-06 00:00:00 UTC;800087213596816,00
2014-05-07 00:00:00 UTC;800087213596816,00
2014-05-08 00:00:00 UTC;800087213596816,00
2014-05-09 00:00:00 UTC;800087213596816,00
2014-05-10 00:00:00 UTC;800087213596816,00
2014-05-11 00:00:00 UTC;800087213596816,00
2014-05-12 00:00:00 UTC;88534163091278,00
2014-05-13 00:00:00 UTC;88534163091278,00
2014-05-14 00:00:00 UTC;88534163091278,00
2014-05-15 00:00:00 UTC;88534163091278,00
2014-05-16 00:00:00 UTC;88534163091278,00
2014-05-17 00:00:00 UTC;88534163091278,00
2014-05-18 00:00:00 UTC;88534163091278,00
2014-05-19 00:00:00 UTC;88534163091278,00
2014-05-20 00:00:00 UTC;88534163091278,00
2014-05-21 00:00:00 UTC;88534163091278,00
2014-05-22 00:00:00 UTC;88534163091278,00
2014-05-23 00:00:00 UTC;88534163091278,00
2014-05-24 00:00:00 UTC;104557201384848,00
2014-05-25 00:00:00 UTC;104557201384848,00
2014-05-26 00:00:00 UTC;104557201384848,00
2014-05-27 00:00:00 UTC;104557201384848,00
2014-05-28 00:00:00 UTC;104557201384848,00
2014-05-29 00:00:00 UTC;104557201384848,00
2014-05-30 00:00:00 UTC;104557201384848,00
2014-05-31 00:00:00 UTC;104557201384848,00
2014-06-01 00:00:00 UTC;104557201384848,00
2014-06-02 00:00:00 UTC;104557201384848,00
2014-06-03 00:00:00 UTC;104557201384848,00
2014-06-04 00:00:00 UTC;104557201384848,00
2014-06-05 00:00:00 UTC;11756551916904,00
2014-06-06 00:00:00 UTC;11756551916904,00
2014-06-07 00:00:00 UTC;11756551916904,00
2014-06-08 00:00:00 UTC;11756551916904,00
2014-06-09 00:00:00 UTC;11756551916904,00
2014-06-10 00:00:00 UTC;11756551916904,00
2014-06-11 00:00:00 UTC;11756551916904,00
2014-06-12 00:00:00 UTC;11756551916904,00
2014-06-13 00:00:00 UTC;11756551916904,00
2014-06-14 00:00:00 UTC;11756551916904,00
2014-06-15 00:00:00 UTC;11756551916904,00
2014-06-16 00:00:00 UTC;11756551916904,00
2014-06-17 00:00:00 UTC;11756551916904,00
2014-06-18 00:00:00 UTC;134625801145253,00
2014-06-19 00:00:00 UTC;134625801145253,00
2014-06-20 00:00:00 UTC;134625801145253,00
2014-06-21 00:00:00 UTC;134625801145253,00
2014-06-22 00:00:00 UTC;134625801145253,00
2014-06-23 00:00:00 UTC;134625801145253,00
2014-06-24 00:00:00 UTC;134625801145253,00
2014-06-25 00:00:00 UTC;134625801145253,00
2014-06-26 00:00:00 UTC;134625801145253,00
2014-06-27 00:00:00 UTC;134625801145253,00
2014-06-28 00:00:00 UTC;134625801145253,00
2014-06-29 00:00:00 UTC;168184613711611,00
2014-06-30 00:00:00 UTC;168184613711611,00
2014-07-01 00:00:00 UTC;168184613711611,00
2014-07-02 00:00:00 UTC;168184613711611,00
2014-07-03 00:00:00 UTC;168184613711611,00
2014-07-04 00:00:00 UTC;168184613711611,00
2014-07-05 00:00:00 UTC;168184613711611,00
2014-07-06 00:00:00 UTC;168184613711611,00
2014-07-07 00:00:00 UTC;168184613711611,00
2014-07-08 00:00:00 UTC;168184613711611,00
2014-07-09 00:00:00 UTC;168184613711611,00
2014-07-10 00:00:00 UTC;168184613711611,00
2014-07-11 00:00:00 UTC;168184613711611,00
2014-07-12 00:00:00 UTC;173363169785078,00
2014-07-13 00:00:00 UTC;173363169785078,00
2014-07-14 00:00:00 UTC;173363169785078,00
2014-07-15 00:00:00 UTC;173363169785078,00
2014-07-16 00:00:00 UTC;173363169785078,00
2014-07-17 00:00:00 UTC;173363169785078,00
2014-07-18 00:00:00 UTC;173363169785078,00
2014-07-19 00:00:00 UTC;173363169785078,00
2014-07-20 00:00:00 UTC;173363169785078,00
2014-07-21 00:00:00 UTC;173363169785078,00
2014-07-22 00:00:00 UTC;173363169785078,00
2014-07-23 00:00:00 UTC;173363169785078,00
2014-07-24 00:00:00 UTC;173363169785078,00
2014-07-25 00:00:00 UTC;187364415583102,00
2014-07-26 00:00:00 UTC;187364415583102,00
2014-07-27 00:00:00 UTC;187364415583102,00
2014-07-28 00:00:00 UTC;187364415583102,00
2014-07-29 00:00:00 UTC;187364415583102,00
2014-07-30 00:00:00 UTC;187364415583102,00
2014-07-31 00:00:00 UTC;187364415583102,00
2014-08-01 00:00:00 UTC;187364415583102,00
2014-08-02 00:00:00 UTC;187364415583102,00
2014-08-03 00:00:00 UTC;187364415583102,00
2014-08-04 00:00:00 UTC;187364415583102,00
2014-08-05 00:00:00 UTC;187364415583102,00
2014-08-06 00:00:00 UTC;187364415583102,00
2014-08-07 00:00:00 UTC;187364415583102,00
2014-08-08 00:00:00 UTC;197296459405771,00
2014-08-09 00:00:00 UTC;197296459405771,00
2014-08-10 00:00:00 UTC;197296459405771,00
2014-08-11 00:00:00 UTC;197296459405771,00
2014-08-12 00:00:00 UTC;197296459405771,00
2014-08-13 00:00:00 UTC;197296459405771,00
2014-08-14 00:00:00 UTC;197296459405771,00
2014-08-15 00:00:00 UTC;197296459405771,00
2014-08-16 00:00:00 UTC;197296459405771,00
2014-08-17 00:00:00 UTC;197296459405771,00
2014-08-18 00:00:00 UTC;197296459405771,00
2014-08-19 00:00:00 UTC;238446700388033,00
2014-08-20 00:00:00 UTC;238446700388033,00
2014-08-21 00:00:00 UTC;238446700388033,00
2014-08-22 00:00:00 UTC;238446700388033,00
2014-08-23 00:00:00 UTC;238446700388033,00
2014-08-24 00:00:00 UTC;238446700388033,00
2014-08-25 00:00:00 UTC;238446700388033,00
2014-08-26 00:00:00 UTC;238446700388033,00
2014-08-27 00:00:00 UTC;238446700388033,00
2014-08-28 00:00:00 UTC;238446700388033,00
2014-08-29 00:00:00 UTC;238446700388033,00
2014-08-30 00:00:00 UTC;238446700388033,00
2014-08-31 00:00:00 UTC;274286309022579,00
2014-09-01 00:00:00 UTC;274286309022579,00
2014-09-02 00:00:00 UTC;274286309022579,00
2014-09-03 00:00:00 UTC;274286309022579,00
2014-09-04 00:00:00 UTC;274286309022579,00
2014-09-05 00:00:00 UTC;274286309022579,00
2014-09-06 00:00:00 UTC;274286309022579,00
2014-09-07 00:00:00 UTC;274286309022579,00
2014-09-08 00:00:00 UTC;274286309022579,00
2014-09-09 00:00:00 UTC;274286309022579,00
2014-09-10 00:00:00 UTC;274286309022579,00
2014-09-11 00:00:00 UTC;274286309022579,00
2014-09-12 00:00:00 UTC;274286309022579,00
2014-09-13 00:00:00 UTC;298297331240404,00
2014-09-14 00:00:00 UTC;298297331240404,00
2014-09-15 00:00:00 UTC;298297331240404,00
2014-09-16 00:00:00 UTC;298297331240404,00
2014-09-17 00:00:00 UTC;298297331240404,00
2014-09-18 00:00:00 UTC;298297331240404,00
2014-09-19 00:00:00 UTC;298297331240404,00
2014-09-20 00:00:00 UTC;298297331240404,00
2014-09-21 00:00:00 UTC;298297331240404,00
2014-09-22 00:00:00 UTC;298297331240404,00
2014-09-23 00:00:00 UTC;298297331240404,00
2014-09-24 00:00:00 UTC;298297331240404,00
2014-09-25 00:00:00 UTC;346614259239769,00
2014-09-26 00:00:00 UTC;346614259239769,00
2014-09-27 00:00:00 UTC;346614259239769,00
2014-09-28 00:00:00 UTC;346614259239769,00
2014-09-29 00:00:00 UTC;346614259239769,00
2014-09-30 00:00:00 UTC;346614259239769,00
2014-10-01 00:00:00 UTC;346614259239769,00
2014-10-02 00:00:00 UTC;346614259239769,00
2014-10-03 00:00:00 UTC;346614259239769,00
2014-10-04 00:00:00 UTC;346614259239769,00
2014-10-05 00:00:00 UTC;346614259239769,00
2014-10-06 00:00:00 UTC;346614259239769,00
2014-10-07 00:00:00 UTC;346614259239769,00
2014-10-08 00:00:00 UTC;346614259239769,00
2014-10-09 00:00:00 UTC;350024820261332,00
2014-10-10 00:00:00 UTC;350024820261332,00
2014-10-11 00:00:00 UTC;350024820261332,00
2014-10-12 00:00:00 UTC;350024820261332,00
2014-10-13 00:00:00 UTC;350024820261332,00
2014-10-14 00:00:00 UTC;350024820261332,00
2014-10-15 00:00:00 UTC;350024820261332,00
2014-10-16 00:00:00 UTC;350024820261332,00
2014-10-17 00:00:00 UTC;350024820261332,00
2014-10-18 00:00:00 UTC;350024820261332,00
2014-10-19 00:00:00 UTC;350024820261332,00
2014-10-20 00:00:00 UTC;350024820261332,00
2014-10-21 00:00:00 UTC;350024820261332,00
2014-10-22 00:00:00 UTC;350024820261332,00
2014-10-23 00:00:00 UTC;359856402650762,00
2014-10-24 00:00:00 UTC;359856402650762,00
2014-10-25 00:00:00 UTC;359856402650762,00
2014-10-26 00:00:00 UTC;359856402650762,00
2014-10-27 00:00:00 UTC;359856402650762,00
2014-10-28 00:00:00 UTC;359856402650762,00
2014-10-29 00:00:00 UTC;359856402650762,00
2014-10-30 00:00:00 UTC;359856402650762,00
2014-10-31 00:00:00 UTC;359856402650762,00
2014-11-01 00:00:00 UTC;359856402650762,00
2014-11-02 00:00:00 UTC;359856402650762,00
2014-11-03 00:00:00 UTC;359856402650762,00
2014-11-04 00:00:00 UTC;359856402650762,00
2014-11-05 00:00:00 UTC;396036662524184,00
2014-11-06 00:00:00 UTC;396036662524184,00
2014-11-07 00:00:00 UTC;396036662524184,00
2014-11-08 00:00:00 UTC;396036662524184,00
2014-11-09 00:00:00 UTC;396036662524184,00
2014-11-10 00:00:00 UTC;396036662524184,00
2014-11-11 00:00:00 UTC;396036662524184,00
2014-11-12 00:00:00 UTC;396036662524184,00
2014-11-13 00:00:00 UTC;396036662524184,00
2014-11-14 00:00:00 UTC;396036662524184,00
2014-11-15 00:00:00 UTC;396036662524184,00
2014-11-16 00:00:00 UTC;396036662524184,00
2014-11-17 00:00:00 UTC;396036662524184,00
2014-11-18 00:00:00 UTC;403000303278914,00
2014-11-19 00:00:00 UTC;403000303278914,00
2014-11-20 00:00:00 UTC;403000303278914,00
2014-11-21 00:00:00 UTC;403000303278914,00
2014-11-22 00:00:00 UTC;403000303278914,00
2014-11-23 00:00:00 UTC;403000303278914,00
2014-11-24 00:00:00 UTC;403000303278914,00
2014-11-25 00:00:00 UTC;403000303278914,00
2014-11-26 00:00:00 UTC;403000303278914,00
2014-11-27 00:00:00 UTC;403000303278914,00
2014-11-28 00:00:00 UTC;403000303278914,00
2014-11-29 00:00:00 UTC;403000303278914,00
2014-11-30 00:00:00 UTC;403000303278914,00
2014-12-01 00:00:00 UTC;403000303278914,00
2014-12-02 00:00:00 UTC;403000303278914,00
2014-12-03 00:00:00 UTC;400074702712713,00
2014-12-04 00:00:00 UTC;400074702712713,00
2014-12-05 00:00:00 UTC;400074702712713,00
2014-12-06 00:00:00 UTC;400074702712713,00
2014-12-07 00:00:00 UTC;400074702712713,00
2014-12-08 00:00:00 UTC;400074702712713,00
2014-12-09 00:00:00 UTC;400074702712713,00
2014-12-10 00:00:00 UTC;400074702712713,00
2014-12-11 00:00:00 UTC;400074702712713,00
2014-12-12 00:00:00 UTC;400074702712713,00
2014-12-13 00:00:00 UTC;400074702712713,00
2014-12-14 00:00:00 UTC;400074702712713,00
2014-12-15 00:00:00 UTC;400074702712713,00
2014-12-16 00:00:00 UTC;400074702712713,00
2014-12-17 00:00:00 UTC;400074702712713,00
2014-12-18 00:00:00 UTC;394576713071387,00
2014-12-19 00:00:00 UTC;394576713071387,00
2014-12-20 00:00:00 UTC;394576713071387,00
2014-12-21 00:00:00 UTC;394576713071387,00
2014-12-22 00:00:00 UTC;394576713071387,00
2014-12-23 00:00:00 UTC;394576713071387,00
2014-12-24 00:00:00 UTC;394576713071387,00
2014-12-25 00:00:00 UTC;394576713071387,00
2014-12-26 00:00:00 UTC;394576713071387,00
2014-12-27 00:00:00 UTC;394576713071387,00
2014-12-28 00:00:00 UTC;394576713071387,00
2014-12-29 00:00:00 UTC;394576713071387,00
2014-12-30 00:00:00 UTC;406409550165765,00
2014-12-31 00:00:00 UTC;406409550165765,00
2015-01-01 00:00:00 UTC;406409550165765,00
2015-01-02 00:00:00 UTC;406409550165765,00
2015-01-03 00:00:00 UTC;406409550165765,00
2015-01-04 00:00:00 UTC;406409550165765,00
2015-01-05 00:00:00 UTC;406409550165765,00
2015-01-06 00:00:00 UTC;406409550165765,00
2015-01-07 00:00:00 UTC;406409550165765,00
2015-01-08 00:00:00 UTC;406409550165765,00
2015-01-09 00:00:00 UTC;406409550165765,00
2015-01-10 00:00:00 UTC;406409550165765,00
2015-01-11 00:00:00 UTC;406409550165765,00
2015-01-12 00:00:00 UTC;439716620560896,00
2015-01-13 00:00:00 UTC;439716620560896,00
2015-01-14 00:00:00 UTC;439716620560896,00
2015-01-15 00:00:00 UTC;439716620560896,00
2015-01-16 00:00:00 UTC;439716620560896,00
2015-01-17 00:00:00 UTC;439716620560896,00
2015-01-18 00:00:00 UTC;439716620560896,00
2015-01-19 00:00:00 UTC;439716620560896,00
2015-01-20 00:00:00 UTC;439716620560896,00
2015-01-21 00:00:00 UTC;439716620560896,00
2015-01-22 00:00:00 UTC;439716620560896,00
2015-01-23 00:00:00 UTC;439716620560896,00
2015-01-24 00:00:00 UTC;439716620560896,00
2015-01-25 00:00:00 UTC;439716620560896,00
2015-01-26 00:00:00 UTC;439716620560896,00
2015-01-27 00:00:00 UTC;439716620560896,00
2015-01-28 00:00:00 UTC;41272873894697,00
2015-01-29 00:00:00 UTC;41272873894697,00
2015-01-30 00:00:00 UTC;41272873894697,00
2015-01-31 00:00:00 UTC;41272873894697,00
2015-02-01 00:00:00 UTC;41272873894697,00
2015-02-02 00:00:00 UTC;41272873894697,00
2015-02-03 00:00:00 UTC;41272873894697,00
2015-02-04 00:00:00 UTC;41272873894697,00
2015-02-05 00:00:00 UTC;41272873894697,00
2015-02-06 00:00:00 UTC;41272873894697,00
2015-02-07 00:00:00 UTC;41272873894697,00
2015-02-08 00:00:00 UTC;41272873894697,00
2015-02-09 00:00:00 UTC;444554159623438,00
2015-02-10 00:00:00 UTC;444554159623438,00
2015-02-11 00:00:00 UTC;444554159623438,00
2015-02-12 00:00:00 UTC;444554159623438,00
2015-02-13 00:00:00 UTC;444554159623438,00
2015-02-14 00:00:00 UTC;444554159623438,00
2015-02-15 00:00:00 UTC;444554159623438,00
2015-02-16 00:00:00 UTC;444554159623438,00
2015-02-17 00:00:00 UTC;444554159623438,00
2015-02-18 00:00:00 UTC;444554159623438,00
2015-02-19 00:00:00 UTC;444554159623438,00
2015-02-20 00:00:00 UTC;444554159623438,00
2015-02-21 00:00:00 UTC;444554159623438,00
2015-02-22 00:00:00 UTC;466843763168603,00
2015-02-23 00:00:00 UTC;466843763168603,00
2015-02-24 00:00:00 UTC;466843763168603,00
2015-02-25 00:00:00 UTC;466843763168603,00
2015-02-26 00:00:00 UTC;466843763168603,00
2015-02-27 00:00:00 UTC;466843763168603,00
2015-02-28 00:00:00 UTC;466843763168603,00
2015-03-01 00:00:00 UTC;466843763168603,00
2015-03-02 00:00:00 UTC;466843763168603,00
2015-03-03 00:00:00 UTC;466843763168603,00
2015-03-04 00:00:00 UTC;466843763168603,00
2015-03-05 00:00:00 UTC;466843763168603,00
2015-03-06 00:00:00 UTC;466843763168603,00
2015-03-07 00:00:00 UTC;466843763168603,00
2015-03-08 00:00:00 UTC;474275549506483,00
2015-03-09 00:00:00 UTC;474275549506483,00
2015-03-10 00:00:00 UTC;474275549506483,00
2015-03-11 00:00:00 UTC;474275549506483,00
2015-03-12 00:00:00 UTC;474275549506483,00
2015-03-13 00:00:00 UTC;474275549506483,00
2015-03-14 00:00:00 UTC;474275549506483,00
2015-03-15 00:00:00 UTC;474275549506483,00
2015-03-16 00:00:00 UTC;474275549506483,00
2015-03-17 00:00:00 UTC;474275549506483,00
2015-03-18 00:00:00 UTC;474275549506483,00
2015-03-19 00:00:00 UTC;474275549506483,00
2015-03-20 00:00:00 UTC;474275549506483,00
2015-03-21 00:00:00 UTC;474275549506483,00
2015-03-22 00:00:00 UTC;474275549506483,00
2015-03-23 00:00:00 UTC;467175496447064,00
2015-03-24 00:00:00 UTC;467175496447064,00
2015-03-25 00:00:00 UTC;467175496447064,00
2015-03-26 00:00:00 UTC;467175496447064,00
2015-03-27 00:00:00 UTC;467175496447064,00
2015-03-28 00:00:00 UTC;467175496447064,00
2015-03-29 00:00:00 UTC;467175496447064,00
2015-03-30 00:00:00 UTC;467175496447064,00
2015-03-31 00:00:00 UTC;467175496447064,00
2015-04-01 00:00:00 UTC;467175496447064,00
2015-04-02 00:00:00 UTC;467175496447064,00
2015-04-03 00:00:00 UTC;467175496447064,00
2015-04-04 00:00:00 UTC;467175496447064,00
2015-04-05 00:00:00 UTC;494463906882414,00
2015-04-06 00:00:00 UTC;494463906882414,00
2015-04-07 00:00:00 UTC;494463906882414,00
2015-04-08 00:00:00 UTC;494463906882414,00
2015-04-09 00:00:00 UTC;494463906882414,00
2015-04-10 00:00:00 UTC;494463906882414,00
2015-04-11 00:00:00 UTC;494463906882414,00
2015-04-12 00:00:00 UTC;494463906882414,00
2015-04-13 00:00:00 UTC;494463906882414,00
2015-04-14 00:00:00 UTC;494463906882414,00
2015-04-15 00:00:00 UTC;494463906882414,00
2015-04-16 00:00:00 UTC;494463906882414,00
2015-04-17 00:00:00 UTC;494463906882414,00
2015-04-18 00:00:00 UTC;494463906882414,00
2015-04-19 00:00:00 UTC;494463906882414,00
2015-04-20 00:00:00 UTC;476105645134713,00
2015-04-21 00:00:00 UTC;476105645134713,00
2015-04-22 00:00:00 UTC;476105645134713,00
2015-04-23 00:00:00 UTC;476105645134713,00
2015-04-24 00:00:00 UTC;476105645134713,00
2015-04-25 00:00:00 UTC;476105645134713,00
2015-04-26 00:00:00 UTC;476105645134713,00
2015-04-27 00:00:00 UTC;476105645134713,00
2015-04-28 00:00:00 UTC;476105645134713,00
2015-04-29 00:00:00 UTC;476105645134713,00
2015-04-30 00:00:00 UTC;476105645134713,00
2015-05-01 00:00:00 UTC;476105645134713,00
2015-05-02 00:00:00 UTC;476105645134713,00
2015-05-03 00:00:00 UTC;476433980178034,00
2015-05-04 00:00:00 UTC;476433980178034,00
2015-05-05 00:00:00 UTC;476433980178034,00
2015-05-06 00:00:00 UTC;476433980178034,00
2015-05-07 00:00:00 UTC;476433980178034,00
2015-05-08 00:00:00 UTC;476433980178034,00
2015-05-09 00:00:00 UTC;476433980178034,00
2015-05-10 00:00:00 UTC;476433980178034,00
2015-05-11 00:00:00 UTC;476433980178034,00
2015-05-12 00:00:00 UTC;476433980178034,00
2015-05-13 00:00:00 UTC;476433980178034,00
2015-05-14 00:00:00 UTC;476433980178034,00
2015-05-15 00:00:00 UTC;476433980178034,00
2015-05-16 00:00:00 UTC;476433980178034,00
2015-05-17 00:00:00 UTC;488074872446814,00
2015-05-18 00:00:00 UTC;488074872446814,00
2015-05-19 00:00:00 UTC;488074872446814,00
2015-05-20 00:00:00 UTC;488074872446814,00
2015-05-21 00:00:00 UTC;488074872446814,00
2015-05-22 00:00:00 UTC;488074872446814,00
2015-05-23 00:00:00 UTC;488074872446814,00
2015-05-24 00:00:00 UTC;488074872446814,00
2015-05-25 00:00:00 UTC;488074872446814,00
2015-05-26 00:00:00 UTC;488074872446814,00
2015-05-27 00:00:00 UTC;488074872446814,00
2015-05-28 00:00:00 UTC;488074872446814,00
2015-05-29 00:00:00 UTC;488074872446814,00
2015-05-30 00:00:00 UTC;488074872446814,00
2015-05-31 00:00:00 UTC;488074872446814,00
2015-06-01 00:00:00 UTC;47589591153625,00
2015-06-02 00:00:00 UTC;47589591153625,00
2015-06-03 00:00:00 UTC;47589591153625,00
2015-06-04 00:00:00 UTC;47589591153625,00
2015-06-05 00:00:00 UTC;47589591153625,00
2015-06-06 00:00:00 UTC;47589591153625,00
2015-06-07 00:00:00 UTC;47589591153625,00
2015-06-08 00:00:00 UTC;47589591153625,00
2015-06-09 00:00:00 UTC;47589591153625,00
2015-06-10 00:00:00 UTC;47589591153625,00
2015-06-11 00:00:00 UTC;47589591153625,00
2015-06-12 00:00:00 UTC;47589591153625,00
2015-06-13 00:00:00 UTC;47589591153625,00
2015-06-14 00:00:00 UTC;496923863548938,00
2015-06-15 00:00:00 UTC;496923863548938,00
2015-06-16 00:00:00 UTC;496923863548938,00
2015-06-17 00:00:00 UTC;496923863548938,00
2015-06-18 00:00:00 UTC;496923863548938,00
2015-06-19 00:00:00 UTC;496923863548938,00
2015-06-20 00:00:00 UTC;496923863548938,00
2015-06-21 00:00:00 UTC;496923863548938,00
2015-06-22 00:00:00 UTC;496923863548938,00
2015-06-23 00:00:00 UTC;496923863548938,00
2015-06-24 00:00:00 UTC;496923863548938,00
2015-06-25 00:00:00 UTC;496923863548938,00
2015-06-26 00:00:00 UTC;496923863548938,00
2015-06-27 00:00:00 UTC;496923863548938,00
2015-06-28 00:00:00 UTC;496923863548938,00
2015-06-29 00:00:00 UTC;494020149312275,00
2015-06-30 00:00:00 UTC;494020149312275,00
2015-07-01 00:00:00 UTC;494020149312275,00
2015-07-02 00:00:00 UTC;494020149312275,00
2015-07-03 00:00:00 UTC;494020149312275,00
2015-07-04 00:00:00 UTC;494020149312275,00
2015-07-05 00:00:00 UTC;494020149312275,00
2015-07-06 00:00:00 UTC;494020149312275,00
2015-07-07 00:00:00 UTC;494020149312275,00
2015-07-08 00:00:00 UTC;494020149312275,00
2015-07-09 00:00:00 UTC;494020149312275,00
2015-07-10 00:00:00 UTC;494020149312275,00
2015-07-11 00:00:00 UTC;510763663034819,00
2015-07-12 00:00:00 UTC;510763663034819,00
2015-07-13 00:00:00 UTC;510763663034819,00
2015-07-14 00:00:00 UTC;510763663034819,00
2015-07-15 00:00:00 UTC;510763663034819,00
2015-07-16 00:00:00 UTC;510763663034819,00
2015-07-17 00:00:00 UTC;510763663034819,00
2015-07-18 00:00:00 UTC;510763663034819,00
2015-07-19 00:00:00 UTC;510763663034819,00
2015-07-20 00:00:00 UTC;510763663034819,00
2015-07-21 00:00:00 UTC;510763663034819,00
2015-07-22 00:00:00 UTC;510763663034819,00
2015-07-23 00:00:00 UTC;510763663034819,00
2015-07-24 00:00:00 UTC;510763663034819,00
2015-07-25 00:00:00 UTC;522783048455917,00
2015-07-26 00:00:00 UTC;522783048455917,00
2015-07-27 00:00:00 UTC;522783048455917,00
2015-07-28 00:00:00 UTC;522783048455917,00
2015-07-29 00:00:00 UTC;522783048455917,00
2015-07-30 00:00:00 UTC;522783048455917,00
2015-07-31 00:00:00 UTC;522783048455917,00
2015-08-01 00:00:00 UTC;522783048455917,00
2015-08-02 00:00:00 UTC;522783048455917,00
2015-08-03 00:00:00 UTC;522783048455917,00
2015-08-04 00:00:00 UTC;522783048455917,00
2015-08-05 00:00:00 UTC;522783048455917,00
2015-08-06 00:00:00 UTC;522783048455917,00
2015-08-07 00:00:00 UTC;522783048455917,00
2015-08-08 00:00:00 UTC;52699842409347,00
2015-08-09 00:00:00 UTC;52699842409347,00
2015-08-10 00:00:00 UTC;52699842409347,00
2015-08-11 00:00:00 UTC;52699842409347,00
2015-08-12 00:00:00 UTC;52699842409347,00
2015-08-13 00:00:00 UTC;52699842409347,00
2015-08-14 00:00:00 UTC;52699842409347,00
2015-08-15 00:00:00 UTC;52699842409347,00
2015-08-16 00:00:00 UTC;52699842409347,00
2015-08-17 00:00:00 UTC;52699842409347,00
2015-08-18 00:00:00 UTC;52699842409347,00
2015-08-19 00:00:00 UTC;52699842409347,00
2015-08-20 00:00:00 UTC;52699842409347,00
2015-08-21 00:00:00 UTC;52699842409347,00
2015-08-22 00:00:00 UTC;54256630327.89
2015-08-23 00:00:00 UTC;54256630327.89
2015-08-24 00:00:00 UTC;54256630327.89
2015-08-25 00:00:00 UTC;54256630327.89
2015-08-26 00:00:00 UTC;54256630327.89
2015-08-27 00:00:00 UTC;54256630327.89
2015-08-28 00:00:00 UTC;54256630327.89
2015-08-29 00:00:00 UTC;54256630327.89
2015-08-30 00:00:00 UTC;54256630327.89
2015-08-31 00:00:00 UTC;54256630327.89
2015-09-01 00:00:00 UTC;54256630327.89
2015-09-02 00:00:00 UTC;54256630327.89
2015-09-03 00:00:00 UTC;54256630327.89
2015-09-04 00:00:00 UTC;56957648455.01
2015-09-05 00:00:00 UTC;56957648455.01
2015-09-06 00:00:00 UTC;56957648455.01
2015-09-07 00:00:00 UTC;56957648455.01
2015-09-08 00:00:00 UTC;56957648455.01
2015-09-09 00:00:00 UTC;56957648455.01
2015-09-10 00:00:00 UTC;56957648455.01
2015-09-11 00:00:00 UTC;56957648455.01
2015-09-12 00:00:00 UTC;56957648455.01
2015-09-13 00:00:00 UTC;56957648455.01
2015-09-14 00:00:00 UTC;56957648455.01
2015-09-15 00:00:00 UTC;56957648455.01
2015-09-16 00:00:00 UTC;56957648455.01
2015-09-17 00:00:00 UTC;593353512338666,00
2015-09-18 00:00:00 UTC;593353512338666,00
2015-09-19 00:00:00 UTC;593353512338666,00
2015-09-20 00:00:00 UTC;593353512338666,00
2015-09-21 00:00:00 UTC;593353512338666,00
2015-09-22 00:00:00 UTC;593353512338666,00
2015-09-23 00:00:00 UTC;593353512338666,00
2015-09-24 00:00:00 UTC;593353512338666,00
2015-09-25 00:00:00 UTC;593353512338666,00
2015-09-26 00:00:00 UTC;593353512338666,00
2015-09-27 00:00:00 UTC;593353512338666,00
2015-09-28 00:00:00 UTC;593353512338666,00
2015-09-29 00:00:00 UTC;593353512338666,00
2015-09-30 00:00:00 UTC;593353512338666,00
2015-10-01 00:00:00 UTC;608132240394403,00
2015-10-02 00:00:00 UTC;608132240394403,00
2015-10-03 00:00:00 UTC;608132240394403,00
2015-10-04 00:00:00 UTC;608132240394403,00
2015-10-05 00:00:00 UTC;608132240394403,00
2015-10-06 00:00:00 UTC;608132240394403,00
2015-10-07 00:00:00 UTC;608132240394403,00
2015-10-08 00:00:00 UTC;608132240394403,00
2015-10-09 00:00:00 UTC;608132240394403,00
2015-10-10 00:00:00 UTC;608132240394403,00
2015-10-11 00:00:00 UTC;608132240394403,00
2015-10-12 00:00:00 UTC;608132240394403,00
2015-10-13 00:00:00 UTC;608132240394403,00
2015-10-14 00:00:00 UTC;608132240394403,00
2015-10-15 00:00:00 UTC;608838254800983,00
2015-10-16 00:00:00 UTC;608838254800983,00
2015-10-17 00:00:00 UTC;608838254800983,00
2015-10-18 00:00:00 UTC;608838254800983,00
2015-10-19 00:00:00 UTC;608838254800983,00
2015-10-20 00:00:00 UTC;608838254800983,00
2015-10-21 00:00:00 UTC;608838254800983,00
2015-10-22 00:00:00 UTC;608838254800983,00
2015-10-23 00:00:00 UTC;608838254800983,00
2015-10-24 00:00:00 UTC;608838254800983,00
2015-10-25 00:00:00 UTC;608838254800983,00
2015-10-26 00:00:00 UTC;608838254800983,00
2015-10-27 00:00:00 UTC;608838254800983,00
2015-10-28 00:00:00 UTC;608838254800983,00
2015-10-29 00:00:00 UTC;622539824497608,00
2015-10-30 00:00:00 UTC;622539824497608,00
2015-10-31 00:00:00 UTC;622539824497608,00
2015-11-01 00:00:00 UTC;622539824497608,00
2015-11-02 00:00:00 UTC;622539824497608,00
2015-11-03 00:00:00 UTC;622539824497608,00
2015-11-04 00:00:00 UTC;622539824497608,00
2015-11-05 00:00:00 UTC;622539824497608,00
2015-11-06 00:00:00 UTC;622539824497608,00
2015-11-07 00:00:00 UTC;622539824497608,00
2015-11-08 00:00:00 UTC;622539824497608,00
2015-11-09 00:00:00 UTC;622539824497608,00
2015-11-10 00:00:00 UTC;622539824497608,00
2015-11-11 00:00:00 UTC;658482551797026,00
2015-11-12 00:00:00 UTC;658482551797026,00
2015-11-13 00:00:00 UTC;658482551797026,00
2015-11-14 00:00:00 UTC;658482551797026,00
2015-11-15 00:00:00 UTC;658482551797026,00
2015-11-16 00:00:00 UTC;658482551797026,00
2015-11-17 00:00:00 UTC;658482551797026,00
2015-11-18 00:00:00 UTC;658482551797026,00
2015-11-19 00:00:00 UTC;658482551797026,00
2015-11-20 00:00:00 UTC;658482551797026,00
2015-11-21 00:00:00 UTC;658482551797026,00
2015-11-22 00:00:00 UTC;658482551797026,00
2015-11-23 00:00:00 UTC;658482551797026,00
2015-11-24 00:00:00 UTC;727227806425472,00
2015-11-25 00:00:00 UTC;727227806425472,00
2015-11-26 00:00:00 UTC;727227806425472,00
2015-11-27 00:00:00 UTC;727227806425472,00
2015-11-28 00:00:00 UTC;727227806425472,00
2015-11-29 00:00:00 UTC;727227806425472,00
2015-11-30 00:00:00 UTC;727227806425472,00
2015-12-01 00:00:00 UTC;727227806425472,00
2015-12-02 00:00:00 UTC;727227806425472,00
2015-12-03 00:00:00 UTC;727227806425472,00
2015-12-04 00:00:00 UTC;727227806425472,00
2015-12-05 00:00:00 UTC;727227806425472,00
2015-12-06 00:00:00 UTC;79102380900226,00
2015-12-07 00:00:00 UTC;79102380900226,00
2015-12-08 00:00:00 UTC;79102380900226,00
2015-12-09 00:00:00 UTC;79102380900226,00
2015-12-10 00:00:00 UTC;79102380900226,00
2015-12-11 00:00:00 UTC;79102380900226,00
2015-12-12 00:00:00 UTC;79102380900226,00
2015-12-13 00:00:00 UTC;79102380900226,00
2015-12-14 00:00:00 UTC;79102380900226,00
2015-12-15 00:00:00 UTC;79102380900226,00
2015-12-16 00:00:00 UTC;79102380900226,00
2015-12-17 00:00:00 UTC;79102380900226,00
2015-12-18 00:00:00 UTC;934486707963238,00
2015-12-19 00:00:00 UTC;934486707963238,00
2015-12-20 00:00:00 UTC;934486707963238,00
2015-12-21 00:00:00 UTC;934486707963238,00
2015-12-22 00:00:00 UTC;934486707963238,00
2015-12-23 00:00:00 UTC;934486707963238,00
2015-12-24 00:00:00 UTC;934486707963238,00
2015-12-25 00:00:00 UTC;934486707963238,00
2015-12-26 00:00:00 UTC;934486707963238,00
2015-12-27 00:00:00 UTC;934486707963238,00
2015-12-28 00:00:00 UTC;934486707963238,00
2015-12-29 00:00:00 UTC;934486707963238,00
2015-12-30 00:00:00 UTC;934486707963238,00
2015-12-31 00:00:00 UTC;103880340815456,00
2016-01-01 00:00:00 UTC;103880340815456,00
2016-01-02 00:00:00 UTC;103880340815456,00
2016-01-03 00:00:00 UTC;103880340815456,00
2016-01-04 00:00:00 UTC;103880340815456,00
2016-01-05 00:00:00 UTC;103880340815456,00
2016-01-06 00:00:00 UTC;103880340815456,00
2016-01-07 00:00:00 UTC;103880340815456,00
2016-01-08 00:00:00 UTC;103880340815456,00
2016-01-09 00:00:00 UTC;103880340815456,00
2016-01-10 00:00:00 UTC;103880340815456,00
2016-01-11 00:00:00 UTC;103880340815456,00
2016-01-12 00:00:00 UTC;103880340815456,00
2016-01-13 00:00:00 UTC;113354299801471,00
2016-01-14 00:00:00 UTC;113354299801471,00
2016-01-15 00:00:00 UTC;113354299801471,00
2016-01-16 00:00:00 UTC;113354299801471,00
2016-01-17 00:00:00 UTC;113354299801471,00
2016-01-18 00:00:00 UTC;113354299801471,00
2016-01-19 00:00:00 UTC;113354299801471,00
2016-01-20 00:00:00 UTC;113354299801471,00
2016-01-21 00:00:00 UTC;113354299801471,00
2016-01-22 00:00:00 UTC;113354299801471,00
2016-01-23 00:00:00 UTC;113354299801471,00
2016-01-24 00:00:00 UTC;113354299801471,00
2016-01-25 00:00:00 UTC;113354299801471,00
2016-01-26 00:00:00 UTC;120033340651237,00
2016-01-27 00:00:00 UTC;120033340651237,00
2016-01-28 00:00:00 UTC;120033340651237,00
2016-01-29 00:00:00 UTC;120033340651237,00
2016-01-30 00:00:00 UTC;120033340651237,00
2016-01-31 00:00:00 UTC;120033340651237,00
2016-02-01 00:00:00 UTC;120033340651237,00
2016-02-02 00:00:00 UTC;120033340651237,00
2016-02-03 00:00:00 UTC;120033340651237,00
2016-02-04 00:00:00 UTC;120033340651237,00
2016-02-05 00:00:00 UTC;120033340651237,00
2016-02-06 00:00:00 UTC;120033340651237,00
2016-02-07 00:00:00 UTC;144116447847349,00
2016-02-08 00:00:00 UTC;144116447847349,00
2016-02-09 00:00:00 UTC;144116447847349,00
2016-02-10 00:00:00 UTC;144116447847349,00
2016-02-11 00:00:00 UTC;144116447847349,00
2016-02-12 00:00:00 UTC;144116447847349,00
2016-02-13 00:00:00 UTC;144116447847349,00
2016-02-14 00:00:00 UTC;144116447847349,00
2016-02-15 00:00:00 UTC;144116447847349,00
2016-02-16 00:00:00 UTC;144116447847349,00
2016-02-17 00:00:00 UTC;144116447847349,00
2016-02-18 00:00:00 UTC;144116447847349,00
2016-02-19 00:00:00 UTC;163491654908959,00
2016-02-20 00:00:00 UTC;163491654908959,00
2016-02-21 00:00:00 UTC;163491654908959,00
2016-02-22 00:00:00 UTC;163491654908959,00
2016-02-23 00:00:00 UTC;163491654908959,00
2016-02-24 00:00:00 UTC;163491654908959,00
2016-02-25 00:00:00 UTC;163491654908959,00
2016-02-26 00:00:00 UTC;163491654908959,00
2016-02-27 00:00:00 UTC;163491654908959,00
2016-02-28 00:00:00 UTC;163491654908959,00
2016-02-29 00:00:00 UTC;163491654908959,00
2016-03-01 00:00:00 UTC;163491654908959,00
2016-03-02 00:00:00 UTC;163491654908959,00
2016-03-03 00:00:00 UTC;163491654908959,00
2016-03-04 00:00:00 UTC;163491654908959,00
2016-03-05 00:00:00 UTC;158427203767392,00
2016-03-06 00:00:00 UTC;158427203767392,00
2016-03-07 00:00:00 UTC;158427203767392,00
2016-03-08 00:00:00 UTC;158427203767392,00
2016-03-09 00:00:00 UTC;158427203767392,00
2016-03-10 00:00:00 UTC;158427203767392,00
2016-03-11 00:00:00 UTC;158427203767392,00
2016-03-12 00:00:00 UTC;158427203767392,00
2016-03-13 00:00:00 UTC;158427203767392,00
2016-03-14 00:00:00 UTC;158427203767392,00
2016-03-15 00:00:00 UTC;158427203767392,00
2016-03-16 00:00:00 UTC;158427203767392,00
2016-03-17 00:00:00 UTC;158427203767392,00
2016-03-18 00:00:00 UTC;165496835118226,00
2016-03-19 00:00:00 UTC;165496835118226,00
2016-03-20 00:00:00 UTC;165496835118226,00
2016-03-21 00:00:00 UTC;165496835118226,00
2016-03-22 00:00:00 UTC;165496835118226,00
2016-03-23 00:00:00 UTC;165496835118226,00
2016-03-24 00:00:00 UTC;165496835118226,00
2016-03-25 00:00:00 UTC;165496835118226,00
2016-03-26 00:00:00 UTC;165496835118226,00
2016-03-27 00:00:00 UTC;165496835118226,00
2016-03-28 00:00:00 UTC;165496835118226,00
2016-03-29 00:00:00 UTC;165496835118226,00
2016-03-30 00:00:00 UTC;165496835118226,00
2016-03-31 00:00:00 UTC;165496835118226,00
2016-04-01 00:00:00 UTC;166851513282777,00
2016-04-02 00:00:00 UTC;166851513282777,00
2016-04-03 00:00:00 UTC;166851513282777,00
2016-04-04 00:00:00 UTC;166851513282777,00
2016-04-05 00:00:00 UTC;166851513282777,00
2016-04-06 00:00:00 UTC;166851513282777,00
2016-04-07 00:00:00 UTC;166851513282777,00
2016-04-08 00:00:00 UTC;166851513282777,00
2016-04-09 00:00:00 UTC;166851513282777,00
2016-04-10 00:00:00 UTC;166851513282777,00
2016-04-11 00:00:00 UTC;166851513282777,00
2016-04-12 00:00:00 UTC;166851513282777,00
2016-04-13 00:00:00 UTC;166851513282777,00
2016-04-14 00:00:00 UTC;178678307671688,00
2016-04-15 00:00:00 UTC;178678307671688,00
2016-04-16 00:00:00 UTC;178678307671688,00
2016-04-17 00:00:00 UTC;178678307671688,00
2016-04-18 00:00:00 UTC;178678307671688,00
2016-04-19 00:00:00 UTC;178678307671688,00
2016-04-20 00:00:00 UTC;178678307671688,00
2016-04-21 00:00:00 UTC;178678307671688,00
2016-04-22 00:00:00 UTC;178678307671688,00
2016-04-23 00:00:00 UTC;178678307671688,00
2016-04-24 00:00:00 UTC;178678307671688,00
2016-04-25 00:00:00 UTC;178678307671688,00
2016-04-26 00:00:00 UTC;178678307671688,00
2016-04-27 00:00:00 UTC;178678307671688,00
2016-04-28 00:00:00 UTC;178678307671688,00
2016-04-29 00:00:00 UTC;178659257772527,00
2016-04-30 00:00:00 UTC;178659257772527,00
2016-05-01 00:00:00 UTC;178659257772527,00
2016-05-02 00:00:00 UTC;178659257772527,00
2016-05-03 00:00:00 UTC;178659257772527,00
2016-05-04 00:00:00 UTC;178659257772527,00
2016-05-05 00:00:00 UTC;178659257772527,00
2016-05-06 00:00:00 UTC;178659257772527,00
2016-05-07 00:00:00 UTC;178659257772527,00
2016-05-08 00:00:00 UTC;178659257772527,00
2016-05-09 00:00:00 UTC;178659257772527,00
2016-05-10 00:00:00 UTC;178659257772527,00
2016-05-11 00:00:00 UTC;194254820283444,00
2016-05-12 00:00:00 UTC;194254820283444,00
2016-05-13 00:00:00 UTC;194254820283444,00
2016-05-14 00:00:00 UTC;194254820283444,00
2016-05-15 00:00:00 UTC;194254820283444,00
2016-05-16 00:00:00 UTC;194254820283444,00
2016-05-17 00:00:00 UTC;194254820283444,00
2016-05-18 00:00:00 UTC;194254820283444,00
2016-05-19 00:00:00 UTC;194254820283444,00
2016-05-20 00:00:00 UTC;194254820283444,00
2016-05-21 00:00:00 UTC;194254820283444,00
2016-05-22 00:00:00 UTC;194254820283444,00
2016-05-23 00:00:00 UTC;194254820283444,00
2016-05-24 00:00:00 UTC;199312067531243,00
2016-05-25 00:00:00 UTC;199312067531243,00
2016-05-26 00:00:00 UTC;199312067531243,00
2016-05-27 00:00:00 UTC;199312067531243,00
2016-05-28 00:00:00 UTC;199312067531243,00
2016-05-29 00:00:00 UTC;199312067531243,00
2016-05-30 00:00:00 UTC;199312067531243,00
2016-05-31 00:00:00 UTC;199312067531243,00
2016-06-01 00:00:00 UTC;199312067531243,00
2016-06-02 00:00:00 UTC;199312067531243,00
2016-06-03 00:00:00 UTC;199312067531243,00
2016-06-04 00:00:00 UTC;199312067531243,00
2016-06-05 00:00:00 UTC;199312067531243,00
2016-06-06 00:00:00 UTC;199312067531243,00
2016-06-07 00:00:00 UTC;199312067531243,00
2016-06-08 00:00:00 UTC;199312067531243,00
2016-06-09 00:00:00 UTC;196061423939.65
2016-06-10 00:00:00 UTC;196061423939.65
2016-06-11 00:00:00 UTC;196061423939.65
2016-06-12 00:00:00 UTC;196061423939.65
2016-06-13 00:00:00 UTC;196061423939.65
2016-06-14 00:00:00 UTC;196061423939.65
2016-06-15 00:00:00 UTC;196061423939.65
2016-06-16 00:00:00 UTC;196061423939.65
2016-06-17 00:00:00 UTC;196061423939.65
2016-06-18 00:00:00 UTC;196061423939.65
2016-06-19 00:00:00 UTC;196061423939.65
2016-06-20 00:00:00 UTC;196061423939.65
2016-06-21 00:00:00 UTC;209453158595381,00
2016-06-22 00:00:00 UTC;209453158595381,00
2016-06-23 00:00:00 UTC;209453158595381,00
2016-06-24 00:00:00 UTC;209453158595381,00
2016-06-25 00:00:00 UTC;209453158595381,00
2016-06-26 00:00:00 UTC;209453158595381,00
2016-06-27 00:00:00 UTC;209453158595381,00
2016-06-28 00:00:00 UTC;209453158595381,00
2016-06-29 00:00:00 UTC;209453158595381,00
2016-06-30 00:00:00 UTC;209453158595381,00
2016-07-01 00:00:00 UTC;209453158595381,00
2016-07-02 00:00:00 UTC;209453158595381,00
2016-07-03 00:00:00 UTC;209453158595381,00
2016-07-04 00:00:00 UTC;213398925331324,00
2016-07-05 00:00:00 UTC;213398925331324,00
2016-07-06 00:00:00 UTC;213398925331324,00
2016-07-07 00:00:00 UTC;213398925331324,00
2016-07-08 00:00:00 UTC;213398925331324,00
2016-07-09 00:00:00 UTC;213398925331324,00
2016-07-10 00:00:00 UTC;213398925331324,00
2016-07-11 00:00:00 UTC;213398925331324,00
2016-07-12 00:00:00 UTC;213398925331324,00
2016-07-13 00:00:00 UTC;213398925331324,00
2016-07-14 00:00:00 UTC;213398925331324,00
2016-07-15 00:00:00 UTC;213398925331324,00
2016-07-16 00:00:00 UTC;213398925331324,00
2016-07-17 00:00:00 UTC;213398925331324,00
2016-07-18 00:00:00 UTC;213492501107513,00
2016-07-19 00:00:00 UTC;213492501107513,00
2016-07-20 00:00:00 UTC;213492501107513,00
2016-07-21 00:00:00 UTC;213492501107513,00
2016-07-22 00:00:00 UTC;213492501107513,00
2016-07-23 00:00:00 UTC;213492501107513,00
2016-07-24 00:00:00 UTC;213492501107513,00
2016-07-25 00:00:00 UTC;213492501107513,00
2016-07-26 00:00:00 UTC;213492501107513,00
2016-07-27 00:00:00 UTC;213492501107513,00
2016-07-28 00:00:00 UTC;213492501107513,00
2016-07-29 00:00:00 UTC;213492501107513,00
2016-07-30 00:00:00 UTC;213492501107513,00
2016-07-31 00:00:00 UTC;213492501107513,00
2016-08-01 00:00:00 UTC;213492501107513,00
2016-08-02 00:00:00 UTC;213492501107513,00
2016-08-03 00:00:00 UTC;201893210853059,00
2016-08-04 00:00:00 UTC;201893210853059,00
2016-08-05 00:00:00 UTC;201893210853059,00
2016-08-06 00:00:00 UTC;201893210853059,00
2016-08-07 00:00:00 UTC;201893210853059,00
2016-08-08 00:00:00 UTC;201893210853059,00
2016-08-09 00:00:00 UTC;201893210853059,00
2016-08-10 00:00:00 UTC;201893210853059,00
2016-08-11 00:00:00 UTC;201893210853059,00
2016-08-12 00:00:00 UTC;201893210853059,00
2016-08-13 00:00:00 UTC;201893210853059,00
2016-08-14 00:00:00 UTC;201893210853059,00
2016-08-15 00:00:00 UTC;217375482757238,00
2016-08-16 00:00:00 UTC;217375482757238,00
2016-08-17 00:00:00 UTC;217375482757238,00
2016-08-18 00:00:00 UTC;217375482757238,00
2016-08-19 00:00:00 UTC;217375482757238,00
2016-08-20 00:00:00 UTC;217375482757238,00
2016-08-21 00:00:00 UTC;217375482757238,00
2016-08-22 00:00:00 UTC;217375482757238,00
2016-08-23 00:00:00 UTC;217375482757238,00
2016-08-24 00:00:00 UTC;217375482757238,00
2016-08-25 00:00:00 UTC;217375482757238,00
2016-08-26 00:00:00 UTC;217375482757238,00
2016-08-27 00:00:00 UTC;217375482757238,00
2016-08-28 00:00:00 UTC;217375482757238,00
2016-08-29 00:00:00 UTC;220755908330372,00
2016-08-30 00:00:00 UTC;220755908330372,00
2016-08-31 00:00:00 UTC;220755908330372,00
2016-09-01 00:00:00 UTC;220755908330372,00
2016-09-02 00:00:00 UTC;220755908330372,00
2016-09-03 00:00:00 UTC;220755908330372,00
2016-09-04 00:00:00 UTC;220755908330372,00
2016-09-05 00:00:00 UTC;220755908330372,00
2016-09-06 00:00:00 UTC;220755908330372,00
2016-09-07 00:00:00 UTC;220755908330372,00
2016-09-08 00:00:00 UTC;220755908330372,00
2016-09-09 00:00:00 UTC;220755908330372,00
2016-09-10 00:00:00 UTC;220755908330372,00
2016-09-11 00:00:00 UTC;220755908330372,00
2016-09-12 00:00:00 UTC;225832872179.46
2016-09-13 00:00:00 UTC;225832872179.46
2016-09-14 00:00:00 UTC;225832872179.46
2016-09-15 00:00:00 UTC;225832872179.46
2016-09-16 00:00:00 UTC;225832872179.46
2016-09-17 00:00:00 UTC;225832872179.46
2016-09-18 00:00:00 UTC;225832872179.46
2016-09-19 00:00:00 UTC;225832872179.46
2016-09-20 00:00:00 UTC;225832872179.46
2016-09-21 00:00:00 UTC;225832872179.46
2016-09-22 00:00:00 UTC;225832872179.46
2016-09-23 00:00:00 UTC;225832872179.46
2016-09-24 00:00:00 UTC;225832872179.46
2016-09-25 00:00:00 UTC;241227200229991,00
2016-09-26 00:00:00 UTC;241227200229991,00
2016-09-27 00:00:00 UTC;241227200229991,00
2016-09-28 00:00:00 UTC;241227200229991,00
2016-09-29 00:00:00 UTC;241227200229991,00
2016-09-30 00:00:00 UTC;241227200229991,00
2016-10-01 00:00:00 UTC;241227200229991,00
2016-10-02 00:00:00 UTC;241227200229991,00
2016-10-03 00:00:00 UTC;241227200229991,00
2016-10-04 00:00:00 UTC;241227200229991,00
2016-10-05 00:00:00 UTC;241227200229991,00
2016-10-06 00:00:00 UTC;241227200229991,00
2016-10-07 00:00:00 UTC;241227200229991,00
2016-10-08 00:00:00 UTC;258522748404515,00
2016-10-09 00:00:00 UTC;258522748404515,00
2016-10-10 00:00:00 UTC;258522748404515,00
2016-10-11 00:00:00 UTC;258522748404515,00
2016-10-12 00:00:00 UTC;258522748404515,00
2016-10-13 00:00:00 UTC;258522748404515,00
2016-10-14 00:00:00 UTC;258522748404515,00
2016-10-15 00:00:00 UTC;258522748404515,00
2016-10-16 00:00:00 UTC;258522748404515,00
2016-10-17 00:00:00 UTC;258522748404515,00
2016-10-18 00:00:00 UTC;258522748404515,00
2016-10-19 00:00:00 UTC;258522748404515,00
2016-10-20 00:00:00 UTC;258522748404515,00
2016-10-21 00:00:00 UTC;258522748404515,00
2016-10-22 00:00:00 UTC;258522748404515,00
2016-10-23 00:00:00 UTC;253618246641.49
2016-10-24 00:00:00 UTC;253618246641.49
2016-10-25 00:00:00 UTC;253618246641.49
2016-10-26 00:00:00 UTC;253618246641.49
2016-10-27 00:00:00 UTC;253618246641.49
2016-10-28 00:00:00 UTC;253618246641.49
2016-10-29 00:00:00 UTC;253618246641.49
2016-10-30 00:00:00 UTC;253618246641.49
2016-10-31 00:00:00 UTC;253618246641.49
2016-11-01 00:00:00 UTC;253618246641.49
2016-11-02 00:00:00 UTC;253618246641.49
2016-11-03 00:00:00 UTC;253618246641.49
2016-11-04 00:00:00 UTC;253618246641.49
2016-11-05 00:00:00 UTC;254620187304061,00
2016-11-06 00:00:00 UTC;254620187304061,00
2016-11-07 00:00:00 UTC;254620187304061,00
2016-11-08 00:00:00 UTC;254620187304061,00
2016-11-09 00:00:00 UTC;254620187304061,00
2016-11-10 00:00:00 UTC;254620187304061,00
2016-11-11 00:00:00 UTC;254620187304061,00
2016-11-12 00:00:00 UTC;254620187304061,00
2016-11-13 00:00:00 UTC;254620187304061,00
2016-11-14 00:00:00 UTC;254620187304061,00
2016-11-15 00:00:00 UTC;254620187304061,00
2016-11-16 00:00:00 UTC;254620187304061,00
2016-11-17 00:00:00 UTC;254620187304061,00
2016-11-18 00:00:00 UTC;281800917193196,00
2016-11-19 00:00:00 UTC;281800917193196,00
2016-11-20 00:00:00 UTC;281800917193196,00
2016-11-21 00:00:00 UTC;281800917193196,00
2016-11-22 00:00:00 UTC;281800917193196,00
2016-11-23 00:00:00 UTC;281800917193196,00
2016-11-24 00:00:00 UTC;281800917193196,00
2016-11-25 00:00:00 UTC;281800917193196,00
2016-11-26 00:00:00 UTC;281800917193196,00
2016-11-27 00:00:00 UTC;281800917193196,00
2016-11-28 00:00:00 UTC;281800917193196,00
2016-11-29 00:00:00 UTC;281800917193196,00
2016-11-30 00:00:00 UTC;281800917193196,00
2016-12-01 00:00:00 UTC;281800917193196,00
2016-12-02 00:00:00 UTC;286765766820.55
2016-12-03 00:00:00 UTC;286765766820.55
2016-12-04 00:00:00 UTC;286765766820.55
2016-12-05 00:00:00 UTC;286765766820.55
2016-12-06 00:00:00 UTC;286765766820.55
2016-12-07 00:00:00 UTC;286765766820.55
2016-12-08 00:00:00 UTC;286765766820.55
2016-12-09 00:00:00 UTC;286765766820.55
2016-12-10 00:00:00 UTC;286765766820.55
2016-12-11 00:00:00 UTC;286765766820.55
2016-12-12 00:00:00 UTC;286765766820.55
2016-12-13 00:00:00 UTC;286765766820.55
2016-12-14 00:00:00 UTC;286765766820.55
2016-12-15 00:00:00 UTC;310153855703433,00
2016-12-16 00:00:00 UTC;310153855703433,00
2016-12-17 00:00:00 UTC;310153855703433,00
2016-12-18 00:00:00 UTC;310153855703433,00
2016-12-19 00:00:00 UTC;310153855703433,00
2016-12-20 00:00:00 UTC;310153855703433,00
2016-12-21 00:00:00 UTC;310153855703433,00
2016-12-22 00:00:00 UTC;310153855703433,00
2016-12-23 00:00:00 UTC;310153855703433,00
2016-12-24 00:00:00 UTC;310153855703433,00
2016-12-25 00:00:00 UTC;310153855703433,00
2016-12-26 00:00:00 UTC;310153855703433,00
2016-12-27 00:00:00 UTC;310153855703433,00
2016-12-28 00:00:00 UTC;317688400354034,00
2016-12-29 00:00:00 UTC;317688400354034,00
2016-12-30 00:00:00 UTC;317688400354034,00
2016-12-31 00:00:00 UTC;317688400354034,00
2017-01-01 00:00:00 UTC;317688400354034,00
2017-01-02 00:00:00 UTC;317688400354034,00
2017-01-03 00:00:00 UTC;317688400354034,00
2017-01-04 00:00:00 UTC;317688400354034,00
2017-01-05 00:00:00 UTC;317688400354034,00
2017-01-06 00:00:00 UTC;317688400354034,00
2017-01-07 00:00:00 UTC;317688400354034,00
2017-01-08 00:00:00 UTC;317688400354034,00
2017-01-09 00:00:00 UTC;317688400354034,00
2017-01-10 00:00:00 UTC;336899932795808,00
2017-01-11 00:00:00 UTC;336899932795808,00
2017-01-12 00:00:00 UTC;336899932795808,00
2017-01-13 00:00:00 UTC;336899932795808,00
2017-01-14 00:00:00 UTC;336899932795808,00
2017-01-15 00:00:00 UTC;336899932795808,00
2017-01-16 00:00:00 UTC;336899932795808,00
2017-01-17 00:00:00 UTC;336899932795808,00
2017-01-18 00:00:00 UTC;336899932795808,00
2017-01-19 00:00:00 UTC;336899932795808,00
2017-01-20 00:00:00 UTC;336899932795808,00
2017-01-21 00:00:00 UTC;336899932795808,00
2017-01-22 00:00:00 UTC;392963262344.37
2017-01-23 00:00:00 UTC;392963262344.37
2017-01-24 00:00:00 UTC;392963262344.37
2017-01-25 00:00:00 UTC;392963262344.37
2017-01-26 00:00:00 UTC;392963262344.37
2017-01-27 00:00:00 UTC;392963262344.37
2017-01-28 00:00:00 UTC;392963262344.37
2017-01-29 00:00:00 UTC;392963262344.37
2017-01-30 00:00:00 UTC;392963262344.37
2017-01-31 00:00:00 UTC;392963262344.37
2017-02-01 00:00:00 UTC;392963262344.37
2017-02-02 00:00:00 UTC;392963262344.37
2017-02-03 00:00:00 UTC;392963262344.37
2017-02-04 00:00:00 UTC;422170566883837,00
2017-02-05 00:00:00 UTC;422170566883837,00
2017-02-06 00:00:00 UTC;422170566883837,00
2017-02-07 00:00:00 UTC;422170566883837,00
2017-02-08 00:00:00 UTC;422170566883837,00
2017-02-09 00:00:00 UTC;422170566883837,00
2017-02-10 00:00:00 UTC;422170566883837,00
2017-02-11 00:00:00 UTC;422170566883837,00
2017-02-12 00:00:00 UTC;422170566883837,00
2017-02-13 00:00:00 UTC;422170566883837,00
2017-02-14 00:00:00 UTC;422170566883837,00
2017-02-15 00:00:00 UTC;422170566883837,00
2017-02-16 00:00:00 UTC;422170566883837,00
2017-02-17 00:00:00 UTC;422170566883837,00
2017-02-18 00:00:00 UTC;440779902286589,00
2017-02-19 00:00:00 UTC;440779902286589,00
2017-02-20 00:00:00 UTC;440779902286589,00
2017-02-21 00:00:00 UTC;440779902286589,00
2017-02-22 00:00:00 UTC;440779902286589,00
2017-02-23 00:00:00 UTC;440779902286589,00
2017-02-24 00:00:00 UTC;440779902286589,00
2017-02-25 00:00:00 UTC;440779902286589,00
2017-02-26 00:00:00 UTC;440779902286589,00
2017-02-27 00:00:00 UTC;440779902286589,00
2017-02-28 00:00:00 UTC;440779902286589,00
2017-03-01 00:00:00 UTC;440779902286589,00
2017-03-02 00:00:00 UTC;440779902286589,00
2017-03-03 00:00:00 UTC;460769358090714,00
2017-03-04 00:00:00 UTC;460769358090714,00
2017-03-05 00:00:00 UTC;460769358090714,00
2017-03-06 00:00:00 UTC;460769358090714,00
2017-03-07 00:00:00 UTC;460769358090714,00
2017-03-08 00:00:00 UTC;460769358090714,00
2017-03-09 00:00:00 UTC;460769358090714,00
2017-03-10 00:00:00 UTC;460769358090714,00
2017-03-11 00:00:00 UTC;460769358090714,00
2017-03-12 00:00:00 UTC;460769358090714,00
2017-03-13 00:00:00 UTC;460769358090714,00
2017-03-14 00:00:00 UTC;460769358090714,00
2017-03-15 00:00:00 UTC;460769358090714,00
2017-03-16 00:00:00 UTC;460769358090714,00
2017-03-17 00:00:00 UTC;475705205061629,00
2017-03-18 00:00:00 UTC;475705205061629,00
2017-03-19 00:00:00 UTC;475705205061629,00
2017-03-20 00:00:00 UTC;475705205061629,00
2017-03-21 00:00:00 UTC;475705205061629,00
2017-03-22 00:00:00 UTC;475705205061629,00
2017-03-23 00:00:00 UTC;475705205061629,00
2017-03-24 00:00:00 UTC;475705205061629,00
2017-03-25 00:00:00 UTC;475705205061629,00
2017-03-26 00:00:00 UTC;475705205061629,00
2017-03-27 00:00:00 UTC;475705205061629,00
2017-03-28 00:00:00 UTC;475705205061629,00
2017-03-29 00:00:00 UTC;475705205061629,00
2017-03-30 00:00:00 UTC;499635929816668,00
2017-03-31 00:00:00 UTC;499635929816668,00
2017-04-01 00:00:00 UTC;499635929816668,00
2017-04-02 00:00:00 UTC;499635929816668,00
2017-04-03 00:00:00 UTC;499635929816668,00
2017-04-04 00:00:00 UTC;499635929816668,00
2017-04-05 00:00:00 UTC;499635929816668,00
2017-04-06 00:00:00 UTC;499635929816668,00
2017-04-07 00:00:00 UTC;499635929816668,00
2017-04-08 00:00:00 UTC;499635929816668,00
2017-04-09 00:00:00 UTC;499635929816668,00
2017-04-10 00:00:00 UTC;499635929816668,00
2017-04-11 00:00:00 UTC;499635929816668,00
2017-04-12 00:00:00 UTC;499635929816668,00
2017-04-13 00:00:00 UTC;520808749422.14
2017-04-14 00:00:00 UTC;520808749422.14
2017-04-15 00:00:00 UTC;520808749422.14
2017-04-16 00:00:00 UTC;520808749422.14
2017-04-17 00:00:00 UTC;520808749422.14
2017-04-18 00:00:00 UTC;520808749422.14
2017-04-19 00:00:00 UTC;520808749422.14
2017-04-20 00:00:00 UTC;520808749422.14
2017-04-21 00:00:00 UTC;520808749422.14
2017-04-22 00:00:00 UTC;520808749422.14
2017-04-23 00:00:00 UTC;520808749422.14
2017-04-24 00:00:00 UTC;520808749422.14
2017-04-25 00:00:00 UTC;520808749422.14
2017-04-26 00:00:00 UTC;520808749422.14
2017-04-27 00:00:00 UTC;521974519553628,00
2017-04-28 00:00:00 UTC;521974519553628,00
2017-04-29 00:00:00 UTC;521974519553628,00
2017-04-30 00:00:00 UTC;521974519553628,00
2017-05-01 00:00:00 UTC;521974519553628,00
2017-05-02 00:00:00 UTC;521974519553628,00
2017-05-03 00:00:00 UTC;521974519553628,00
2017-05-04 00:00:00 UTC;521974519553628,00
2017-05-05 00:00:00 UTC;521974519553628,00
2017-05-06 00:00:00 UTC;521974519553628,00
2017-05-07 00:00:00 UTC;521974519553628,00
2017-05-08 00:00:00 UTC;521974519553628,00
2017-05-09 00:00:00 UTC;521974519553628,00
2017-05-10 00:00:00 UTC;559970892890838,00
2017-05-11 00:00:00 UTC;559970892890838,00
2017-05-12 00:00:00 UTC;559970892890838,00
2017-05-13 00:00:00 UTC;559970892890838,00
2017-05-14 00:00:00 UTC;559970892890838,00
2017-05-15 00:00:00 UTC;559970892890838,00
2017-05-16 00:00:00 UTC;559970892890838,00
2017-05-17 00:00:00 UTC;559970892890838,00
2017-05-18 00:00:00 UTC;559970892890838,00
2017-05-19 00:00:00 UTC;559970892890838,00
2017-05-20 00:00:00 UTC;559970892890838,00
2017-05-21 00:00:00 UTC;559970892890838,00
2017-05-22 00:00:00 UTC;559970892890838,00
2017-05-23 00:00:00 UTC;595921917085416,00
2017-05-24 00:00:00 UTC;595921917085416,00
2017-05-25 00:00:00 UTC;595921917085416,00
2017-05-26 00:00:00 UTC;595921917085416,00
2017-05-27 00:00:00 UTC;595921917085416,00
2017-05-28 00:00:00 UTC;595921917085416,00
2017-05-29 00:00:00 UTC;595921917085416,00
2017-05-30 00:00:00 UTC;595921917085416,00
2017-05-31 00:00:00 UTC;595921917085416,00
2017-06-01 00:00:00 UTC;595921917085416,00
2017-06-02 00:00:00 UTC;595921917085416,00
2017-06-03 00:00:00 UTC;595921917085416,00
2017-06-04 00:00:00 UTC;678760110082.99
2017-06-05 00:00:00 UTC;678760110082.99
2017-06-06 00:00:00 UTC;678760110082.99
2017-06-07 00:00:00 UTC;678760110082.99
2017-06-08 00:00:00 UTC;678760110082.99
2017-06-09 00:00:00 UTC;678760110082.99
2017-06-10 00:00:00 UTC;678760110082.99
2017-06-11 00:00:00 UTC;678760110082.99
2017-06-12 00:00:00 UTC;678760110082.99
2017-06-13 00:00:00 UTC;678760110082.99
2017-06-14 00:00:00 UTC;678760110082.99
2017-06-15 00:00:00 UTC;678760110082.99
2017-06-16 00:00:00 UTC;678760110082.99
2017-06-17 00:00:00 UTC;711697198173757,00
2017-06-18 00:00:00 UTC;711697198173757,00
2017-06-19 00:00:00 UTC;711697198173757,00
2017-06-20 00:00:00 UTC;711697198173757,00
2017-06-21 00:00:00 UTC;711697198173757,00
2017-06-22 00:00:00 UTC;711697198173757,00
2017-06-23 00:00:00 UTC;711697198173757,00
2017-06-24 00:00:00 UTC;711697198173757,00
2017-06-25 00:00:00 UTC;711697198173757,00
2017-06-26 00:00:00 UTC;711697198173757,00
2017-06-27 00:00:00 UTC;711697198173757,00
2017-06-28 00:00:00 UTC;711697198173757,00
2017-06-29 00:00:00 UTC;711697198173757,00
2017-06-30 00:00:00 UTC;711697198173757,00
2017-07-01 00:00:00 UTC;711697198173757,00
2017-07-02 00:00:00 UTC;711697198173757,00
2017-07-03 00:00:00 UTC;708659466230332,00
2017-07-04 00:00:00 UTC;708659466230332,00
2017-07-05 00:00:00 UTC;708659466230332,00
2017-07-06 00:00:00 UTC;708659466230332,00
2017-07-07 00:00:00 UTC;708659466230332,00
2017-07-08 00:00:00 UTC;708659466230332,00
2017-07-09 00:00:00 UTC;708659466230332,00
2017-07-10 00:00:00 UTC;708659466230332,00
2017-07-11 00:00:00 UTC;708659466230332,00
2017-07-12 00:00:00 UTC;708659466230332,00
2017-07-13 00:00:00 UTC;708659466230332,00
2017-07-14 00:00:00 UTC;804525194568132,00
2017-07-15 00:00:00 UTC;804525194568132,00
2017-07-16 00:00:00 UTC;804525194568132,00
2017-07-17 00:00:00 UTC;804525194568132,00
2017-07-18 00:00:00 UTC;804525194568132,00
2017-07-19 00:00:00 UTC;804525194568132,00
2017-07-20 00:00:00 UTC;804525194568132,00
2017-07-21 00:00:00 UTC;804525194568132,00
2017-07-22 00:00:00 UTC;804525194568132,00
2017-07-23 00:00:00 UTC;804525194568132,00
2017-07-24 00:00:00 UTC;804525194568132,00
2017-07-25 00:00:00 UTC;804525194568132,00
2017-07-26 00:00:00 UTC;804525194568132,00
2017-07-27 00:00:00 UTC;860221984436222,00
2017-07-28 00:00:00 UTC;860221984436222,00
2017-07-29 00:00:00 UTC;860221984436222,00
2017-07-30 00:00:00 UTC;860221984436222,00
2017-07-31 00:00:00 UTC;860221984436222,00
2017-08-01 00:00:00 UTC;860221984436222,00
2017-08-02 00:00:00 UTC;860221984436222,00
2017-08-03 00:00:00 UTC;860221984436222,00
2017-08-04 00:00:00 UTC;860221984436222,00
2017-08-05 00:00:00 UTC;860221984436222,00
2017-08-06 00:00:00 UTC;860221984436222,00
2017-08-07 00:00:00 UTC;860221984436222,00
2017-08-08 00:00:00 UTC;860221984436222,00
2017-08-09 00:00:00 UTC;923233068448905,00
2017-08-10 00:00:00 UTC;923233068448905,00
2017-08-11 00:00:00 UTC;923233068448905,00
2017-08-12 00:00:00 UTC;923233068448905,00
2017-08-13 00:00:00 UTC;923233068448905,00
2017-08-14 00:00:00 UTC;923233068448905,00
2017-08-15 00:00:00 UTC;923233068448905,00
2017-08-16 00:00:00 UTC;923233068448905,00
2017-08-17 00:00:00 UTC;923233068448905,00
2017-08-18 00:00:00 UTC;923233068448905,00
2017-08-19 00:00:00 UTC;923233068448905,00
2017-08-20 00:00:00 UTC;923233068448905,00
2017-08-21 00:00:00 UTC;923233068448905,00
2017-08-22 00:00:00 UTC;923233068448905,00
2017-08-23 00:00:00 UTC;923233068448905,00
2017-08-24 00:00:00 UTC;923233068448905,00
2017-08-25 00:00:00 UTC;888171856257321,00
2017-08-26 00:00:00 UTC;888171856257321,00
2017-08-27 00:00:00 UTC;888171856257321,00
2017-08-28 00:00:00 UTC;888171856257321,00
2017-08-29 00:00:00 UTC;888171856257321,00
2017-08-30 00:00:00 UTC;888171856257321,00
2017-08-31 00:00:00 UTC;888171856257321,00
2017-09-01 00:00:00 UTC;888171856257321,00
2017-09-02 00:00:00 UTC;888171856257321,00
2017-09-03 00:00:00 UTC;888171856257321,00
2017-09-04 00:00:00 UTC;888171856257321,00
2017-09-05 00:00:00 UTC;888171856257321,00
2017-09-06 00:00:00 UTC;922724699725963,00
2017-09-07 00:00:00 UTC;922724699725963,00
2017-09-08 00:00:00 UTC;922724699725963,00
2017-09-09 00:00:00 UTC;922724699725963,00
2017-09-10 00:00:00 UTC;922724699725963,00
2017-09-11 00:00:00 UTC;922724699725963,00
2017-09-12 00:00:00 UTC;922724699725963,00
2017-09-13 00:00:00 UTC;922724699725963,00
2017-09-14 00:00:00 UTC;922724699725963,00
2017-09-15 00:00:00 UTC;922724699725963,00
2017-09-16 00:00:00 UTC;922724699725963,00
2017-09-17 00:00:00 UTC;922724699725963,00
2017-09-18 00:00:00 UTC;1103400932964.29
2017-09-19 00:00:00 UTC;1103400932964.29
2017-09-20 00:00:00 UTC;1103400932964.29
2017-09-21 00:00:00 UTC;1103400932964.29
2017-09-22 00:00:00 UTC;1103400932964.29
2017-09-23 00:00:00 UTC;1103400932964.29
2017-09-24 00:00:00 UTC;1103400932964.29
2017-09-25 00:00:00 UTC;1103400932964.29
2017-09-26 00:00:00 UTC;1103400932964.29
2017-09-27 00:00:00 UTC;1103400932964.29
2017-09-28 00:00:00 UTC;1103400932964.29
2017-09-29 00:00:00 UTC;1103400932964.29
2017-09-30 00:00:00 UTC;1103400932964.29
2017-10-01 00:00:00 UTC;1103400932964.29
2017-10-02 00:00:00 UTC;1123863285132.97
2017-10-03 00:00:00 UTC;1123863285132.97
2017-10-04 00:00:00 UTC;1123863285132.97
2017-10-05 00:00:00 UTC;1123863285132.97
2017-10-06 00:00:00 UTC;1123863285132.97
2017-10-07 00:00:00 UTC;1123863285132.97
2017-10-08 00:00:00 UTC;1123863285132.97
2017-10-09 00:00:00 UTC;1123863285132.97
2017-10-10 00:00:00 UTC;1123863285132.97
2017-10-11 00:00:00 UTC;1123863285132.97
2017-10-12 00:00:00 UTC;1123863285132.97
2017-10-13 00:00:00 UTC;1123863285132.97
2017-10-14 00:00:00 UTC;1123863285132.97
2017-10-15 00:00:00 UTC;1196792694098.79
2017-10-16 00:00:00 UTC;1196792694098.79
2017-10-17 00:00:00 UTC;1196792694098.79
2017-10-18 00:00:00 UTC;1196792694098.79
2017-10-19 00:00:00 UTC;1196792694098.79
2017-10-20 00:00:00 UTC;1196792694098.79
2017-10-21 00:00:00 UTC;1196792694098.79
2017-10-22 00:00:00 UTC;1196792694098.79
2017-10-23 00:00:00 UTC;1196792694098.79
2017-10-24 00:00:00 UTC;1196792694098.79
2017-10-25 00:00:00 UTC;1196792694098.79
2017-10-26 00:00:00 UTC;1452839779145.92
2017-10-27 00:00:00 UTC;1452839779145.92
2017-10-28 00:00:00 UTC;1452839779145.92
2017-10-29 00:00:00 UTC;1452839779145.92
2017-10-30 00:00:00 UTC;1452839779145.92
2017-10-31 00:00:00 UTC;1452839779145.92
2017-11-01 00:00:00 UTC;1452839779145.92
2017-11-02 00:00:00 UTC;1452839779145.92
2017-11-03 00:00:00 UTC;1452839779145.92
2017-11-04 00:00:00 UTC;1452839779145.92
2017-11-05 00:00:00 UTC;1452839779145.92
